2
17
21
30
37
38
39
42
47
48
51
57
71
75
77
85
90
93
97
103
110
112
127
129
131
144
152
159
169
171
185
186
188
197
199
203
207
213
218
220
225
227
235
239
241
243
247
252
254
255
264
268
280
284
289
292
294
298
304
307
312
317
336
338
342
344
345
349
374
375
383
385
386
398
401
403
408
410
417
418
421
423
425
432
434
437
438
439
447
451
453
466
473
481
484
500
503
504
518
526
531
533
548
552
553
563
567
570
583
593
596
598
599
601
603
606
610
628
629
630
635
638
661
664
670
673
677
682
683
687
689
690
695
696
699
702
703
708
709
713
718
726
731
732
733
734
736
739
742
743
752
753
755
757
759
760
764
768
772
778
783
784
807
819
820
826
828
829
830
836
838
840
847
851
855
873
874
884
887
891
896
900
902
903
904
905
909
914
915
920
921
926
937
939
950
952
953
964
970
971
975
982
983
984
987
988
997
1001
1003
1010
1015
1033
1034
1035
1053
1057
1058
1061
1063
1071
1074
1080
1086
1087
1088
1090
1093
1096
1097
1105
1110
1114
1115
1119
1121
1122
1129
1131
1135
1142
1146
1152
1159
1162
1165
1188
1191
1193
1202
1210
1213
1215
1217
1222
1229
1234
1238
1240
1246
1249
1252
1257
1258
1259
1267
1269
1273
1275
1278
1281
1283
1286
1287
1293
1294
1296
1302
1308
1310
1324
1325
1326
1327
1332
1340
1344
1354
1360
1363
1371
1376
1382
1387
1399
1403
1413
1419
1420
1421
1422
1428
1431
1450
1468
1469
1471
1475
1492
1494
1500
1508
1509
1520
1521
1527
1536
1537
1542
1543
1545
1548
1549
1553
1557
1560
1565
1567
1571
1579
1580
1582
1588
1589
1590
1592
1599
1609
1611
1613
1615
1619
1620
1635
1650
1652
1677
1679
1683
1684
1685
1690
1691
1698
1708
1716
1720
1733
1737
1739
1740
1742
1743
1751
1757
1760
1770
1780
1790
1801
1804
1809
1813
1814
1823
1827
1831
1838
1844
1853
1858
1862
1864
1865
1866
1868
1869
1870
1876
1877
1878
1883
1887
1899
1904
1908
1912
1918
1925
1930
1943
1956
1958
1960
1961
1977
1979
1986
1990
1992
1998
1999
2022
2025
2026
2032
2037
2046
2048
2051
2053
2060
2063
2066
2068
2070
2090
2091
2098
2105
2111
2132
2139
2147
2152
2155
2166
2169
2179
2183
2188
2189
2190
2200
2202
2210
2216
2220
2226
2242
2245
2253
2256
2261
2267
2274
2277
2279
2284
2288
2310
2318
2323
2327
2331
2345
2356
2362
2366
2367
2377
2380
2387
2389
2393
2397
2400
2401
2406
2409
2415
2430
2436
2440
2442
2443
2446
2448
2451
2453
2456
2458
2459
2468
2474
2487
2489
2492
2494
2497
2508
2511
2516
2524
2544
2555
2559
2572
2574
2584
2587
2588
2590
2593
2597
2598
2604
2605
2609
2614
2616
2621
2627
2637
2639
2650
2656
2657
2658
2661
2671
2677
2678
2679
2683
2685
2695
2697
2701
2713
2725
2727
2728
2755
2760
2765
2767
2770
2772
2777
2790
2796
2798
2809
2820
2824
2825
2835
2837
2838
2861
2862
2863
2869
2877
2881
2886
2891
2892
2893
2900
2905
2910
2913
2929
2935
2937
2940
2942
2943
2950
2952
2955
2964
2965
2968
2980
2981
2986
2993
2997
3018
3020
3024
3027
3029
3031
3034
3049
3050
3052
3071
3077
3082
3085
3086
3093
3095
3098
3107
3113
3119
3131
3132
3136
3139
3140
3141
3162
3165
3169
3172
3183
3186
3187
3191
3197
3201
3203
3207
3208
3209
3220
3225
3232
3238
3241
3251
3258
3262
3263
3268
3271
3273
3286
3289
3290
3297
3303
3309
3312
3319
3333
3335
3337
3348
3351
3371
3378
3379
3382
3383
3385
3393
3399
3406
3413
3415
3417
3419
3432
3442
3446
3448
3450
3469
3478
3487
3495
3499
3505
3508
3517
3529
3533
3535
3536
3548
3550
3552
3555
3559
3561
3563
3567
3568
3570
3575
3579
3583
3588
3598
3605
3622
3624
3625
3636
3642
3647
3655
3657
3658
3662
3678
3680
3687
3692
3693
3700
3703
3711
3714
3722
3732
3733
3740
3741
3745
3746
3747
3761
3782
3783
3795
3797
3801
3804
3805
3809
3814
3823
3824
3830
3832
3837
3841
3843
3855
3860
3861
3863
3864
3872
3874
3878
3879
3887
3892
3896
3901
3903
3908
3909
3921
3924
3927
3931
3950
3952
3960
3961
3963
3968
3975
3996
4005
4008
4013
4018
4020
4024
4025
4030
4032
4034
4036
4038
4039
4044
4045
4056
4061
4072
4081
4084
4095
4099
4103
4106
4109
4113
4116
4119
4126
4127
4139
4142
4144
4145
4149
4151
4153
4156
4158
4173
4174
4175
4180
4191
4201
4222
4223
4234
4245
4249
4250
4253
4257
4266
4273
4277
4279
4282
4283
4285
4310
4319
4320
4322
4329
4330
4331
4338
4343
4346
4354
4358
4369
4371
4372
4373
4388
4390
4391
4401
4404
4408
4413
4416
4421
4429
4432
4434
4436
4439
4445
4457
4458
4467
4470
4482
4483
4486
4487
4494
4499
4505
4506
4511
4527
4529
4533
4539
4550
4551
4556
4557
4559
4561
4573
4575
4588
4590
4591
4597
4599
4603
4605
4609
4610
4613
4618
4623
4624
4634
4635
4637
4640
4642
4647
4660
4665
4666
4673
4679
4684
4686
4688
4696
4697
4700
4705
4709
4713
4715
4719
4724
4727
4728
4735
4742
4749
4758
4763
4769
4771
4773
4788
4792
4793
4798
4799
4817
4827
4834
4860
4869
4874
4875
4877
4878
4880
4883
4902
4904
4906
4912
4916
4923
4928
4935
4937
4938
4939
4944
4949
4952
4963
4967
4968
4969
4970
4980
4986
4992
4997
5012
5014
5024
5027
5029
5032
5038
5039
5045
5046
5053
5061
5062
5068
5069
5072
5095
5097
5103
5105
5112
5117
5122
5132
5137
5140
5144
5147
5152
5160
5163
5170
5179
5180
5182
5185
5188
5193
5197
5210
5218
5226
5227
5228
5232
5241
5243
5248
5250
5261
5264
5265
5267
5270
5275
5281
5282
5291
5296
5297
5307
5309
5312
5319
5323
5325
5327
5335
5342
5345
5347
5349
5352
5365
5368
5372
5373
5383
5386
5387
5394
5402
5416
5421
5429
5441
5445
5450
5454
5455
5456
5462
5475
5484
5506
5516
5519
5523
5525
5534
5550
5557
5565
5567
5576
5579
5582
5589
5592
5600
5601
5608
5609
5614
5638
5639
5654
5663
5664
5665
5700
5706
5710
5713
5714
5717
5732
5736
5737
5740
5752
5755
5756
5771
5772
5775
5777
5779
5780
5781
5793
5803
5811
5813
5816
5817
5824
5826
5835
5836
5842
5846
5869
5874
5880
5886
5887
5889
5890
5898
5899
5920
5921
5922
5930
5931
5933
5934
5936
5938
5941
5942
5943
5962
5965
5967
5969
5972
5973
5978
5979
5982
5987
5993
5994
5999
6021
6022
6030
6037
6038
6043
6044
6050
6058
6061
6063
6066
6070
6076
6085
6087
6099
6100
6103
6145
6147
6149
6153
6156
6157
6161
6162
6165
6177
6180
6184
6190
6194
6197
6209
6222
6232
6238
6245
6247
6250
6252
6254
6255
6264
6266
6274
6277
6278
6291
6292
6301
6305
6307
6315
6316
6317
6321
6322
6324
6327
6328
6338
6343
6348
6349
6350
6362
6366
6374
6375
6376
6377
6381
6382
6396
6398
6407
6412
6418
6421
6422
6426
6433
6435
6437
6439
6443
6444
6474
6477
6478
6485
6500
6507
6513
6520
6523
6543
6550
6555
6569
6574
6575
6580
6587
6593
6598
6599
6615
6617
6618
6625
6632
6640
6657
6661
6666
6668
6671
6672
6680
6682
6683
6688
6689
6694
6696
6699
6702
6707
6708
6710
6718
6727
6729
6730
6734
6743
6748
6750
6762
6763
6768
6769
6773
6780
6782
6783
6789
6794
6809
6818
6821
6825
6826
6844
6845
6846
6853
6854
6858
6872
6881
6888
6893
6900
6902
6905
6917
6922
6947
6955
6962
6967
6976
6981
6987
6990
6993
7001
7005
7008
7032
7036
7046
7059
7063
7065
7073
7081
7082
7091
7097
7103
7106
7107
7114
7115
7125
7126
7127
7130
7139
7150
7163
7166
7170
7180
7185
7186
7190
7191
7194
7195
7198
7204
7205
7209
7210
7211
7217
7226
7232
7240
7255
7256
7258
7259
7263
7274
7275
7299
7312
7313
7314
7328
7330
7339
7353
7364
7369
7371
7376
7381
7382
7387
7389
7393
7398
7408
7409
7412
7425
7431
7438
7440
7447
7450
7453
7470
7483
7485
7493
7496
7504
7506
7508
7515
7519
7529
7531
7534
7536
7562
7577
7591
7597
7613
7616
7620
7624
7626
7629
7630
7646
7648
7652
7655
7656
7658
7661
7665
7672
7679
7683
7688
7689
7690
7694
7698
7710
7716
7721
7729
7738
7739
7741
7756
7761
7769
7770
7777
7779
7783
7788
7796
7810
7814
7831
7832
7839
7845
7850
7853
7857
7865
7866
7870
7876
7877
7881
7889
7903
7906
7908
7910
7911
7915
7919
7920
7927
7928
7936
7938
7939
7940
7953
7972
7980
7981
7989
8009
8013
8015
8016
8025
8026
8029
8039
8043
8053
8055
8065
8070
8076
8091
8096
8101
8112
8126
8128
8131
8134
8136
8152
8153
8163
8165
8170
8173
8175
8178
8179
8180
8190
8192
8199
8204
8207
8208
8215
8219
8226
8229
8232
8235
8236
8241
8244
8258
8262
8264
8270
8272
8285
8286
8287
8288
8291
8292
8293
8303
8306
8307
8308
8314
8316
8320
8334
8336
8340
8349
8350
8360
8362
8366
8367
8372
8374
8381
8389
8392
8394
8397
8398
8404
8405
8406
8419
8424
8426
8431
8432
8433
8434
8442
8444
8447
8449
8454
8461
8462
8465
8472
8474
8475
8483
8488
8490
8500
8501
8503
8519
8521
8522
8534
8541
8546
8557
8558
8572
8577
8583
8586
8597
8605
8610
8629
8635
8642
8645
8657
8663
8667
8668
8673
8678
8685
8686
8690
8702
8703
8706
8708
8709
8731
8733
8736
8746
8747
8749
8750
8761
8773
8778
8781
8784
8796
8797
8802
8803
8811
8814
8825
8845
8847
8851
8853
8862
8865
8866
8867
8875
8877
8903
8912
8914
8917
8920
8924
8938
8943
8945
8955
8957
8959
8978
8982
8997
9006
9008
9010
9022
9028
9034
9035
9043
9045
9051
9058
9062
9071
9084
9089
9094
9114
9115
9121
9124
9126
9130
9140
9145
9146
9154
9155
9156
9159
9160
9171
9174
9175
9187
9189
9206
9209
9213
9214
9217
9218
9220
9251
9255
9260
9261
9267
9273
9274
9276
9297
9298
9305
9320
9330
9332
9335
9337
9340
9343
9357
9365
9367
9379
9380
9382
9388
9389
9391
9395
9399
9402
9418
9431
9434
9436
9437
9443
9446
9449
9451
9456
9462
9468
9470
9493
9500
9506
9508
9510
9514
9519
9523
9527
9528
9537
9538
9549
9555
9567
9574
9576
9592
9595
9598
9601
9616
9622
9626
9641
9643
9644
9648
9649
9659
9665
9670
9672
9673
9696
9700
9706
9710
9713
9731
9742
9747
9755
9756
9759
9762
9764
9771
9772
9774
9778
9783
9793
9803
9804
9808
9809
9811
9819
9830
9841
9843
9845
9847
9851
9857
9864
9865
9866
9869
9870
9874
9876
9883
9892
9898
9904
9906
9920
9926
9932
9937
9949
9951
9957
9971
9972
9977
9978
9979
9988
9996
10002
10022
10024
10028
10033
10035
10041
10043
10047
10055
10057
10059
10066
10068
10070
10077
10078
10090
10091
10103
10110
10111
10113
10119
10120
10121
10122
10126
10129
10132
10133
10144
10148
10152
10156
10165
10177
10183
10184
10188
10203
10208
10209
10226
10227
10236
10239
10246
10249
10253
10263
10264
10266
10274
10275
10279
10282
10284
10290
10292
10296
10297
10300
10307
10311
10315
10316
10325
10329
10330
10333
10335
10338
10339
10345
10352
10357
10360
10368
10370
10375
10377
10378
10379
10380
10383
10387
10399
10402
10406
10412
10413
10416
10419
10423
10432
10446
10447
10451
10459
10475
10487
10496
10498
10502
10503
10508
10516
10519
10521
10522
10523
10526
10527
10528
10536
10538
10543
10549
10554
10555
10560
10565
10575
10581
10618
10619
10625
10627
10633
10641
10649
10650
10662
10669
10675
10681
10682
10683
10684
10688
10690
10697
10702
10704
10707
10711
10715
10723
10727
10742
10746
10754
10755
10762
10763
10766
10776
10777
10782
10785
10789
10791
10792
10795
10804
10805
10807
10810
10825
10828
10839
10841
10843
10845
10854
10863
10864
10874
10876
10885
10893
10895
10901
10904
10905
10911
10918
10922
10925
10927
10940
10947
10953
10954
10958
10959
10961
10967
10973
10982
10993
10997
11011
11018
11021
11023
11024
11026
11028
11030
11034
11039
11047
11050
11057
11059
11067
11072
11073
11076
11078
11080
11081
11094
11097
11099
11102
11105
11107
11109
11112
11114
11121
11130
11132
11134
11138
11142
11145
11148
11155
11156
11178
11179
11188
11194
11195
11196
11198
11211
11218
11229
11234
11238
11241
11249
11250
11251
11254
11258
11259
11260
11262
11270
11274
11276
11279
11293
11295
11296
11297
11301
11304
11306
11307
11309
11313
11326
11327
11334
11343
11352
11359
11360
11362
11365
11366
11374
11381
11384
11385
11395
11396
11397
11400
11403
11405
11410
11413
11421
11428
11434
11443
11452
11453
11455
11456
11461
11464
11470
11474
11478
11481
11489
11491
11494
11496
11503
11505
11514
11517
11520
11522
11524
11528
11533
11534
11542
11544
11555
11558
11563
11570
11573
11574
11576
11584
11588
11590
11593
11602
11605
11625
11626
11630
11637
11638
11640
11643
11648
11650
11655
11661
11664
11666
11670
11672
11673
11680
11684
11685
11686
11695
11697
11702
11703
11710
11722
11725
11730
11732
11738
11741
11750
11756
11758
11766
11771
11778
11782
11783
11788
11789
11791
11793
11794
11796
11797
11800
11806
11813
11822
11834
11837
11838
11858
11861
11863
11866
11867
11869
11872
11882
11892
11902
11903
11904
11906
11916
11920
11923
11933
11943
11946
11951
11962
11966
11980
11981
11994
12002
12003
12004
12006
12008
12013
12016
12018
12023
12024
12032
12035
12038
12041
12045
12050
12061
12064
12075
12076
12086
12092
12099
12101
12106
12107
12109
12111
12122
12128
12131
12133
12134
12136
12137
12140
12143
12147
12152
12158
12159
12160
12163
12165
12168
12169
12179
12203
12207
12211
12213
12215
12217
12218
12225
12228
12229
12235
12241
12242
12253
12254
12261
12262
12263
12265
12270
12284
12291
12299
12301
12302
12306
12310
12311
12312
12322
12334
12338
12344
12346
12347
12348
12350
12357
12367
12375
12382
12384
12386
12389
12393
12398
12407
12411
12414
12415
12418
12419
12422
12423
12428
12429
12432
12435
12456
12470
12478
12479
12482
12483
12487
12504
12505
12507
12513
12515
12516
12518
12521
12532
12535
12544
12549
12551
12552
12554
12556
12566
12569
12572
12574
12580
12582
12588
12591
12597
12599
12607
12610
12626
12635
12637
12639
12643
12646
12656
12658
12659
12663
12664
12667
12669
12670
12672
12677
12682
12683
12695
12696
12700
12703
12714
12717
12720
12721
12724
12725
12732
12733
12737
12740
12743
12746
12752
12755
12758
12764
12766
12770
12773
12774
12784
12790
12794
12805
12808
12817
12822
12831
12851
12861
12865
12867
12868
12879
12880
12886
12888
12893
12896
12897
12907
12912
12922
12924
12925
12930
12934
12935
12936
12937
12940
12941
12944
12949
12952
12960
12962
12965
12968
12969
12970
12971
12978
12981
12992
13006
13009
13012
13013
13015
13016
13019
13021
13029
13033
13039
13040
13042
13048
13049
13054
13071
13073
13078
13079
13087
13092
13094
13097
13098
13100
13102
13103
13106
13111
13113
13115
13126
13128
13132
13138
13141
13142
13148
13150
13153
13159
13164
13170
13173
13174
13178
13182
13187
13194
13201
13205
13209
13211
13220
13227
13235
13237
13239
13240
13249
13258
13260
13268
13276
13281
13282
13294
13301
13306
13307
13310
13314
13319
13322
13331
13334
13338
13341
13344
13351
13352
13362
13372
13379
13382
13385
13386
13407
13411
13418
13420
13439
13442
13445
13455
13457
13461
13464
13470
13478
13489
13490
13494
13495
13502
13514
13524
13526
13538
13545
13546
13549
13550
13552
13561
13572
13585
13597
13611
13613
13614
13620
13621
13624
13637
13657
13669
13675
13690
13707
13709
13715
13728
13732
13738
13739
13748
13760
13765
13772
13775
13808
13813
13818
13820
13825
13829
13830
13832
13834
13838
13840
13848
13850
13852
13854
13856
13860
13867
13878
13882
13892
13893
13894
13899
13901
13904
13910
13913
13916
13917
13924
13926
13929
13932
13933
13943
13945
13949
13957
13966
13976
13986
13992
14000
14001
14008
14010
14011
14016
14017
14029
14030
14031
14034
14037
14041
14042
14044
14045
14051
14054
14059
14060
14065
14069
14073
14077
14080
14084
14086
14103
14106
14107
14109
14118
14123
14136
14139
14140
14143
14146
14160
14173
14175
14176
14177
14179
14181
14184
14188
14189
14190
14195
14200
14205
14209
14213
14215
14216
14218
14223
14230
14235
14237
14244
14245
14247
14248
14250
14251
14255
14263
14274
14284
14294
14296
14298
14304
14312
14313
14314
14317
14326
14328
14330
14338
14340
14352
14365
14367
14378
14382
14391
14393
14396
14401
14406
14412
14414
14417
14419
14423
14427
14430
14436
14446
14447
14452
14456
14469
14485
14492
14496
14509
14510
14512
14522
14533
14537
14551
14561
14562
14566
14572
14576
14599
14604
14606
14611
14616
14627
14631
14635
14637
14638
14639
14641
14647
14652
14670
14675
14682
14684
14686
14688
14696
14709
14717
14718
14724
14732
14743
14748
14752
14759
14765
14773
14775
14777
14781
14799
14805
14834
14837
14840
14841
14843
14847
14850
14855
14858
14867
14873
14876
14877
14879
14886
14894
14897
14901
14905
14919
14927
14931
14935
14937
14949
14950
14960
14972
14974
14976
14984
14995
14997
15003
15014
15016
15018
15021
15024
15026
15027
15039
15042
15045
15048
15059
15061
15069
15070
15072
15073
15077
15084
15101
15102
15107
15117
15125
15136
15137
15149
15150
15154
15156
15164
15172
15174
15176
15177
15178
15179
15185
15194
15201
15203
15205
15209
15211
15212
15213
15214
15216
15223
15230
15232
15233
15238
15239
15246
15250
15253
15254
15258
15259
15267
15269
15270
15271
15276
15280
15291
15300
15310
15312
15313
15326
15333
15341
15346
15352
15363
15369
15373
15384
15385
15387
15388
15393
15395
15400
15403
15414
15417
15419
15422
15434
15436
15441
15448
15451
15459
15462
15464
15469
15472
15479
15490
15494
15496
15503
15505
15507
15511
15533
15535
15538
15544
15545
15546
15547
15553
15554
15561
15568
15569
15584
15585
15591
15602
15603
15604
15605
15613
15617
15623
15627
15628
15629
15639
15641
15649
15652
15659
15663
15664
15678
15682
15683
15693
15694
15707
15716
15719
15720
15722
15723
15730
15735
15745
15756
15762
15765
15766
15772
15787
15790
15800
15807
15809
15810
15814
15826
15835
15860
15868
15869
15871
15874
15879
15880
15884
15885
15887
15895
15897
15898
15899
15900
15903
15909
15922
15932
15933
15934
15935
15942
15945
15946
15950
15957
15960
15968
15969
15974
15977
15978
15982
15986
15992
15993
15999
16003
16005
16006
16007
16015
16019
16028
16035
16037
16053
16054
16058
16074
16075
16081
16102
16105
16106
16107
16109
16110
16111
16113
16117
16118
16128
16150
16152
16161
16164
16165
16166
16186
16193
16196
16199
16206
16209
16210
16214
16221
16228
16231
16232
16243
16248
16258
16261
16264
16266
16272
16275
16280
16285
16286
16292
16300
16301
16314
16319
16323
16326
16329
16331
16336
16340
16355
16358
16360
16361
16362
16366
16368
16370
16376
16379
16383
16391
16394
16404
16413
16420
16425
16428
16443
16449
16453
16455
16456
16467
16468
16487
16488
16498
16499
16514
16515
16518
16542
16544
16551
16558
16560
16561
16562
16563
16565
16571
16580
16591
16592
16595
16600
16601
16603
16608
16613
16614
16620
16621
16631
16644
16659
16660
16664
16672
16675
16681
16683
16684
16691
16699
16700
16703
16708
16712
16713
16714
16715
16729
16730
16735
16741
16742
16745
16749
16750
16751
16753
16761
16765
16772
16774
16779
16780
16786
16790
16794
16806
16814
16817
16818
16819
16827
16829
16831
16832
16835
16837
16839
16848
16855
16862
16863
16864
16867
16869
16880
16884
16891
16900
16906
16913
16921
16922
16923
16926
16929
16940
16946
16947
16950
16953
16963
16968
16977
16980
16984
16986
16987
16990
16991
16992
16999
17004
17015
17020
17023
17032
17036
17037
17045
17046
17047
17054
17056
17058
17062
17066
17070
17073
17075
17078
17080
17085
17087
17091
17097
17109
17112
17113
17116
17128
17131
17137
17138
17139
17141
17143
17145
17150
17165
17170
17184
17185
17186
17187
17193
17207
17209
17212
17238
17243
17244
17247
17251
17253
17261
17265
17267
17268
17270
17272
17276
17286
17293
17297
17299
17303
17305
17306
17315
17317
17321
17323
17328
17330
17331
17336
17339
17343
17348
17350
17362
17363
17366
17372
17374
17378
17388
17402
17404
17405
17409
17410
17413
17416
17447
17449
17450
17458
17467
17468
17476
17478
17481
17489
17490
17494
17495
17498
17499
17510
17513
17516
17518
17519
17520
17523
17532
17541
17544
17546
17557
17558
17561
17572
17573
17574
17577
17578
17579
17580
17585
17591
17595
17602
17608
17611
17622
17623
17624
17626
17632
17633
17634
17641
17643
17649
17650
17660
17661
17664
17673
17677
17682
17683
17684
17691
17692
17695
17701
17706
17708
17716
17719
17724
17725
17726
17727
17728
17729
17732
17742
17747
17750
17752
17755
17766
17782
17784
17788
17792
17794
17796
17798
17802
17807
17809
17814
17824
17825
17827
17828
17830
17836
17841
17842
17847
17849
17851
17853
17857
17858
17859
17860
17870
17882
17884
17889
17891
17897
17899
17903
17908
17911
17924
17925
17929
17937
17938
17940
17941
17945
17950
17954
17958
17967
17968
17971
17981
17984
17987
17990
17992
17993
17997
18005
18010
18016
18034
18044
18049
18051
18061
18062
18063
18064
18071
18072
18073
18075
18076
18078
18085
18088
18118
18119
18122
18126
18128
18132
18136
18147
18148
18149
18156
18163
18164
18167
18182
18201
18202
18203
18204
18206
18207
18213
18214
18215
18220
18223
18231
18235
18238
18243
18246
18247
18257
18258
18270
18274
18275
18276
18277
18285
18294
18295
18305
18309
18310
18314
18316
18322
18329
18353
18360
18374
18377
18380
18382
18388
18389
18392
18399
18402
18408
18411
18427
18434
18442
18445
18456
18471
18476
18479
18491
18500
18507
18515
18522
18525
18531
18532
18533
18537
18539
18547
18548
18552
18554
18559
18561
18563
18573
18575
18579
18591
18594
18608
18614
18616
18625
18627
18628
18631
18634
18637
18638
18648
18650
18657
18659
18668
18672
18676
18677
18684
18692
18693
18699
18703
18704
18714
18722
18731
18733
18736
18745
18756
18771
18790
18802
18806
18807
18812
18814
18817
18821
18823
18824
18831
18837
18851
18852
18860
18863
18864
18866
18871
18875
18879
18883
18891
18898
18899
18901
18902
18909
18911
18912
18923
18937
18939
18946
18956
18960
18963
18965
18979
18982
18983
18988
18993
18995
19008
19012
19014
19016
19019
19028
19029
19032
19038
19044
19045
19048
19052
19053
19058
19064
19066
19068
19070
19073
19075
19079
19080
19100
19102
19107
19109
19110
19111
19117
19119
19123
19125
19129
19136
19137
19138
19150
19151
19152
19153
19156
19160
19161
19164
19165
19171
19174
19186
19187
19190
19195
19196
19199
19204
19208
19218
19222
19224
19232
19233
19238
19258
19273
19274
19290
19294
19295
19297
19298
19299
19300
19301
19302
19309
19325
19330
19341
19356
19358
19361
19363
19369
19370
19376
19378
19390
19393
19399
19400
19412
19413
19416
19421
19425
19428
19431
19445
19451
19452
19455
19460
19469
19470
19473
19479
19480
19481
19482
19485
19486
19487
19492
19494
19497
19499
19501
19502
19503
19508
19515
19516
19519
19520
19521
19523
19525
19532
19538
19539
19540
19541
19545
19546
19549
19553
19557
19558
19559
19562
19564
19566
19567
19573
19575
19578
19581
19600
19602
19606
19607
19608
19618
19621
19626
19638
19640
19652
19653
19655
19656
19662
19673
19676
19678
19679
19680
19682
19692
19693
19695
19701
19704
19706
19708
19710
19720
19722
19728
19732
19733
19740
19743
19759
19761
19766
19774
19777
19778
19786
19789
19795
19797
19798
19805
19813
19816
19818
19822
19823
19824
19825
19827
19830
19836
19852
19861
19864
19868
19870
19874
19877
19884
19889
19903
19905
19911
19918
19930
19932
19940
19941
19945
19946
19950
19963
19980
19986
19992
19999
20002
20008
20017
20021
20027
20028
20031
20034
20037
20048
20050
20056
20058
20064
20066
20072
20075
20077
20083
20084
20094
20097
20105
20106
20109
20111
20114
20120
20121
20135
20138
20149
20153
20156
20162
20165
20172
20178
20179
20181
20185
20186
20192
20193
20195
20197
20201
20204
20209
20211
20215
20226
20228
20230
20234
20235
20248
20254
20257
20258
20266
20271
20272
20280
20287
20296
20297
20304
20310
20315
20323
20328
20334
20337
20338
20343
20345
20346
20362
20364
20384
20386
20410
20412
20413
20421
20424
20429
20449
20452
20454
20455
20458
20466
20470
20472
20473
20487
20488
20509
20510
20511
20517
20519
20521
20525
20529
20536
20541
20546
20549
20552
20555
20560
20565
20567
20571
20573
20584
20587
20589
20592
20597
20605
20606
20608
20610
20614
20616
20619
20624
20629
20635
20640
20643
20644
20649
20650
20651
20653
20654
20655
20680
20703
20705
20709
20710
20725
20733
20734
20735
20741
20747
20750
20776
20779
20792
20793
20798
20801
20810
20814
20816
20820
20823
20834
20835
20847
20848
20852
20853
20854
20860
20861
20864
20866
20871
20872
20881
20884
20885
20886
20890
20893
20898
20903
20905
20906
20908
20914
20925
20927
20940
20941
20948
20953
20958
20963
20964
20966
20970
20971
20980
20982
20987
20988
20989
20999
21005
21007
21011
21022
21029
21034
21036
21040
21042
21045
21046
21057
21067
21069
21070
21080
21083
21086
21089
21090
21091
21094
21098
21106
21111
21115
21118
21122
21123
21140
21143
21144
21147
21148
21154
21170
21178
21179
21182
21192
21194
21212
21214
21215
21218
21221
21222
21225
21227
21230
21235
21254
21255
21270
21274
21282
21287
21290
21293
21300
21303
21311
21320
21328
21343
21345
21348
21354
21357
21359
21363
21364
21366
21369
21371
21382
21384
21409
21410
21413
21414
21415
21427
21428
21433
21434
21435
21438
21446
21448
21449
21452
21455
21460
21465
21470
21472
21477
21480
21486
21495
21496
21499
21505
21511
21515
21516
21520
21525
21528
21539
21542
21550
21554
21555
21556
21557
21562
21573
21586
21589
21590
21592
21600
21605
21607
21609
21614
21619
21625
21630
21639
21647
21648
21649
21655
21657
21667
21673
21681
21693
21700
21702
21704
21707
21713
21718
21720
21742
21743
21752
21753
21755
21759
21763
21768
21776
21777
21784
21786
21797
21798
21804
21808
21821
21824
21839
21840
21845
21850
21862
21863
21866
21873
21877
21882
21884
21894
21898
21902
21907
21908
21911
21919
21920
21924
21933
21936
21941
21962
21965
21989
21992
21994
21998
21999
22002
22003
22008
22010
22014
22016
22034
22048
22065
22069
22078
22079
22089
22091
22103
22104
22106
22110
22112
22116
22117
22120
22125
22128
22130
22131
22135
22146
22149
22152
22156
22160
22163
22165
22167
22173
22179
22185
22186
22191
22198
22200
22203
22205
22210
22211
22214
22217
22223
22227
22230
22236
22242
22260
22262
22265
22266
22269
22274
22283
22284
22286
22292
22297
22304
22308
22313
22316
22319
22321
22323
22331
22333
22342
22350
22352
22357
22361
22362
22365
22367
22369
22402
22405
22411
22419
22423
22441
22452
22455
22457
22459
22463
22469
22470
22471
22472
22480
22481
22484
22486
22492
22496
22497
22519
22520
22527
22528
22533
22544
22545
22555
22559
22562
22564
22569
22574
22575
22577
22578
22585
22596
22603
22605
22611
22616
22623
22628
22629
22631
22634
22639
22641
22646
22652
22653
22660
22661
22663
22672
22675
22679
22680
22683
22690
22693
22698
22700
22704
22709
22710
22714
22715
22732
22735
22736
22750
22754
22755
22756
22767
22768
22772
22777
22778
22784
22799
22814
22815
22816
22827
22832
22833
22844
22845
22854
22855
22857
22859
22867
22872
22874
22884
22896
22897
22900
22904
22913
22916
22922
22929
22933
22939
22950
22952
22954
22960
22963
22966
22968
22974
22976
22977
22993
22997
22998
23000
23001
23010
23011
23029
23030
23032
23049
23058
23061
23073
23086
23096
23098
23099
23106
23114
23118
23119
23121
23123
23127
23137
23142
23146
23147
23152
23162
23164
23167
23175
23176
23182
23185
23192
23206
23211
23212
23217
23223
23224
23228
23241
23250
23251
23273
23276
23281
23282
23289
23290
23291
23297
23299
23301
23303
23304
23306
23308
23320
23322
23327
23339
23340
23346
23350
23351
23352
23354
23362
23377
23380
23387
23404
23412
23416
23422
23425
23428
23432
23439
23444
23447
23451
23452
23455
23460
23470
23480
23487
23490
23491
23496
23501
23505
23506
23509
23511
23512
23516
23520
23522
23530
23536
23546
23561
23564
23567
23569
23573
23585
23590
23596
23607
23609
23611
23619
23629
23633
23641
23647
23649
23651
23661
23666
23673
23676
23688
23693
23697
23701
23711
23712
23718
23719
23724
23729
23750
23756
23759
23760
23771
23779
23782
23798
23802
23803
23804
23810
23813
23815
23827
23837
23849
23850
23853
23858
23859
23860
23866
23870
23875
23876
23884
23887
23897
23900
23901
23906
23907
23921
23923
23938
23946
23949
23964
23981
23982
23988
23990
23997
24005
24006
24010
24012
24019
24024
24029
24030
24045
24048
24050
24055
24070
24094
24104
24111
24113
24115
24118
24134
24136
24137
24138
24139
24158
24163
24176
24180
24181
24183
24190
24194
24197
24201
24202
24204
24206
24220
24222
24224
24226
24228
24231
24239
24240
24242
24243
24245
24251
24256
24259
24265
24267
24269
24271
24278
24284
24289
24295
24299
24307
24308
24311
24319
24320
24323
24332
24338
24340
24347
24351
24355
24364
24373
24377
24382
24385
24387
24409
24416
24417
24425
24428
24431
24438
24452
24458
24468
24471
24474
24477
24480
24482
24491
24495
24498
24507
24509
24512
24515
24517
24525
24529
24531
24546
24552
24553
24559
24560
24561
24566
24570
24575
24578
24581
24582
24588
24589
24603
24618
24625
24628
24629
24651
24655
24660
24664
24666
24670
24676
24678
24679
24683
24685
24690
24701
24704
24705
24711
24712
24717
24721
24722
24725
24727
24730
24732
24736
24740
24745
24746
24752
24753
24758
24771
24772
24777
24780
24782
24784
24794
24802
24805
24808
24810
24811
24817
24824
24826
24846
24849
24852
24858
24866
24869
24875
24879
24882
24902
24909
24919
24930
24933
24939
24945
24947
24956
24959
24960
24964
24977
24990
24999
25008
25014
25021
25022
25026
25032
25034
25040
25050
25052
25055
25059
25064
25065
25072
25080
25082
25111
25112
25119
25124
25136
25138
25144
25148
25161
25162
25168
25176
25179
25180
25181
25192
25202
25203
25208
25218
25223
25224
25225
25232
25234
25236
25237
25240
25251
25260
25265
25266
25267
25269
25271
25286
25289
25295
25297
25298
25304
25306
25310
25311
25317
25327
25330
25338
25341
25345
25354
25365
25369
25371
25375
25376
25379
25380
25384
25385
25394
25397
25399
25404
25405
25413
25419
25421
25431
25435
25437
25441
25442
25444
25446
25447
25453
25456
25458
25462
25475
25477
25487
25501
25511
25512
25513
25514
25522
25526
25528
25537
25539
25541
25546
25552
25556
25559
25566
25567
25568
25573
25576
25577
25578
25582
25583
25585
25586
25589
25590
25592
25598
25607
25642
25646
25651
25662
25663
25670
25672
25674
25676
25687
25688
25689
25697
25698
25701
25710
25712
25713
25714
25716
25719
25734
25740
25756
25760
25767
25769
25775
25781
25783
25789
25794
25796
25800
25802
25804
25805
25806
25808
25810
25815
25819
25828
25833
25844
25845
25849
25850
25852
25854
25855
25858
25864
25865
25874
25878
25879
25882
25893
25900
25902
25903
25904
25913
25921
25923
25926
25929
25933
25938
25946
25949
25951
25963
25967
25972
25973
25977
25978
25980
25985
25991
25994
25997
26014
26020
26023
26031
26035
26036
26045
26046
26048
26055
26060
26062
26064
26067
26070
26072
26076
26077
26088
26090
26095
26097
26098
26107
26113
26132
26134
26151
26157
26176
26177
26180
26189
26190
26191
26195
26205
26210
26218
26226
26230
26234
26238
26240
26243
26248
26249
26254
26268
26272
26273
26275
26279
26287
26291
26296
26303
26305
26306
26313
26318
26321
26322
26324
26325
26328
26340
26342
26352
26356
26361
26372
26378
26386
26392
26393
26397
26398
26402
26407
26422
26428
26435
26439
26442
26445
26465
26466
26473
26476
26477
26480
26483
26506
26509
26511
26513
26516
26522
26528
26531
26542
26547
26548
26549
26555
26557
26558
26562
26568
26570
26579
26582
26586
26600
26602
26614
26615
26620
26630
26641
26643
26650
26658
26660
26668
26669
26676
26683
26689
26692
26701
26704
26706
26707
26709
26713
26718
26724
26726
26727
26733
26756
26760
26761
26765
26768
26772
26776
26782
26785
26786
26790
26795
26806
26813
26816
26822
26823
26824
26827
26829
26832
26837
26846
26850
26854
26862
26863
26866
26873
26886
26887
26892
26895
26898
26909
26914
26915
26923
26924
26927
26928
26931
26939
26944
26946
26959
26970
26974
26979
26987
27015
27021
27032
27034
27049
27053
27054
27059
27062
27063
27069
27072
27086
27089
27097
27105
27106
27110
27116
27120
27126
27128
27129
27144
27150
27152
27155
27158
27165
27173
27180
27196
27198
27201
27217
27223
27227
27247
27257
27266
27275
27279
27280
27281
27294
27307
27311
27318
27320
27324
27326
27335
27336
27339
27345
27347
27350
27355
27359
27360
27364
27366
27367
27369
27370
27371
27372
27375
27377
27380
27381
27385
27386
27389
27392
27394
27399
27413
27421
27429
27433
27446
27454
27460
27470
27472
27479
27497
27498
27499
27506
27518
27519
27521
27531
27540
27560
27569
27576
27580
27589
27590
27598
27602
27608
27609
27619
27623
27625
27628
27635
27637
27639
27650
27651
27655
27660
27667
27669
27671
27674
27681
27686
27699
27700
27703
27708
27709
27717
27733
27738
27739
27747
27755
27762
27773
27789
27790
27796
27798
27801
27819
27821
27825
27826
27831
27837
27845
27849
27854
27881
27888
27893
27894
27895
27896
27897
27904
27906
27909
27912
27922
27924
27928
27932
27934
27940
27943
27945
27953
27957
27963
27966
27969
27972
27979
27984
27987
27997
28003
28017
28018
28026
28027
28028
28037
28043
28047
28051
28055
28060
28069
28073
28074
28075
28078
28085
28088
28094
28096
28101
28111
28115
28118
28121
28129
28131
28139
28143
28149
28154
28156
28160
28166
28173
28177
28181
28185
28205
28206
28207
28208
28210
28217
28233
28235
28237
28239
28244
28247
28254
28256
28258
28262
28264
28265
28271
28285
28291
28292
28305
28310
28315
28316
28323
28325
28326
28340
28342
28352
28354
28361
28364
28366
28368
28374
28375
28377
28382
28392
28396
28397
28398
28401
28408
28411
28419
28420
28424
28438
28440
28442
28450
28453
28456
28467
28472
28478
28481
28482
28485
28490
28507
28511
28512
28516
28517
28518
28524
28528
28530
28531
28537
28546
28549
28551
28553
28558
28565
28587
28595
28600
28605
28606
28615
28622
28628
28631
28636
28638
28650
28658
28660
28662
28663
28666
28674
28675
28678
28681
28683
28684
28689
28691
28693
28700
28703
28705
28706
28710
28713
28715
28725
28729
28734
28737
28742
28743
28751
28753
28762
28764
28765
28767
28770
28777
28778
28784
28790
28793
28797
28801
28802
28804
28809
28811
28812
28813
28825
28827
28829
28835
28836
28843
28848
28852
28853
28860
28861
28863
28866
28869
28871
28878
28879
28881
28885
28886
28890
28896
28899
28900
28904
28910
28916
28918
28920
28951
28958
28961
28963
28965
28970
28974
28980
28992
28994
28996
28999
29007
29009
29011
29021
29024
29037
29039
29047
29049
29056
29060
29063
29065
29071
29073
29080
29089
29090
29092
29100
29110
29112
29118
29122
29123
29125
29126
29128
29131
29148
29153
29156
29171
29172
29176
29192
29193
29199
29204
29209
29210
29217
29218
29219
29229
29230
29233
29235
29241
29247
29249
29251
29266
29273
29281
29282
29284
29293
29300
29301
29302
29306
29312
29321
29322
29334
29340
29341
29347
29352
29355
29359
29365
29366
29371
29374
29379
29383
29387
29394
29395
29398
29402
29403
29422
29427
29428
29433
29435
29438
29445
29457
29472
29476
29485
29487
29488
29494
29497
29500
29504
29507
29508
29511
29513
29514
29522
29524
29530
29535
29536
29544
29546
29553
29563
29564
29565
29567
29568
29571
29580
29581
29586
29590
29591
29597
29598
29600
29601
29612
29618
29619
29625
29626
29631
29637
29638
29640
29644
29649
29651
29653
29655
29657
29669
29671
29673
29683
29684
29685
29686
29687
29696
29700
29702
29708
29715
29724
29725
29727
29729
29745
29746
29755
29757
29764
29776
29786
29790
29794
29795
29796
29799
29807
29816
29817
29831
29834
29835
29837
29838
29845
29847
29852
29854
29872
29881
29884
29892
29895
29901
29905
29908
29915
29918
29923
29925
29932
29933
29941
29944
29947
29950
29952
29955
29959
29961
29964
29965
29973
29985
30002
30019
30021
30022
30030
30033
30042
30050
30051
30052
30054
30058
30059
30077
30082
30084
30088
30089
30090
30106
30108
30117
30125
30130
30133
30139
30140
30141
30146
30149
30151
30157
30158
30173
30176
30183
30189
30190
30196
30204
30209
30212
30217
30234
30235
30245
30247
30250
30256
30257
30258
30262
30270
30276
30278
30292
30313
30316
30318
30325
30359
30367
30383
30389
30394
30400
30406
30407
30416
30418
30419
30420
30425
30436
30444
30459
30463
30470
30473
30478
30484
30494
30497
30504
30509
30518
30527
30534
30537
30538
30540
30549
30550
30556
30559
30566
30573
30576
30577
30584
30591
30593
30599
30601
30611
30616
30617
30618
30620
30621
30629
30631
30635
30636
30638
30643
30646
30647
30656
30661
30663
30665
30667
30669
30675
30676
30682
30684
30685
30691
30694
30702
30704
30705
30716
30719
30734
30737
30746
30753
30755
30776
30781
30786
30787
30794
30796
30797
30804
30806
30807
30811
30824
30826
30839
30846
30848
30854
30867
30868
30870
30871
30874
30875
30877
30882
30886
30894
30895
30897
30908
30909
30913
30915
30918
30934
30935
30953
30955
30961
30962
30970
30973
30976
30983
30996
31002
31003
31008
31010
31012
31021
31038
31040
31042
31043
31047
31049
31060
31073
31076
31077
31084
31094
31095
31100
31107
31109
31118
31121
31123
31135
31137
31138
31139
31141
31146
31162
31168
31176
31180
31181
31185
31186
31187
31189
31190
31191
31194
31196
31200
31206
31208
31210
31222
31224
31226
31228
31229
31233
31253
31267
31268
31275
31281
31282
31287
31294
31295
31298
31302
31304
31331
31339
31351
31356
31368
31369
31373
31376
31379
31388
31394
31400
31401
31407
31409
31412
31422
31427
31430
31435
31438
31444
31450
31455
31459
31481
31486
31502
31505
31509
31510
31511
31519
31539
31548
31549
31560
31562
31573
31579
31585
31589
31591
31592
31600
31608
31630
31632
31634
31637
31639
31642
31650
31651
31653
31655
31660
31663
31665
31667
31668
31670
31675
31685
31686
31687
31689
31705
31710
31726
31733
31743
31744
31754
31765
31767
31773
31781
31784
31786
31793
31797
31799
31821
31822
31825
31828
31833
31836
31839
31842
31843
31851
31856
31858
31862
31868
31875
31881
31885
31888
31891
31911
31917
31919
31927
31929
31940
31948
31952
31956
31959
31979
31991
32002
32003
32021
32023
32025
32030
32042
32044
32045
32047
32052
32059
32064
32067
32068
32069
32071
32099
32109
32112
32118
32124
32133
32136
32137
32138
32155
32156
32160
32171
32172
32177
32179
32189
32193
32197
32210
32213
32226
32238
32240
32241
32249
32254
32258
32269
32270
32271
32273
32275
32278
32291
32292
32293
32296
32300
32319
32323
32325
32334
32341
32354
32361
32369
32373
32378
32383
32390
32392
32400
32409
32411
32415
32419
32420
32425
32441
32443
32444
32446
32454
32468
32470
32471
32473
32480
32488
32489
32490
32493
32494
32501
32507
32517
32531
32537
32539
32540
32548
32554
32555
32556
32562
32569
32572
32573
32577
32578
32583
32584
32590
32595
32603
32610
32638
32640
32646
32647
32666
32679
32688
32706
32711
32713
32715
32716
32724
32732
32733
32734
32735
32740
32741
32744
32746
32751
32754
32755
32756
32761
32766
32767
32777
32794
32796
32799
32802
32805
32807
32808
32809
32810
32816
32819
32821
32822
32826
32837
32853
32856
32858
32859
32861
32867
32871
32877
32880
32882
32883
32891
32904
32909
32912
32920
32921
32922
32930
32947
32948
32952
32954
32958
32961
32962
32967
32968
32973
32980
32983
32994
33005
33016
33025
33030
33046
33050
33052
33057
33063
33073
33078
33080
33081
33087
33090
33092
33093
33095
33097
33099
33102
33104
33106
33110
33126
33127
33133
33135
33144
33155
33163
33164
33165
33169
33170
33173
33174
33175
33177
33178
33181
33196
33197
33198
33203
33207
33210
33215
33216
33222
33226
33227
33228
33231
33233
33240
33244
33254
33270
33274
33281
33291
33295
33298
33306
33312
33317
33319
33327
33329
33336
33345
33376
33390
33391
33393
33395
33404
33418
33421
33422
33426
33429
33433
33435
33442
33444
33447
33450
33478
33482
33483
33484
33487
33488
33490
33494
33496
33499
33503
33516
33519
33521
33524
33529
33534
33535
33539
33543
33546
33555
33556
33557
33558
33572
33575
33579
33583
33586
33595
33601
33607
33608
33617
33618
33622
33632
33635
33638
33641
33643
33645
33650
33652
33659
33663
33664
33669
33672
33674
33677
33683
33687
33691
33710
33717
33719
33724
33730
33738
33739
33742
33747
33758
33766
33773
33774
33786
33794
33801
33805
33806
33809
33825
33833
33834
33837
33841
33843
33844
33845
33847
33858
33861
33863
33865
33869
33874
33879
33885
33886
33903
33918
33921
33936
33940
33947
33948
33954
33956
33964
33968
33971
33978
33979
33983
33985
33988
33990
33992
34001
34015
34017
34019
34029
34030
34031
34032
34043
34046
34051
34053
34065
34070
34071
34082
34083
34085
34087
34090
34092
34098
34101
34105
34110
34115
34118
34122
34131
34133
34135
34136
34137
34138
34143
34167
34173
34176
34177
34181
34194
34195
34199
34203
34212
34213
34214
34221
34228
34236
34237
34246
34248
34249
34250
34252
34261
34262
34265
34269
34273
34274
34281
34283
34285
34288
34295
34303
34304
34308
34309
34312
34313
34319
34321
34323
34330
34338
34354
34355
34356
34357
34363
34376
34378
34384
34396
34407
34416
34425
34428
34435
34438
34439
34443
34450
34467
34473
34480
34490
34491
34494
34505
34506
34515
34516
34519
34520
34534
34535
34538
34545
34549
34553
34561
34565
34569
34576
34591
34592
34604
34610
34623
34625
34626
34637
34643
34647
34649
34650
34651
34662
34670
34671
34675
34681
34689
34700
34705
34710
34717
34727
34739
34740
34742
34744
34752
34753
34765
34769
34776
34780
34783
34804
34806
34812
34813
34818
34820
34829
34833
34838
34845
34850
34855
34857
34859
34865
34879
34887
34888
34889
34891
34895
34896
34902
34904
34905
34907
34911
34914
34916
34924
34931
34934
34943
34945
34951
34952
34955
34958
34960
34969
34986
34987
35000
35001
35008
35016
35017
35020
35029
35032
35037
35038
35043
35055
35071
35072
35084
35087
35091
35093
35102
35103
35117
35118
35121
35137
35139
35141
35143
35149
35163
35169
35170
35179
35186
35201
35203
35205
35212
35213
35219
35226
35228
35237
35242
35244
35249
35261
35262
35266
35273
35280
35285
35288
35305
35312
35313
35316
35318
35332
35339
35340
35342
35345
35352
35357
35361
35375
35378
35385
35386
35388
35391
35396
35398
35403
35412
35413
35414
35415
35422
35424
35425
35435
35437
35441
35448
35457
35460
35470
35473
35475
35476
35479
35499
35515
35517
35526
35527
35530
35532
35535
35537
35538
35544
35545
35550
35551
35559
35564
35568
35578
35586
35594
35595
35597
35603
35606
35612
35616
35620
35623
35627
35631
35638
35644
35647
35648
35649
35654
35658
35666
35676
35678
35691
35694
35698
35708
35709
35713
35721
35725
35726
35729
35734
35739
35740
35744
35746
35747
35748
35749
35754
35757
35760
35765
35768
35775
35776
35785
35799
35800
35801
35813
35814
35818
35823
35832
35840
35842
35846
35851
35854
35866
35880
35882
35884
35887
35894
35896
35901
35904
35907
35920
35927
35931
35941
35942
35944
35949
35951
35952
35953
35957
35959
35966
35967
35973
35975
35978
35992
35993
35994
35998
36002
36003
36004
36008
36022
36027
36040
36042
36051
36073
36075
36090
36096
36099
36101
36117
36119
36125
36132
36135
36137
36138
36144
36146
36149
36154
36155
36157
36166
36171
36175
36178
36180
36181
36183
36200
36201
36207
36223
36232
36235
36244
36254
36255
36257
36260
36261
36264
36269
36277
36286
36287
36288
36295
36296
36303
36306
36308
36313
36318
36322
36350
36355
36366
36373
36377
36382
36387
36388
36400
36405
36414
36416
36421
36424
36425
36426
36427
36432
36434
36436
36446
36458
36460
36466
36473
36475
36483
36498
36502
36503
36504
36505
36510
36514
36515
36527
36534
36546
36547
36550
36554
36558
36576
36581
36583
36584
36588
36592
36600
36601
36604
36605
36611
36612
36614
36617
36635
36636
36641
36643
36645
36648
36652
36657
36667
36668
36671
36674
36675
36686
36688
36689
36692
36696
36709
36717
36718
36727
36730
36735
36738
36745
36760
36763
36764
36770
36774
36782
36787
36789
36791
36794
36798
36800
36801
36810
36811
36815
36816
36830
36846
36851
36853
36856
36864
36877
36880
36882
36897
36904
36906
36907
36913
36917
36924
36927
36928
36932
36936
36946
36947
36951
36954
36966
36969
36970
36971
36976
36982
36991
36995
36997
37001
37005
37008
37009
37011
37014
37016
37017
37019
37026
37028
37031
37039
37045
37052
37054
37056
37062
37063
37071
37072
37077
37090
37093
37094
37110
37113
37122
37123
37127
37128
37129
37131
37137
37145
37146
37147
37149
37152
37154
37157
37161
37178
37203
37208
37211
37212
37214
37226
37227
37238
37241
37248
37257
37267
37272
37277
37286
37288
37293
37302
37308
37309
37315
37327
37332
37338
37339
37340
37355
37357
37361
37366
37368
37371
37374
37377
37380
37385
37396
37398
37400
37406
37408
37415
37421
37424
37425
37426
37436
37438
37441
37443
37444
37445
37446
37453
37454
37461
37467
37474
37475
37478
37490
37497
37508
37509
37511
37514
37523
37525
37529
37530
37535
37540
37549
37550
37555
37556
37570
37571
37598
37607
37615
37620
37624
37627
37632
37635
37639
37640
37647
37651
37652
37659
37663
37670
37684
37694
37701
37708
37717
37723
37731
37734
37737
37742
37748
37760
37762
37766
37777
37778
37785
37789
37793
37807
37815
37819
37821
37825
37828
37829
37836
37842
37844
37856
37859
37863
37867
37868
37876
37882
37883
37901
37912
37915
37924
37931
37940
37959
37961
37970
37979
37982
37983
37986
37994
37997
38006
38009
38014
38017
38023
38025
38026
38027
38030
38033
38036
38038
38047
38049
38050
38052
38055
38063
38088
38089
38090
38098
38099
38112
38118
38122
38125
38143
38153
38160
38162
38176
38178
38182
38187
38188
38190
38192
38194
38201
38204
38217
38220
38230
38232
38234
38239
38245
38247
38264
38265
38271
38274
38277
38279
38280
38282
38284
38287
38309
38311
38315
38317
38318
38320
38323
38325
38326
38330
38333
38334
38336
38342
38343
38347
38348
38361
38366
38371
38374
38384
38386
38394
38395
38402
38422
38428
38431
38435
38437
38439
38443
38449
38453
38455
38469
38472
38477
38490
38493
38494
38497
38500
38501
38504
38509
38512
38523
38532
38534
38535
38541
38542
38549
38552
38563
38565
38569
38574
38581
38582
38586
38588
38593
38597
38602
38605
38615
38617
38625
38626
38628
38637
38643
38647
38656
38664
38668
38669
38676
38678
38696
38703
38705
38708
38711
38713
38714
38715
38720
38721
38735
38738
38748
38749
38753
38759
38763
38764
38785
38787
38799
38802
38804
38807
38808
38819
38821
38825
38827
38828
38830
38831
38835
38841
38846
38853
38854
38857
38861
38870
38873
38880
38898
38901
38908
38924
38926
38927
38928
38941
38949
38951
38955
38967
38969
38972
38973
38976
38981
38982
38989
38992
38997
39006
39008
39009
39010
39011
39017
39029
39039
39046
39049
39058
39063
39066
39067
39069
39071
39072
39073
39081
39082
39104
39111
39112
39116
39133
39135
39139
39148
39152
39154
39167
39169
39176
39179
39192
39194
39201
39214
39223
39225
39235
39236
39240
39243
39244
39247
39252
39256
39272
39279
39296
39301
39308
39316
39319
39334
39336
39344
39350
39357
39364
39369
39377
39378
39389
39391
39392
39400
39402
39409
39412
39417
39428
39431
39432
39433
39443
39444
39448
39450
39451
39452
39455
39456
39468
39469
39471
39474
39481
39486
39490
39497
39501
39503
39505
39506
39516
39518
39519
39524
39525
39532
39534
39540
39550
39556
39558
39560
39561
39562
39565
39576
39583
39589
39590
39598
39605
39611
39614
39618
39635
39638
39653
39654
39660
39663
39665
39672
39678
39679
39681
39705
39709
39718
39721
39725
39740
39746
39764
39769
39775
39782
39783
39784
39786
39790
39793
39799
39803
39807
39809
39811
39821
39824
39827
39832
39835
39844
39848
39856
39864
39868
39870
39871
39872
39875
39877
39881
39887
39890
39893
39908
39910
39912
39920
39930
39933
39942
39947
39954
39957
39959
39962
39964
39968
39974
39984
39994
39995
40016
40017
40023
40031
40035
40043
40046
40049
40056
40058
40069
40070
40072
40075
40077
40088
40093
40104
40106
40109
40113
40115
40120
40126
40133
40139
40142
40144
40145
40148
40162
40165
40170
40172
40173
40174
40177
40178
40185
40186
40198
40199
40208
40209
40218
40219
40220
40221
40223
40225
40227
40229
40232
40233
40237
40239
40247
40249
40250
40254
40265
40269
40271
40272
40278
40279
40286
40293
40298
40300
40304
40311
40313
40315
40330
40331
40339
40347
40360
40368
40369
40370
40376
40381
40382
40383
40397
40398
40404
40406
40412
40426
40433
40439
40440
40448
40451
40452
40455
40456
40457
40462
40463
40466
40473
40477
40479
40482
40484
40485
40486
40495
40498
40505
40508
40509
40513
40515
40516
40517
40518
40520
40537
40539
40540
40545
40552
40554
40556
40561
40562
40563
40566
40568
40583
40584
40593
40620
40632
40635
40638
40646
40648
40653
40656
40661
40662
40669
40679
40684
40700
40707
40717
40718
40737
40739
40740
40748
40759
40760
40762
40768
40776
40782
40786
40787
40793
40801
40809
40811
40817
40823
40834
40836
40837
40840
40842
40851
40854
40856
40868
40872
40873
40876
40879
40880
40888
40892
40893
40898
40899
40903
40906
40916
40920
40929
40931
40932
40934
40935
40952
40953
40956
40959
40961
40962
40963
40964
40965
40966
40977
40979
40988
40992
40993
40996
40997
41001
41010
41017
41020
41032
41034
41043
41044
41047
41050
41052
41054
41064
41065
41066
41069
41075
41080
41088
41093
41094
41105
41112
41119
41132
41141
41148
41151
41152
41159
41169
41172
41182
41194
41203
41213
41226
41228
41240
41241
41243
41245
41251
41257
41258
41260
41265
41271
41273
41280
41286
41289
41293
41309
41313
41314
41322
41324
41330
41333
41334
41341
41346
41349
41354
41358
41362
41364
41366
41371
41376
41382
41395
41399
41414
41418
41425
41428
41442
41447
41448
41456
41458
41467
41472
41478
41482
41484
41488
41492
41495
41499
41500
41509
41512
41516
41517
41520
41521
41524
41525
41542
41547
41556
41559
41560
41567
41576
41579
41582
41590
41592
41599
41604
41619
41622
41623
41626
41630
41634
41644
41651
41653
41663
41665
41667
41670
41672
41679
41680
41682
41687
41688
41690
41696
41701
41702
41720
41721
41725
41728
41729
41732
41737
41739
41748
41757
41761
41766
41773
41783
41790
41792
41796
41801
41805
41808
41809
41818
41831
41839
41844
41849
41873
41881
41890
41891
41898
41901
41916
41931
41934
41936
41944
41948
41950
41954
41976
41978
41982
41986
41990
41992
41998
42001
42006
42009
42010
42017
42020
42021
42028
42029
42034
42042
42048
42054
42056
42058
42076
42095
42098
42101
42113
42121
42132
42135
42139
42141
42142
42156
42157
42158
42159
42178
42188
42197
42198
42202
42228
42234
42248
42251
42252
42254
42258
42266
42268
42272
42277
42279
42283
42291
42296
42299
42305
42316
42326
42341
42344
42356
42358
42380
42391
42397
42408
42420
42423
42433
42438
42441
42450
42465
42467
42475
42484
42488
42489
42493
42501
42502
42504
42506
42513
42518
42525
42532
42537
42542
42543
42545
42567
42571
42573
42582
42585
42586
42593
42595
42597
42602
42603
42604
42614
42627
42628
42655
42658
42659
42665
42671
42673
42674
42677
42680
42684
42685
42688
42697
42708
42709
42710
42713
42714
42717
42721
42724
42725
42734
42736
42739
42740
42741
42747
42754
42756
42759
42767
42768
42772
42776
42777
42778
42784
42790
42795
42798
42805
42808
42824
42825
42833
42836
42844
42846
42851
42854
42855
42858
42861
42864
42867
42872
42880
42881
42882
42888
42891
42892
42897
42905
42910
42923
42925
42926
42934
42937
42940
42943
42955
42961
42966
42968
42971
42975
42983
42989
42992
42995
43006
43014
43025
43029
43034
43038
43042
43043
43051
43053
43055
43061
43065
43066
43067
43070
43078
43090
43093
43100
43105
43112
43116
43117
43121
43122
43142
43143
43148
43150
43151
43167
43169
43173
43184
43190
43193
43195
43199
43200
43201
43221
43232
43242
43243
43247
43257
43264
43265
43268
43275
43290
43293
43295
43304
43315
43320
43326
43334
43337
43338
43339
43346
43349
43351
43356
43358
43361
43364
43378
43382
43393
43394
43397
43406
43410
43428
43430
43433
43440
43445
43446
43447
43448
43449
43450
43460
43464
43470
43477
43481
43488
43506
43508
43511
43522
43527
43528
43542
43545
43547
43549
43563
43566
43568
43576
43600
43606
43624
43628
43632
43633
43635
43636
43648
43674
43682
43685
43690
43694
43695
43696
43698
43699
43709
43710
43711
43719
43722
43728
43731
43733
43740
43745
43747
43756
43759
43761
43773
43790
43793
43795
43796
43797
43799
43800
43803
43806
43807
43832
43835
43852
43872
43878
43879
43891
43898
43900
43902
43903
43911
43916
43917
43918
43920
43927
43928
43929
43930
43931
43949
43960
43961
43965
43967
43984
43997
44001
44002
44009
44013
44017
44020
44022
44023
44038
44045
44047
44051
44057
44063
44065
44066
44069
44078
44080
44089
44091
44093
44094
44095
44096
44100
44101
44106
44107
44108
44110
44117
44121
44127
44130
44147
44155
44168
44169
44173
44191
44193
44200
44217
44223
44225
44229
44236
44245
44256
44265
44270
44282
44292
44307
44312
44315
44318
44319
44324
44334
44338
44340
44345
44347
44351
44353
44355
44356
44361
44376
44381
44388
44408
44432
44434
44438
44445
44447
44455
44465
44467
44472
44480
44481
44490
44492
44494
44501
44503
44505
44510
44512
44520
44523
44525
44527
44528
44529
44530
44531
44533
44543
44557
44562
44566
44567
44570
44580
44583
44587
44588
44595
44599
44604
44609
44610
44617
44624
44631
44633
44634
44636
44638
44640
44641
44642
44643
44646
44673
44674
44678
44681
44683
44686
44689
44693
44697
44705
44710
44712
44715
44716
44726
44735
44736
44740
44741
44745
44746
44749
44754
44756
44760
44761
44762
44769
44771
44776
44777
44781
44787
44789
44792
44797
44803
44805
44813
44817
44818
44819
44828
44836
44837
44838
44842
44846
44849
44852
44854
44856
44857
44862
44864
44870
44877
44900
44922
44928
44929
44930
44933
44938
44940
44941
44955
44963
44967
44970
44971
44983
44985
44987
44991
44993
45004
45008
45014
45016
45032
45035
45038
45055
45074
45078
45084
45091
45092
45097
45098
45099
45105
45110
45113
45114
45118
45120
45123
45130
45131
45139
45141
45146
45148
45150
45164
45166
45172
45179
45183
45184
45186
45189
45190
45191
45194
45197
45199
45206
45214
45215
45219
45220
45224
45234
45237
45244
45248
45251
45274
45279
45291
45298
45302
45323
45327
45332
45334
45336
45339
45352
45353
45360
45368
45369
45376
45377
45382
45385
45388
45393
45397
45399
45408
45409
45423
45428
45439
45444
45447
45448
45450
45475
45477
45480
45482
45485
45501
45502
45514
45516
45517
45518
45519
45520
45525
45526
45529
45538
45552
45562
45567
45579
45588
45589
45595
45609
45610
45613
45620
45623
45625
45634
45638
45655
45674
45676
45679
45680
45681
45688
45693
45698
45699
45702
45703
45710
45719
45726
45736
45760
45761
45773
45776
45780
45782
45784
45787
45788
45798
45803
45811
45817
45823
45827
45830
45838
45839
45840
45851
45855
45860
45862
45866
45871
45872
45873
45879
45883
45885
45896
45897
45903
45906
45911
45912
45915
45916
45927
45928
45930
45934
45936
45943
45950
45952
45954
45957
45959
45964
45966
45968
45974
45981
45987
45995
46001
46004
46009
46014
46018
46027
46045
46046
46055
46056
46069
46070
46076
46106
46111
46114
46115
46121
46124
46130
46135
46141
46148
46160
46165
46166
46167
46172
46180
46191
46193
46215
46223
46236
46238
46239
46240
46244
46251
46264
46265
46266
46273
46274
46290
46296
46301
46303
46305
46308
46311
46313
46324
46328
46329
46344
46347
46348
46355
46359
46361
46363
46380
46381
46385
46394
46397
46398
46404
46407
46410
46416
46424
46440
46441
46446
46447
46449
46464
46474
46475
46476
46486
46492
46494
46501
46504
46505
46511
46512
46513
46517
46526
46528
46534
46538
46539
46547
46549
46551
46552
46554
46557
46558
46565
46568
46569
46578
46583
46584
46587
46596
46606
46612
46614
46616
46630
46635
46643
46644
46645
46647
46668
46670
46673
46675
46681
46683
46686
46692
46706
46710
46718
46724
46732
46737
46747
46772
46782
46783
46784
46800
46801
46812
46814
46818
46821
46829
46838
46864
46870
46872
46876
46879
46881
46884
46886
46889
46892
46893
46896
46897
46900
46904
46909
46914
46920
46921
46926
46927
46930
46933
46937
46940
46942
46947
46950
46952
46957
46958
46962
46964
46970
46980
46983
46987
46994
46995
47002
47004
47005
47012
47019
47020
47023
47027
47029
47037
47051
47058
47068
47069
47070
47072
47079
47085
47092
47093
47095
47101
47104
47110
47117
47118
47121
47123
47130
47132
47139
47140
47155
47157
47159
47163
47164
47168
47171
47185
47197
47203
47204
47208
47225
47226
47228
47231
47237
47240
47258
47261
47265
47268
47270
47272
47275
47279
47286
47291
47296
47298
47299
47300
47306
47308
47309
47317
47329
47331
47332
47345
47346
47347
47351
47355
47363
47364
47367
47371
47378
47381
47385
47391
47393
47397
47411
47412
47413
47415
47416
47417
47418
47419
47420
47422
47424
47437
47443
47447
47451
47457
47460
47466
47468
47472
47474
47489
47492
47497
47501
47502
47510
47512
47518
47521
47522
47526
47527
47528
47529
47531
47536
47542
47545
47553
47556
47559
47561
47563
47570
47573
47575
47577
47589
47590
47598
47599
47601
47608
47609
47614
47618
47623
47625
47626
47627
47629
47633
47635
47638
47641
47645
47647
47648
47654
47655
47667
47672
47673
47684
47695
47698
47699
47713
47714
47719
47722
47724
47728
47737
47740
47741
47744
47754
47758
47763
47783
47784
47786
47800
47801
47810
47812
47820
47823
47824
47830
47836
47837
47840
47841
47846
47848
47859
47872
47887
47903
47904
47915
47919
47928
47929
47946
47947
47948
47949
47951
47954
47974
47976
47982
47983
47984
47997
48007
48009
48012
48013
48015
48025
48046
48047
48051
48052
48054
48055
48058
48059
48061
48063
48064
48070
48080
48081
48084
48093
48094
48098
48101
48104
48116
48125
48131
48132
48133
48138
48141
48144
48149
48157
48170
48172
48173
48177
48186
48195
48196
48216
48220
48225
48228
48236
48245
48246
48250
48252
48257
48261
48264
48266
48271
48279
48301
48308
48310
48318
48321
48328
48338
48350
48362
48363
48364
48370
48376
48380
48386
48395
48405
48407
48415
48416
48423
48432
48439
48448
48455
48460
48467
48468
48486
48487
48489
48493
48506
48516
48534
48535
48545
48546
48561
48569
48571
48572
48574
48580
48581
48584
48594
48598
48609
48612
48614
48617
48620
48622
48625
48630
48631
48641
48647
48655
48661
48669
48674
48680
48682
48687
48692
48696
48702
48705
48724
48735
48743
48744
48746
48751
48755
48759
48762
48769
48772
48775
48777
48780
48783
48785
48786
48788
48789
48793
48798
48802
48803
48804
48805
48806
48807
48815
48819
48820
48824
48825
48826
48828
48829
48831
48833
48835
48837
48844
48845
48850
48851
48862
48868
48877
48878
48897
48905
48907
48913
48922
48925
48927
48934
48936
48944
48948
48950
48955
48957
48960
48961
48968
48987
48993
48996
49000
49008
49012
49013
49019
49026
49027
49034
49044
49052
49053
49070
49081
49091
49093
49104
49108
49109
49111
49115
49117
49119
49121
49124
49125
49133
49134
49135
49137
49142
49143
49144
49153
49154
49160
49164
49181
49185
49186
49191
49195
49202
49205
49219
49227
49237
49244
49249
49258
49265
49268
49269
49277
49292
49295
49307
49311
49312
49319
49320
49322
49325
49326
49328
49329
49335
49337
49344
49345
49363
49365
49372
49374
49375
49380
49382
49384
49388
49395
49402
49408
49410
49419
49421
49422
49425
49432
49436
49437
49438
49442
49445
49448
49451
49456
49460
49461
49462
49463
49469
49470
49474
49477
49492
49496
49497
49500
49507
49515
49518
49521
49534
49535
49544
49551
49557
49559
49560
49563
49575
49577
49579
49581
49583
49585
49587
49602
49606
49621
49632
49633
49634
49642
49644
49657
49658
49660
49665
49666
49668
49669
49687
49688
49689
49696
49710
49714
49717
49718
49720
49727
49728
49729
49732
49741
49748
49749
49753
49754
49759
49766
49774
49777
49783
49795
49802
49803
49819
49822
49827
49830
49831
49833
49841
49850
49851
49856
49870
49880
49894
49903
49906
49913
49916
49919
49926
49932
49936
49940
49945
49953
49957
49971
49972
49983
49984
49987
49988
49992
49997
49998
50008
50036
50043
50045
50046
50052
50061
50065
50073
50074
50076
50083
50086
50091
50100
50105
50106
50117
50129
50133
50135
50138
50140
50150
50159
50167
50169
50171
50172
50179
50180
50182
50184
50186
50188
50192
50195
50200
50205
50207
50208
50213
50220
50224
50230
50234
50238
50243
50244
50245
50250
50251
50257
50262
50264
50266
50268
50275
50279
50284
50289
50296
50298
50306
50312
50337
50339
50342
50346
50349
50350
50359
50361
50368
50373
50379
50380
50385
50392
50393
50396
50401
50437
50446
50460
50463
50465
50476
50491
50492
50500
50503
50515
50526
50533
50535
50550
50554
50557
50560
50566
50569
50570
50573
50578
50582
50583
50591
50595
50600
50604
50613
50619
50627
50631
50641
50651
50655
50665
50671
50686
50687
50695
50706
50709
50711
50718
50722
50726
50727
50728
50729
50730
50731
50743
50746
50755
50760
50773
50774
50779
50785
50786
50793
50794
50807
50817
50818
50821
50823
50828
50839
50846
50852
50855
50860
50868
50870
50873
50875
50877
50881
50883
50888
50889
50895
50907
50908
50916
50924
50927
50929
50930
50933
50937
50938
50942
50943
50946
50955
50959
50963
50970
50974
50975
50977
50980
50983
50986
50988
50990
50991
50995
50998
51013
51015
51022
51036
51040
51043
51047
51053
51056
51060
51064
51066
51075
51091
51093
51097
51102
51107
51113
51114
51119
51122
51130
51134
51135
51142
51143
51157
51160
51161
51162
51171
51177
51183
51184
51191
51198
51199
51205
51207
51210
51212
51219
51222
51223
51234
51238
51244
51258
51260
51262
51265
51273
51276
51281
51287
51291
51299
51303
51304
51308
51320
51325
51328
51329
51330
51342
51358
51362
51364
51374
51376
51386
51388
51397
51412
51413
51417
51431
51442
51451
51458
51462
51464
51468
51469
51478
51486
51488
51489
51490
51491
51494
51495
51496
51499
51506
51511
51512
51515
51524
51525
51528
51529
51541
51544
51556
51566
51570
51577
51579
51580
51585
51586
51594
51597
51603
51609
51615
51616
51618
51622
51625
51626
51636
51639
51644
51654
51657
51658
51665
51666
51671
51674
51681
51682
51684
51688
51690
51691
51694
51696
51699
51706
51713
51714
51717
51720
51729
51737
51741
51745
51746
51750
51765
51766
51780
51781
51782
51783
51785
51787
51790
51794
51795
51796
51799
51803
51804
51805
51806
51807
51809
51811
51813
51815
51821
51825
51827
51833
51853
51859
51863
51874
51875
51882
51884
51885
51886
51889
51891
51900
51905
51913
51927
51928
51933
51943
51947
51958
51959
51960
51965
51972
51973
51974
51985
51996
51999
52002
52007
52009
52011
52022
52024
52031
52034
52038
52041
52044
52045
52057
52060
52063
52065
52070
52072
52076
52077
52081
52085
52088
52095
52104
52106
52115
52117
52135
52144
52145
52151
52157
52184
52186
52197
52198
52206
52207
52212
52225
52226
52233
52234
52237
52250
52252
52259
52261
52263
52266
52268
52277
52278
52282
52289
52290
52307
52309
52315
52316
52320
52321
52325
52329
52344
52358
52361
52364
52368
52371
52375
52382
52384
52387
52394
52399
52400
52402
52407
52412
52424
52426
52439
52449
52453
52477
52478
52482
52495
52496
52501
52502
52504
52512
52513
52515
52517
52521
52530
52532
52535
52536
52552
52553
52556
52559
52563
52570
52573
52578
52589
52590
52599
52606
52608
52636
52641
52644
52649
52652
52665
52670
52671
52672
52676
52683
52684
52690
52691
52693
52695
52697
52703
52704
52707
52711
52723
52735
52737
52738
52747
52755
52757
52758
52761
52781
52787
52789
52791
52797
52804
52806
52824
52826
52829
52832
52840
52844
52848
52855
52862
52863
52864
52866
52874
52878
52893
52895
52902
52914
52915
52921
52923
52928
52929
52937
52939
52952
52968
52970
52973
52977
52985
52991
52992
52995
52997
53006
53030
53031
53035
53041
53042
53046
53047
53056
53058
53063
53067
53087
53089
53092
53095
53104
53105
53107
53108
53117
53126
53127
53129
53130
53135
53140
53149
53150
53151
53161
53164
53180
53185
53191
53193
53199
53206
53207
53209
53212
53214
53216
53217
53222
53237
53246
53252
53256
53261
53262
53265
53276
53278
53281
53282
53285
53287
53288
53292
53294
53298
53299
53312
53318
53321
53326
53332
53347
53351
53353
53357
53360
53372
53373
53378
53382
53391
53400
53404
53408
53419
53420
53423
53440
53443
53445
53450
53458
53459
53477
53480
53483
53485
53494
53503
53505
53506
53507
53509
53519
53528
53531
53532
53547
53549
53558
53566
53573
53578
53588
53590
53594
53596
53605
53607
53611
53648
53655
53657
53659
53663
53665
53668
53675
53676
53688
53690
53696
53698
53702
53712
53715
53725
53729
53731
53740
53742
53743
53744
53746
53751
53753
53754
53756
53762
53770
53771
53774
53782
53784
53799
53802
53803
53805
53808
53809
53814
53817
53819
53821
53823
53834
53843
53850
53853
53858
53871
53874
53875
53876
53878
53879
53880
53884
53887
53888
53895
53897
53901
53903
53911
53918
53920
53923
53926
53927
53940
53947
53952
53962
53964
53965
53966
53968
53976
53981
53984
53986
53998
54015
54025
54027
54030
54032
54037
54049
54050
54051
54052
54053
54058
54060
54064
54066
54069
54075
54095
54106
54107
54111
54128
54136
54137
54143
54145
54146
54147
54168
54176
54178
54182
54192
54213
54217
54218
54219
54221
54227
54233
54240
54241
54251
54257
54258
54265
54272
54276
54278
54287
54292
54293
54295
54298
54304
54305
54309
54316
54317
54318
54325
54328
54335
54337
54350
54356
54361
54364
54366
54369
54370
54371
54372
54377
54378
54379
54380
54387
54395
54398
54400
54408
54409
54415
54416
54423
54425
54426
54427
54429
54431
54433
54443
54452
54458
54465
54476
54486
54487
54510
54517
54520
54525
54540
54543
54546
54547
54561
54563
54568
54573
54575
54585
54589
54593
54595
54596
54606
54607
54610
54618
54620
54628
54629
54633
54642
54656
54665
54667
54679
54680
54688
54691
54697
54699
54704
54706
54707
54708
54709
54717
54719
54727
54731
54738
54741
54746
54761
54767
54772
54778
54779
54783
54784
54791
54792
54798
54813
54818
54819
54822
54825
54830
54832
54842
54844
54858
54859
54866
54868
54871
54874
54878
54881
54883
54885
54902
54903
54904
54905
54909
54911
54912
54915
54926
54928
54929
54932
54939
54940
54944
54946
54947
54948
54949
54951
54952
54954
54956
54958
54960
54962
54964
54965
54972
54982
54993
54998
55011
55014
55019
55029
55039
55044
55052
55057
55062
55063
55065
55067
55073
55079
55080
55083
55084
55093
55094
55096
55104
55111
55115
55122
55126
55134
55136
55137
55140
55142
55146
55151
55153
55162
55167
55169
55173
55181
55185
55192
55208
55213
55214
55219
55221
55231
55239
55240
55243
55248
55257
55274
55277
55298
55299
55300
55304
55305
55306
55315
55317
55332
55335
55340
55341
55347
55348
55349
55359
55364
55374
55378
55379
55381
55385
55413
55427
55437
55439
55445
55447
55449
55450
55457
55460
55466
55467
55471
55472
55474
55482
55487
55491
55492
55511
55517
55521
55528
55531
55532
55535
55536
55538
55545
55552
55559
55563
55566
55571
55574
55579
55590
55593
55601
55611
55613
55628
55635
55638
55643
55648
55653
55654
55656
55660
55663
55664
55668
55669
55672
55683
55684
55699
55706
55711
55712
55714
55718
55720
55727
55730
55741
55746
55756
55757
55760
55765
55766
55775
55783
55788
55797
55799
55800
55801
55802
55807
55814
55823
55825
55826
55828
55832
55838
55846
55859
55872
55874
55881
55885
55888
55894
55899
55900
55901
55906
55910
55911
55915
55917
55918
55935
55937
55941
55949
55951
55958
55962
55965
55976
55977
55983
55989
55992
56010
56022
56025
56033
56039
56041
56042
56048
56050
56055
56058
56066
56067
56072
56074
56078
56080
56088
56089
56093
56095
56096
56110
56111
56115
56120
56121
56122
56123
56124
56133
56134
56135
56142
56144
56145
56146
56149
56152
56158
56161
56164
56167
56168
56170
56173
56178
56182
56185
56186
56194
56207
56208
56220
56224
56239
56242
56252
56256
56257
56260
56262
56269
56270
56273
56274
56278
56280
56282
56285
56294
56299
56309
56312
56322
56323
56329
56333
56334
56341
56344
56346
56347
56355
56372
56375
56378
56382
56385
56386
56387
56391
56396
56397
56400
56407
56413
56419
56420
56428
56430
56441
56453
56454
56455
56462
56464
56467
56479
56493
56496
56498
56500
56509
56517
56526
56528
56532
56538
56540
56541
56542
56549
56552
56556
56562
56563
56567
56579
56585
56590
56592
56593
56596
56599
56603
56606
56610
56619
56623
56629
56631
56634
56641
56645
56650
56652
56669
56670
56681
56688
56699
56707
56719
56722
56731
56737
56739
56743
56756
56757
56760
56763
56767
56770
56772
56782
56783
56788
56790
56793
56799
56800
56802
56805
56817
56830
56837
56844
56867
56873
56875
56881
56891
56893
56901
56908
56909
56910
56915
56923
56929
56930
56933
56934
56936
56940
56944
56952
56957
56959
56961
56967
56979
56984
56985
56987
56991
56995
56997
57021
57025
57028
57030
57044
57067
57069
57071
57076
57081
57086
57091
57096
57097
57099
57102
57117
57122
57129
57130
57132
57136
57142
57146
57149
57151
57153
57157
57165
57166
57169
57170
57174
57181
57182
57184
57186
57189
57191
57201
57208
57211
57212
57213
57220
57226
57227
57251
57270
57273
57275
57293
57294
57298
57304
57308
57318
57324
57339
57342
57343
57347
57357
57360
57376
57378
57383
57388
57391
57404
57408
57412
57427
57434
57436
57442
57452
57453
57455
57458
57472
57476
57482
57492
57499
57500
57501
57505
57512
57514
57516
57522
57528
57529
57536
57538
57540
57543
57551
57554
57557
57558
57563
57565
57572
57574
57582
57589
57596
57597
57602
57603
57612
57613
57619
57620
57626
57628
57631
57635
57637
57646
57649
57650
57651
57660
57661
57663
57674
57676
57690
57691
57694
57700
57713
57725
57727
57737
57743
57757
57761
57782
57786
57792
57794
57808
57809
57819
57827
57838
57853
57861
57862
57864
57871
57873
57880
57892
57894
57900
57904
57906
57907
57913
57914
57915
57922
57928
57934
57938
57944
57955
57959
57964
57970
57975
57987
57995
57999
58011
58018
58022
58023
58029
58030
58038
58039
58041
58045
58051
58052
58059
58068
58074
58077
58086
58094
58095
58096
58099
58100
58103
58107
58109
58110
58117
58118
58127
58140
58141
58152
58156
58158
58165
58179
58186
58194
58196
58198
58201
58205
58209
58216
58220
58227
58256
58257
58258
58259
58281
58284
58286
58291
58293
58294
58297
58299
58308
58312
58314
58315
58323
58330
58344
58368
58371
58385
58387
58392
58396
58404
58414
58417
58422
58427
58428
58430
58433
58441
58448
58449
58458
58469
58473
58476
58478
58482
58489
58516
58518
58519
58520
58531
58535
58538
58543
58544
58546
58550
58551
58560
58564
58568
58576
58583
58585
58586
58589
58590
58592
58596
58600
58605
58607
58614
58615
58619
58623
58636
58637
58641
58642
58643
58646
58652
58654
58662
58669
58671
58673
58674
58677
58679
58694
58695
58700
58707
58709
58711
58713
58714
58717
58719
58720
58734
58736
58738
58743
58749
58750
58756
58765
58766
58767
58773
58775
58778
58810
58813
58817
58824
58827
58833
58837
58851
58857
58863
58867
58868
58869
58870
58876
58879
58883
58886
58894
58895
58899
58908
58909
58913
58918
58926
58932
58938
58940
58949
58951
58953
58961
58963
58964
58965
58966
58986
58988
59000
59002
59019
59020
59035
59036
59037
59039
59042
59044
59046
59047
59049
59058
59060
59066
59075
59077
59086
59098
59112
59113
59114
59123
59126
59135
59136
59137
59140
59141
59145
59154
59157
59165
59166
59168
59171
59175
59186
59187
59190
59203
59206
59207
59222
59232
59238
59241
59242
59244
59247
59254
59260
59261
59262
59264
59266
59269
59276
59279
59288
59290
59293
59297
59307
59308
59317
59319
59320
59322
59341
59353
59354
59363
59372
59375
59377
59379
59388
59398
59414
59419
59422
59427
59429
59430
59435
59452
59458
59462
59465
59475
59481
59484
59487
59497
59501
59507
59511
59513
59517
59524
59525
59526
59530
59532
59542
59543
59549
59554
59558
59561
59565
59566
59567
59576
59590
59604
59605
59611
59617
59634
59636
59645
59653
59666
59667
59669
59676
59681
59682
59689
59701
59703
59704
59705
59709
59711
59712
59713
59719
59720
59723
59730
59733
59752
59754
59761
59764
59766
59767
59770
59786
59797
59806
59839
59845
59848
59856
59857
59867
59872
59874
59876
59878
59888
59894
59896
59898
59899
59900
59901
59902
59906
59921
59932
59940
59944
59946
59954
59956
59960
59964
59967
59976
59977
59988
59989
59991
59994
59997
60013
60016
60022
60032
60035
60036
60038
60043
60059
60060
60066
60067
60068
60071
60073
60077
60078
60082
60086
60094
60099
60101
60108
60110
60115
60120
60121
60122
60126
60130
60131
60135
60136
60138
60145
60152
60154
60163
60164
60165
60175
60176
60177
60180
60182
60184
60187
60196
60202
60205
60207
60208
60209
60219
60220
60235
60239
60240
60245
60254
60258
60260
60279
60282
60283
60292
60297
60304
60305
60306
60310
60312
60330
60331
60333
60350
60351
60359
60377
60393
60394
60396
60399
60400
60401
60404
60405
60407
60414
60421
60422
60432
60434
60436
60437
60440
60449
60452
60458
60459
60461
60478
60484
60486
60499
60505
60506
60510
60515
60518
60519
60523
60524
60531
60532
60533
60540
60543
60544
60552
60553
60560
60561
60569
60572
60578
60582
60604
60609
60615
60618
60626
60627
60628
60630
60632
60643
60646
60649
60650
60652
60653
60654
60657
60660
60663
60665
60668
60676
60682
60683
60685
60687
60688
60690
60692
60694
60697
60712
60713
60716
60728
60735
60744
60746
60748
60750
60752
60759
60760
60762
60769
60793
60797
60799
60801
60808
60810
60811
60824
60827
60828
60829
60835
60842
60850
60851
60852
60861
60871
60881
60885
60896
60900
60908
60913
60914
60917
60921
60925
60926
60928
60931
60936
60937
60941
60945
60947
60948
60956
60963
60968
60977
60979
60980
60987
60997
61001
61006
61007
61012
61016
61022
61027
61042
61043
61049
61051
61054
61067
61070
61075
61079
61094
61100
61101
61104
61109
61118
61120
61121
61122
61123
61128
61129
61132
61134
61140
61152
61155
61159
61166
61167
61168
61171
61181
61183
61187
61192
61196
61202
61206
61215
61219
61223
61225
61226
61229
61235
61238
61239
61241
61242
61245
61247
61251
61252
61253
61254
61258
61264
61267
61280
61281
61282
61283
61287
61291
61297
61301
61302
61305
61314
61315
61320
61322
61323
61326
61328
61336
61338
61341
61347
61349
61354
61357
61358
61360
61370
61372
61376
61377
61392
61397
61404
61406
61408
61410
61412
61419
61420
61424
61428
61431
61432
61433
61434
61437
61439
61454
61467
61470
61484
61486
61489
61491
61498
61503
61510
61513
61515
61525
61532
61533
61541
61547
61549
61563
61564
61570
61573
61576
61580
61582
61583
61591
61599
61601
61604
61608
61609
61622
61624
61627
61630
61631
61632
61633
61635
61641
61654
61656
61660
61661
61662
61666
61670
61677
61679
61698
61706
61711
61714
61718
61722
61723
61724
61735
61745
61749
61752
61761
61763
61770
61773
61777
61780
61781
61783
61785
61788
61794
61795
61799
61800
61807
61809
61812
61813
61820
61843
61845
61850
61853
61865
61867
61869
61871
61875
61881
61887
61888
61890
61897
61912
61916
61920
61932
61943
61951
61961
61965
61967
61973
61977
61978
61991
61995
62002
62005
62007
62008
62011
62021
62024
62033
62037
62042
62048
62054
62056
62057
62065
62069
62071
62072
62074
62081
62086
62094
62097
62113
62123
62124
62143
62145
62149
62159
62162
62171
62172
62181
62183
62186
62188
62191
62196
62202
62209
62214
62218
62219
62222
62226
62228
62231
62233
62240
62243
62247
62249
62253
62261
62281
62289
62293
62294
62297
62298
62299
62308
62316
62318
62319
62335
62336
62339
62345
62346
62347
62348
62353
62372
62385
62391
62396
62402
62407
62411
62417
62419
62420
62422
62424
62438
62441
62443
62457
62460
62462
62471
62481
62482
62483
62484
62488
62493
62494
62506
62511
62512
62514
62515
62518
62522
62523
62527
62530
62532
62535
62543
62544
62552
62555
62561
62563
62566
62573
62584
62591
62594
62595
62611
62614
62615
62619
62621
62624
62629
62630
62633
62639
62655
62656
62660
62664
62665
62669
62686
62690
62691
62694
62695
62697
62705
62709
62710
62714
62720
62727
62731
62734
62742
62751
62755
62756
62759
62761
62764
62765
62776
62779
62783
62788
62795
62800
62802
62808
62810
62813
62814
62817
62818
62819
62827
62834
62837
62840
62843
62848
62851
62853
62854
62860
62863
62866
62873
62880
62889
62893
62909
62917
62925
62936
62940
62941
62948
62958
62965
62966
62973
62975
62976
62978
62981
62991
62994
62996
62997
63001
63004
63013
63014
63019
63041
63046
63051
63053
63059
63060
63062
63069
63071
63076
63077
63082
63086
63093
63094
63095
63103
63117
63125
63127
63129
63135
63141
63143
63149
63152
63153
63157
63163
63181
63190
63193
63195
63202
63207
63209
63217
63223
63224
63229
63231
63236
63239
63240
63242
63251
63257
63265
63275
63277
63278
63284
63297
63316
63318
63324
63328
63345
63350
63354
63360
63363
63368
63376
63391
63392
63398
63400
63410
63415
63417
63419
63427
63428
63433
63438
63439
63443
63448
63453
63456
63457
63460
63467
63476
63480
63483
63484
63492
63501
63502
63503
63504
63506
63509
63516
63520
63524
63532
63535
63544
63545
63546
63552
63557
63558
63565
63566
63567
63581
63584
63589
63595
63602
63608
63626
63631
63644
63649
63650
63654
63664
63666
63668
63674
63678
63680
63689
63692
63693
63699
63700
63706
63720
63721
63723
63728
63729
63730
63731
63733
63734
63737
63744
63746
63749
63751
63754
63755
63764
63769
63772
63773
63787
63788
63793
63797
63810
63811
63814
63815
63820
63821
63825
63832
63848
63863
63864
63868
63874
63878
63892
63896
63897
63899
63901
63902
63911
63914
63915
63919
63921
63928
63930
63934
63942
63943
63944
63948
63969
63974
63975
63978
63986
63991
63995
63997
64005
64007
64010
64013
64014
64022
64029
64032
64033
64035
64036
64059
64063
64066
64086
64095
64096
64098
64103
64104
64112
64113
64114
64118
64125
64127
64136
64141
64148
64151
64155
64156
64157
64159
64165
64171
64172
64173
64175
64176
64177
64196
64199
64202
64210
64211
64214
64215
64220
64224
64227
64228
64229
64230
64241
64245
64249
64250
64253
64257
64264
64267
64271
64292
64296
64297
64299
64300
64302
64306
64317
64326
64329
64339
64341
64349
64362
64364
64375
64377
64388
64396
64408
64412
64414
64416
64418
64422
64423
64425
64426
64436
64437
64446
64447
64454
64459
64462
64467
64471
64473
64476
64486
64491
64494
64497
64498
64501
64505
64507
64510
64516
64522
64524
64527
64538
64543
64550
64551
64563
64564
64566
64575
64576
64598
64602
64605
64612
64617
64627
64630
64633
64639
64646
64660
64662
64669
64679
64680
64687
64689
64691
64692
64696
64700
64703
64709
64716
64724
64729
64745
64752
64753
64768
64771
64773
64784
64789
64798
64805
64819
64821
64828
64832
64841
64848
64851
64853
64860
64862
64864
64868
64869
64876
64878
64897
64899
64904
64908
64909
64922
64933
64935
64937
64942
64944
64945
64951
64954
64956
64958
64967
64973
64978
64996
64997
65005
65021
65023
65047
65050
65052
65056
65058
65064
65066
65069
65071
65073
65081
65095
65100
65102
65113
65117
65123
65133
65144
65148
65151
65159
65165
65167
65168
65175
65178
65179
65188
65193
65198
65203
65210
65211
65212
65215
65219
65223
65227
65228
65229
65236
65237
65242
65244
65251
65255
65256
65258
65283
65286
65287
65290
65294
65299
65300
65301
65303
65311
65321
65332
65336
65339
65347
65350
65360
65365
65367
65368
65373
65374
65376
65377
65379
65380
65386
65388
65394
65396
65397
65399
65410
65415
65438
65441
65448
65455
65466
65470
65473
65476
65478
65489
65492
65507
65511
65516
65518
65519
65521
65523
65526
65529
65532
65533
65534
65535
65538
65540
65544
65547
65553
65556
65559
65560
65562
65573
65589
65593
65596
65602
65605
65611
65613
65617
65627
65634
65635
65645
65653
65657
65660
65666
65667
65676
65680
65685
65686
65692
65693
65702
65703
65704
65714
65720
65722
65727
65735
65742
65761
65772
65777
65781
65788
65796
65797
65801
65807
65812
65816
65817
65821
65824
65827
65829
65830
65834
65839
65852
65857
65858
65859
65864
65865
65868
65874
65880
65883
65887
65892
65896
65898
65899
65902
65903
65904
65906
65918
65920
65925
65928
65929
65933
65937
65938
65948
65950
65959
65963
65968
65969
65971
65974
65977
65979
65995
66012
66018
66022
66032
66038
66039
66046
66047
66049
66055
66057
66061
66063
66065
66068
66073
66074
66076
66077
66080
66082
66083
66086
66100
66106
66109
66112
66128
66131
66136
66137
66146
66151
66161
66162
66163
66169
66175
66177
66178
66190
66193
66195
66200
66206
66207
66238
66242
66246
66250
66258
66260
66261
66267
66274
66283
66285
66286
66292
66305
66307
66311
66319
66325
66328
66333
66337
66338
66341
66346
66353
66357
66359
66369
66378
66379
66381
66382
66385
66391
66403
66410
66411
66415
66418
66423
66424
66428
66434
66438
66442
66446
66449
66453
66461
66471
66473
66481
66486
66494
66496
66497
66510
66511
66513
66519
66524
66528
66534
66535
66538
66541
66544
66545
66550
66551
66563
66568
66574
66576
66580
66582
66583
66584
66591
66594
66597
66599
66600
66604
66606
66609
66617
66618
66624
66627
66628
66629
66635
66638
66647
66649
66650
66662
66667
66672
66675
66680
66688
66690
66702
66706
66709
66710
66721
66739
66752
66753
66758
66759
66760
66769
66770
66773
66776
66777
66779
66793
66795
66800
66802
66806
66820
66821
66823
66825
66826
66834
66840
66842
66846
66848
66850
66877
66886
66902
66907
66909
66916
66923
66928
66930
66936
66938
66939
66944
66953
66955
66956
66970
66975
66976
66980
66987
66992
66999
67000
67006
67016
67020
67021
67024
67034
67037
67045
67048
67049
67061
67063
67065
67069
67072
67074
67075
67078
67084
67088
67094
67096
67098
67100
67107
67121
67124
67127
67131
67132
67139
67143
67144
67149
67155
67161
67165
67170
67172
67184
67186
67188
67189
67190
67200
67204
67205
67211
67213
67214
67215
67222
67230
67238
67247
67248
67249
67259
67267
67272
67273
67284
67285
67286
67288
67296
67303
67305
67306
67320
67321
67325
67329
67340
67342
67344
67347
67351
67353
67354
67356
67360
67361
67364
67366
67371
67376
67393
67406
67408
67409
67415
67417
67419
67420
67422
67427
67431
67440
67447
67456
67458
67461
67464
67468
67470
67473
67479
67483
67488
67493
67508
67510
67521
67524
67526
67529
67542
67544
67546
67550
67552
67553
67561
67565
67571
67572
67575
67584
67585
67587
67592
67601
67611
67616
67622
67626
67632
67634
67636
67638
67651
67661
67667
67687
67691
67692
67705
67710
67711
67718
67729
67731
67736
67745
67746
67753
67754
67763
67764
67767
67769
67782
67794
67801
67805
67809
67811
67816
67819
67828
67829
67830
67848
67854
67866
67870
67871
67873
67876
67884
67885
67886
67893
67894
67902
67904
67908
67914
67915
67928
67932
67933
67937
67940
67942
67944
67945
67950
67956
67960
67965
67967
67975
67982
67988
67992
67993
68006
68015
68021
68022
68023
68035
68039
68044
68047
68051
68062
68063
68065
68066
68068
68077
68080
68084
68085
68092
68094
68097
68110
68113
68120
68128
68131
68137
68140
68141
68143
68144
68146
68149
68154
68157
68160
68165
68169
68174
68175
68182
68184
68188
68192
68193
68194
68206
68216
68222
68224
68225
68229
68230
68240
68241
68243
68253
68256
68260
68279
68281
68286
68288
68296
68304
68307
68312
68316
68324
68326
68327
68328
68335
68342
68344
68354
68355
68359
68369
68377
68384
68386
68394
68396
68398
68399
68403
68406
68423
68429
68437
68438
68450
68455
68457
68463
68466
68467
68472
68486
68488
68489
68494
68495
68497
68500
68502
68510
68515
68519
68531
68534
68535
68540
68542
68544
68556
68557
68558
68561
68575
68580
68596
68599
68600
68606
68608
68609
68611
68612
68621
68627
68632
68637
68638
68640
68649
68653
68656
68660
68661
68668
68688
68700
68702
68707
68708
68716
68721
68725
68736
68738
68742
68743
68758
68761
68765
68768
68774
68776
68777
68779
68781
68784
68791
68794
68798
68804
68805
68809
68811
68814
68816
68818
68825
68832
68835
68837
68840
68844
68849
68852
68859
68870
68871
68882
68883
68887
68890
68894
68909
68914
68919
68923
68933
68934
68936
68944
68956
68957
68961
68963
68972
68973
68974
68975
68976
68979
68989
68992
68993
68995
68997
69002
69003
69017
69019
69020
69044
69046
69052
69054
69067
69074
69080
69083
69095
69096
69097
69098
69100
69101
69112
69113
69118
69121
69128
69130
69135
69144
69146
69148
69151
69152
69160
69161
69162
69164
69169
69177
69180
69181
69185
69194
69202
69203
69205
69209
69213
69215
69222
69232
69236
69238
69253
69266
69267
69268
69273
69274
69276
69282
69283
69284
69292
69293
69301
69306
69313
69319
69326
69335
69346
69349
69355
69357
69359
69362
69373
69376
69377
69379
69386
69395
69416
69426
69431
69437
69438
69439
69445
69448
69456
69457
69460
69464
69466
69469
69479
69480
69483
69484
69493
69494
69508
69513
69525
69531
69532
69537
69538
69541
69555
69561
69562
69569
69571
69574
69583
69588
69590
69593
69594
69602
69610
69618
69621
69622
69626
69633
69639
69643
69658
69663
69665
69675
69678
69681
69684
69690
69695
69697
69701
69707
69708
69709
69714
69719
69720
69724
69727
69729
69731
69744
69749
69755
69760
69761
69767
69774
69779
69789
69790
69793
69806
69807
69813
69814
69841
69848
69855
69863
69864
69866
69867
69869
69870
69875
69876
69877
69880
69882
69884
69897
69902
69904
69912
69922
69927
69928
69930
69932
69937
69942
69945
69946
69947
69950
69952
69953
69961
69967
69969
69973
69976
69991
69993
70007
70013
70026
70027
70034
70038
70039
70040
70045
70049
70054
70062
70067
70069
70074
70077
70079
70087
70090
70095
70102
70103
70105
70109
70128
70136
70146
70147
70148
70151
70155
70171
70173
70177
70188
70192
70194
70195
70196
70205
70206
70207
70211
70213
70216
70223
70227
70229
70230
70231
70239
70241
70245
70248
70254
70255
70264
70271
70285
70289
70299
70301
70305
70311
70313
70331
70332
70338
70346
70348
70351
70378
70381
70388
70399
70403
70407
70414
70418
70421
70424
70436
70440
70449
70453
70458
70459
70461
70464
70465
70469
70476
70481
70484
70486
70491
70493
70494
70495
70503
70506
70512
70517
70538
70551
70571
70573
70574
70579
70581
70583
70584
70589
70590
70591
70596
70599
70604
70605
70606
70614
70637
70638
70641
70644
70649
70657
70670
70676
70693
70696
70699
70703
70709
70711
70712
70725
70727
70732
70734
70736
70739
70746
70750
70757
70760
70772
70773
70777
70781
70782
70792
70799
70804
70806
70811
70814
70817
70818
70829
70834
70836
70839
70843
70854
70867
70874
70890
70899
70902
70903
70905
70917
70919
70933
70937
70940
70941
70947
70951
70960
70970
70980
70984
70986
70987
70992
71000
71002
71003
71006
71007
71017
71021
71024
71027
71028
71031
71032
71037
71041
71045
71046
71047
71050
71058
71066
71077
71086
71090
71096
71098
71100
71101
71107
71113
71114
71115
71116
71122
71125
71131
71136
71137
71144
71146
71149
71150
71156
71158
71173
71184
71185
71187
71198
71200
71212
71213
71215
71217
71218
71223
71225
71227
71229
71231
71234
71236
71244
71248
71249
71250
71255
71256
71261
71262
71265
71267
71269
71280
71283
71291
71298
71306
71314
71315
71316
71323
71332
71339
71340
71342
71349
71352
71357
71360
71374
71377
71380
71387
71393
71394
71396
71402
71406
71407
71408
71409
71428
71430
71431
71445
71456
71464
71474
71478
71483
71498
71505
71514
71518
71523
71524
71528
71529
71535
71540
71553
71555
71564
71567
71568
71573
71579
71580
71601
71609
71610
71612
71615
71617
71628
71637
71652
71659
71663
71665
71666
71680
71686
71688
71694
71697
71698
71703
71713
71715
71719
71726
71728
71735
71742
71752
71756
71757
71761
71762
71768
71771
71773
71778
71779
71780
71793
71795
71796
71797
71800
71801
71809
71827
71834
71839
71840
71841
71852
71853
71865
71872
71876
71877
71885
71886
71887
71890
71894
71895
71916
71932
71933
71950
71953
71963
71970
71972
71979
71988
71991
72000
72002
72004
72005
72006
72008
72011
72012
72018
72030
72041
72043
72044
72050
72053
72060
72074
72078
72088
72095
72097
72098
72100
72101
72118
72133
72134
72141
72142
72143
72146
72147
72148
72150
72154
72155
72157
72159
72161
72162
72165
72171
72173
72174
72178
72185
72189
72209
72218
72226
72227
72228
72233
72237
72242
72251
72252
72258
72268
72276
72283
72284
72285
72289
72292
72293
72297
72303
72304
72306
72308
72309
72311
72312
72318
72328
72343
72347
72353
72356
72360
72361
72367
72369
72385
72390
72391
72394
72398
72410
72412
72416
72420
72423
72426
72434
72435
72441
72443
72447
72452
72457
72462
72464
72465
72473
72477
72481
72483
72484
72490
72495
72504
72507
72509
72510
72543
72544
72546
72547
72557
72558
72580
72593
72596
72600
72608
72609
72611
72616
72618
72627
72632
72634
72635
72637
72645
72647
72666
72671
72672
72677
72679
72682
72685
72686
72703
72712
72714
72717
72718
72720
72733
72738
72743
72744
72746
72757
72761
72766
72774
72776
72782
72791
72794
72797
72802
72808
72815
72819
72832
72839
72841
72845
72846
72849
72850
72854
72860
72863
72868
72875
72876
72880
72888
72912
72914
72924
72926
72934
72935
72937
72938
72945
72947
72949
72953
72963
72967
72976
72980
72985
72995
72999
73007
73009
73010
73011
73018
73020
73021
73024
73026
73027
73029
73032
73035
73039
73044
73052
73053
73056
73059
73060
73061
73064
73089
73094
73104
73106
73116
73119
73123
73126
73127
73129
73131
73133
73137
73139
73141
73145
73150
73152
73157
73158
73159
73163
73168
73170
73171
73175
73180
73181
73189
73192
73194
73197
73204
73215
73216
73219
73220
73224
73237
73241
73245
73246
73251
73255
73256
73261
73265
73274
73287
73307
73308
73312
73315
73316
73328
73335
73337
73338
73350
73357
73366
73368
73380
73387
73390
73392
73394
73396
73397
73398
73402
73417
73420
73423
73433
73441
73450
73454
73460
73468
73469
73472
73475
73477
73481
73482
73484
73487
73490
73497
73501
73505
73509
73513
73514
73516
73526
73531
73534
73538
73544
73555
73564
73566
73568
73570
73572
73576
73579
73583
73584
73587
73595
73599
73601
73602
73605
73609
73613
73618
73623
73632
73636
73639
73640
73641
73646
73647
73652
73662
73665
73666
73669
73675
73676
73677
73688
73697
73701
73708
73709
73718
73724
73734
73737
73742
73747
73752
73754
73759
73760
73785
73789
73802
73805
73810
73812
73816
73817
73822
73823
73827
73835
73836
73844
73847
73855
73856
73857
73863
73866
73869
73874
73876
73886
73887
73893
73896
73897
73914
73916
73917
73918
73921
73923
73927
73931
73934
73943
73947
73948
73952
73957
73959
73963
73966
73970
73971
73972
73973
73986
73987
73995
73999
74008
74011
74014
74016
74023
74027
74030
74035
74050
74053
74054
74055
74057
74063
74065
74070
74082
74089
74092
74100
74103
74107
74115
74122
74123
74125
74127
74152
74154
74167
74171
74175
74180
74184
74190
74201
74204
74205
74211
74212
74214
74217
74221
74224
74229
74234
74238
74242
74247
74249
74250
74251
74268
74284
74285
74290
74298
74299
74307
74318
74320
74323
74333
74339
74340
74344
74351
74357
74363
74364
74374
74378
74379
74382
74389
74390
74392
74398
74399
74431
74433
74436
74440
74441
74450
74451
74458
74464
74470
74473
74475
74476
74477
74481
74483
74484
74486
74490
74491
74493
74497
74504
74505
74510
74519
74526
74537
74542
74544
74545
74550
74557
74560
74567
74569
74578
74581
74584
74595
74597
74606
74608
74619
74620
74621
74635
74638
74640
74642
74648
74664
74670
74672
74673
74674
74681
74687
74694
74696
74701
74709
74711
74714
74718
74719
74726
74729
74731
74743
74744
74757
74773
74775
74781
74784
74789
74792
74796
74804
74805
74808
74811
74822
74832
74838
74840
74848
74869
74870
74885
74887
74889
74898
74902
74908
74910
74914
74935
74936
74937
74943
74945
74955
74982
74983
74985
75014
75015
75026
75027
75042
75044
75050
75054
75059
75068
75073
75074
75083
75085
75088
75090
75095
75097
75100
75101
75108
75112
75113
75120
75124
75125
75135
75137
75141
75145
75146
75147
75152
75156
75159
75167
75169
75174
75175
75178
75185
75186
75193
75199
75200
75202
75214
75215
75216
75217
75232
75237
75241
75243
75249
75250
75261
75264
75268
75269
75281
75296
75298
75302
75305
75306
75322
75328
75330
75331
75332
75335
75340
75341
75349
75363
75375
75378
75384
75386
75387
75391
75405
75406
75411
75417
75420
75422
75424
75425
75434
75440
75441
75444
75449
75452
75469
75471
75472
75474
75476
75491
75494
75512
75516
75518
75520
75522
75527
75531
75533
75534
75544
75546
75551
75554
75560
75566
75573
75578
75582
75591
75592
75603
75604
75605
75612
75614
75622
75625
75627
75630
75644
75662
75668
75669
75673
75675
75677
75683
75691
75694
75699
75700
75704
75706
75718
75722
75723
75724
75725
75733
75735
75738
75759
75769
75771
75781
75804
75805
75814
75815
75823
75825
75830
75831
75840
75842
75844
75846
75851
75852
75854
75856
75861
75868
75869
75870
75872
75875
75879
75882
75888
75891
75892
75897
75898
75901
75902
75904
75909
75919
75925
75932
75936
75943
75946
75950
75953
75955
75960
75961
75964
75966
75970
75971
75972
75975
75981
75984
75986
75989
75990
76001
76005
76009
76010
76019
76031
76034
76044
76046
76047
76048
76065
76081
76085
76086
76089
76101
76107
76108
76114
76115
76117
76129
76133
76137
76140
76142
76144
76152
76155
76157
76172
76174
76175
76179
76184
76185
76188
76190
76198
76200
76203
76212
76219
76222
76223
76226
76227
76230
76244
76245
76247
76251
76254
76256
76260
76270
76272
76280
76281
76287
76292
76301
76314
76326
76331
76346
76356
76357
76358
76361
76363
76367
76369
76371
76373
76377
76383
76389
76390
76391
76392
76393
76405
76410
76416
76418
76425
76433
76441
76442
76447
76456
76458
76472
76488
76494
76497
76499
76501
76506
76518
76519
76521
76526
76532
76537
76539
76540
76541
76545
76552
76559
76564
76571
76582
76583
76587
76591
76595
76598
76599
76605
76611
76614
76623
76631
76640
76643
76646
76652
76658
76659
76665
76669
76673
76677
76679
76692
76697
76701
76705
76709
76716
76718
76719
76721
76723
76727
76728
76735
76740
76743
76744
76745
76746
76751
76758
76763
76768
76777
76792
76793
76801
76804
76806
76810
76812
76818
76838
76840
76843
76848
76853
76854
76865
76866
76882
76884
76885
76886
76888
76894
76895
76902
76905
76909
76919
76922
76940
76945
76946
76947
76950
76953
76966
76968
76971
76976
76977
76980
76989
76990
77001
77005
77007
77008
77011
77015
77017
77024
77034
77037
77047
77056
77060
77086
77089
77098
77107
77120
77126
77132
77159
77164
77166
77173
77175
77179
77186
77194
77195
77206
77216
77249
77252
77259
77266
77274
77279
77286
77287
77290
77293
77298
77308
77332
77336
77341
77343
77356
77357
77367
77375
77383
77399
77400
77414
77417
77418
77425
77429
77430
77431
77438
77443
77461
77470
77478
77482
77483
77488
77497
77499
77501
77508
77512
77515
77517
77518
77527
77528
77532
77535
77537
77542
77545
77558
77563
77565
77566
77572
77575
77579
77582
77583
77585
77586
77587
77608
77621
77622
77623
77640
77646
77648
77650
77654
77661
77662
77669
77672
77673
77676
77683
77691
77695
77701
77703
77706
77718
77726
77732
77733
77736
77743
77750
77763
77765
77786
77788
77793
77798
77808
77812
77816
77818
77827
77829
77840
77847
77852
77857
77858
77861
77873
77876
77879
77887
77891
77903
77904
77906
77909
77913
77916
77917
77931
77935
77939
77942
77946
77970
77971
77973
77977
77979
77982
77988
77997
78009
78012
78014
78020
78025
78026
78028
78030
78032
78035
78046
78052
78056
78057
78063
78074
78077
78080
78081
78086
78093
78094
78098
78100
78108
78117
78118
78123
78128
78131
78137
78147
78148
78149
78150
78154
78158
78163
78168
78184
78186
78203
78210
78217
78229
78235
78239
78243
78269
78275
78277
78278
78283
78286
78287
78290
78294
78296
78297
78312
78317
78321
78329
78331
78339
78342
78352
78354
78356
78364
78378
78399
78400
78408
78410
78412
78413
78414
78416
78418
78422
78429
78444
78447
78456
78458
78460
78464
78472
78475
78476
78477
78482
78483
78490
78491
78494
78500
78501
78507
78513
78514
78521
78530
78532
78533
78536
78537
78539
78551
78569
78572
78575
78587
78592
78597
78607
78620
78621
78622
78624
78634
78637
78642
78645
78649
78663
78665
78674
78675
78686
78689
78690
78696
78709
78715
78730
78734
78739
78746
78747
78751
78754
78755
78757
78765
78781
78783
78785
78787
78791
78793
78804
78809
78811
78826
78835
78838
78850
78851
78860
78862
78870
78876
78881
78882
78885
78886
78899
78903
78904
78912
78913
78932
78948
78951
78955
78957
78977
78986
79000
79008
79015
79023
79027
79029
79032
79042
79048
79053
79057
79058
79061
79071
79075
79076
79085
79092
79094
79097
79103
79104
79110
79117
79121
79122
79123
79124
79133
79134
79135
79144
79147
79148
79153
79164
79171
79172
79173
79183
79186
79189
79192
79196
79197
79201
79202
79217
79221
79223
79224
79225
79227
79229
79230
79235
79237
79238
79239
79241
79249
79251
79253
79257
79261
79262
79267
79269
79272
79275
79277
79280
79283
79287
79289
79290
79291
79303
79305
79307
79308
79314
79315
79318
79323
79341
79344
79357
79359
79360
79364
79366
79371
79379
79384
79393
79397
79402
79410
79412
79417
79422
79429
79437
79446
79450
79451
79458
79459
79467
79474
79477
79478
79479
79481
79487
79492
79493
79507
79518
79520
79530
79531
79532
79535
79536
79543
79544
79550
79553
79567
79568
79569
79572
79583
79585
79586
79589
79590
79594
79599
79604
79615
79616
79620
79624
79632
79637
79640
79643
79646
79648
79662
79666
79672
79680
79692
79696
79699
79702
79710
79719
79720
79721
79737
79743
79745
79748
79751
79752
79757
79767
79768
79774
79775
79780
79784
79785
79787
79791
79793
79794
79801
79814
79817
79818
79821
79843
79845
79848
79850
79851
79857
79859
79861
79863
79865
79870
79874
79875
79878
79883
79891
79897
79901
79903
79905
79913
79914
79919
79923
79924
79931
79932
79934
79938
79945
79948
79951
79953
79954
79957
79959
79963
79980
79982
79984
79985
80008
80011
80018
80026
80027
80034
80046
80047
80048
80056
80064
80074
80075
80091
80096
80101
80104
80113
80117
80133
80136
80139
80151
80155
80163
80166
80170
80174
80176
80179
80182
80190
80198
80215
80218
80229
80230
80233
80235
80240
80241
80244
80263
80277
80279
80285
80290
80293
80294
80295
80296
80299
80304
80305
80309
80311
80312
80319
80325
80327
80332
80336
80339
80341
80343
80348
80349
80352
80356
80362
80365
80369
80372
80374
80386
80404
80405
80407
80408
80411
80415
80418
80422
80427
80434
80438
80443
80445
80449
80454
80456
80457
80459
80460
80467
80469
80477
80488
80490
80492
80495
80500
80501
80502
80511
80514
80517
80518
80523
80527
80529
80537
80546
80551
80554
80566
80577
80578
80590
80596
80606
80610
80616
80624
80625
80636
80640
80657
80665
80677
80679
80686
80692
80703
80707
80729
80742
80743
80748
80752
80754
80762
80768
80770
80771
80772
80774
80777
80783
80788
80790
80794
80799
80802
80811
80813
80820
80826
80838
80844
80850
80855
80858
80861
80864
80865
80866
80867
80873
80874
80876
80889
80890
80893
80894
80898
80899
80911
80914
80917
80919
80920
80922
80923
80925
80927
80930
80934
80937
80943
80954
80955
80971
80972
80984
80987
80990
80994
81002
81008
81011
81016
81023
81034
81036
81044
81053
81054
81056
81069
81077
81078
81079
81083
81085
81086
81096
81097
81098
81111
81115
81117
81125
81126
81129
81134
81135
81138
81139
81140
81141
81150
81155
81156
81160
81162
81169
81170
81172
81177
81181
81182
81187
81192
81195
81202
81218
81220
81222
81224
81230
81231
81232
81235
81237
81241
81247
81254
81264
81269
81277
81286
81292
81293
81297
81299
81312
81323
81327
81332
81338
81349
81363
81365
81366
81384
81386
81401
81404
81407
81409
81415
81416
81417
81423
81426
81431
81439
81440
81450
81453
81456
81460
81461
81464
81468
81471
81489
81493
81496
81503
81509
81512
81513
81516
81523
81533
81534
81535
81540
81549
81556
81558
81574
81577
81579
81592
81595
81597
81602
81609
81614
81620
81624
81626
81629
81632
81642
81649
81654
81657
81661
81663
81664
81674
81690
81695
81696
81699
81721
81739
81740
81749
81759
81765
81778
81783
81795
81808
81812
81824
81825
81829
81830
81831
81836
81846
81850
81860
81871
81878
81882
81888
81897
81900
81906
81909
81914
81918
81920
81922
81923
81924
81925
81927
81929
81939
81953
81964
81966
81968
81969
81971
81974
81976
81986
81987
81997
82003
82006
82014
82032
82034
82035
82037
82040
82058
82059
82062
82067
82068
82077
82089
82092
82093
82100
82104
82105
82112
82115
82118
82122
82131
82134
82144
82154
82155
82156
82157
82162
82172
82173
82179
82180
82183
82202
82205
82206
82209
82217
82220
82232
82245
82246
82248
82257
82266
82268
82270
82272
82276
82283
82285
82292
82296
82302
82303
82307
82310
82315
82320
82322
82324
82330
82338
82344
82363
82379
82381
82382
82387
82391
82394
82396
82400
82402
82411
82414
82415
82420
82423
82427
82431
82434
82435
82436
82445
82448
82451
82453
82475
82483
82487
82493
82508
82510
82518
82521
82522
82535
82540
82543
82554
82566
82568
82571
82572
82581
82583
82585
82591
82596
82599
82600
82611
82614
82632
82633
82634
82643
82647
82651
82662
82664
82673
82674
82677
82679
82684
82685
82693
82695
82698
82703
82707
82716
82719
82723
82725
82731
82733
82734
82735
82738
82753
82756
82759
82763
82765
82770
82773
82776
82777
82778
82779
82783
82796
82800
82803
82808
82814
82821
82825
82828
82836
82838
82843
82844
82845
82846
82848
82849
82851
82860
82861
82867
82870
82881
82883
82886
82888
82889
82893
82900
82903
82911
82913
82914
82921
82922
82929
82933
82937
82945
82947
82959
82963
82972
82980
82981
82991
82992
82995
83005
83013
83022
83027
83028
83030
83042
83043
83044
83047
83050
83051
83055
83056
83059
83063
83071
83073
83078
83091
83102
83103
83109
83110
83117
83123
83124
83125
83127
83128
83131
83136
83145
83151
83154
83157
83158
83161
83172
83173
83177
83178
83181
83189
83192
83194
83197
83202
83212
83213
83218
83219
83224
83226
83227
83229
83242
83244
83251
83254
83258
83259
83261
83270
83274
83279
83284
83287
83293
83300
83307
83314
83315
83326
83331
83332
83350
83354
83359
83380
83391
83392
83393
83395
83397
83399
83426
83432
83433
83438
83439
83444
83465
83485
83487
83508
83511
83515
83520
83528
83533
83546
83547
83548
83550
83558
83561
83570
83580
83589
83596
83601
83603
83604
83608
83609
83629
83632
83635
83637
83638
83645
83663
83669
83672
83675
83687
83689
83698
83701
83704
83710
83712
83715
83720
83722
83728
83749
83756
83757
83764
83767
83768
83794
83796
83797
83798
83803
83818
83820
83821
83827
83828
83830
83832
83833
83845
83862
83866
83868
83870
83872
83874
83883
83892
83894
83899
83900
83902
83904
83905
83908
83909
83910
83926
83932
83947
83965
83969
83971
83972
83973
83991
83994
83995
84000
84014
84015
84019
84022
84028
84030
84039
84042
84051
84062
84064
84071
84075
84076
84086
84087
84090
84094
84095
84100
84106
84114
84116
84117
84131
84137
84141
84146
84149
84153
84154
84157
84167
84170
84171
84173
84178
84180
84181
84183
84184
84186
84187
84197
84199
84204
84209
84210
84212
84214
84229
84231
84237
84238
84240
84244
84250
84255
84258
84259
84263
84267
84275
84279
84283
84285
84289
84290
84305
84308
84309
84312
84315
84326
84327
84337
84340
84354
84355
84367
84369
84371
84374
84378
84380
84385
84395
84396
84401
84402
84406
84419
84425
84432
84444
84446
84453
84462
84470
84471
84475
84484
84493
84494
84497
84501
84510
84516
84518
84519
84524
84526
84528
84530
84534
84535
84537
84539
84542
84545
84552
84554
84559
84564
84566
84574
84576
84579
84582
84594
84600
84606
84609
84617
84623
84633
84648
84659
84666
84672
84677
84691
84697
84711
84712
84713
84714
84719
84720
84729
84735
84738
84746
84751
84752
84754
84764
84765
84766
84770
84775
84786
84788
84803
84817
84820
84823
84829
84830
84832
84834
84836
84839
84841
84842
84844
84854
84864
84873
84880
84886
84887
84896
84901
84902
84904
84906
84918
84925
84926
84934
84942
84946
84947
84950
84958
84967
84968
84983
84992
84995
84996
84997
84998
84999
85003
85006
85007
85011
85013
85017
85021
85031
85032
85045
85060
85065
85069
85071
85074
85076
85079
85089
85090
85092
85095
85099
85118
85121
85133
85140
85141
85150
85151
85154
85157
85158
85161
85162
85178
85180
85182
85189
85192
85195
85196
85206
85228
85233
85237
85238
85244
85251
85255
85266
85269
85277
85283
85289
85292
85297
85300
85309
85313
85317
85329
85332
85333
85334
85335
85340
85343
85349
85353
85354
85359
85361
85384
85393
85395
85396
85410
85411
85415
85416
85424
85425
85445
85446
85452
85453
85458
85464
85466
85473
85474
85476
85481
85485
85495
85499
85502
85515
85528
85530
85536
85539
85558
85580
85586
85587
85596
85597
85620
85625
85629
85640
85641
85645
85646
85648
85656
85661
85663
85669
85672
85676
85680
85682
85684
85685
85688
85689
85690
85693
85695
85700
85704
85706
85711
85714
85716
85723
85727
85730
85731
85734
85742
85743
85746
85752
85758
85772
85778
85781
85784
85785
85790
85797
85800
85803
85818
85823
85827
85830
85834
85836
85837
85840
85849
85851
85854
85856
85867
85879
85885
85892
85896
85904
85905
85909
85910
85916
85918
85920
85921
85922
85930
85937
85939
85945
85946
85950
85954
85957
85959
85968
85974
85978
85984
85991
85994
85997
86002
86011
86027
86031
86041
86047
86052
86053
86055
86056
86057
86058
86059
86061
86063
86067
86071
86073
86076
86079
86084
86092
86093
86095
86105
86113
86114
86115
86118
86119
86120
86129
86132
86133
86134
86142
86144
86147
86154
86164
86167
86170
86184
86189
86209
86211
86219
86230
86238
86244
86246
86252
86262
86264
86276
86292
86293
86298
86300
86329
86331
86332
86333
86338
86341
86349
86351
86355
86364
86369
86372
86380
86381
86382
86390
86396
86402
86406
86426
86433
86439
86441
86444
86458
86462
86473
86483
86489
86490
86491
86494
86495
86501
86505
86511
86513
86516
86518
86519
86526
86534
86541
86546
86549
86556
86557
86559
86573
86574
86575
86586
86589
86593
86594
86595
86596
86598
86603
86604
86611
86615
86616
86622
86623
86639
86642
86643
86646
86648
86655
86666
86667
86668
86670
86671
86678
86686
86688
86693
86697
86700
86701
86709
86710
86711
86712
86720
86724
86750
86754
86758
86762
86769
86771
86772
86787
86789
86803
86806
86810
86811
86817
86821
86825
86828
86831
86834
86835
86843
86844
86852
86853
86854
86865
86866
86889
86893
86897
86906
86916
86918
86921
86924
86926
86938
86939
86944
86953
86954
86956
86959
86965
86969
86970
86987
86991
86993
86994
86999
87001
87002
87006
87015
87020
87025
87026
87027
87028
87029
87037
87042
87043
87046
87050
87052
87060
87061
87068
87070
87071
87072
87076
87078
87087
87092
87094
87098
87102
87105
87106
87108
87115
87116
87120
87122
87126
87127
87135
87138
87140
87142
87144
87146
87159
87167
87168
87175
87176
87177
87183
87186
87188
87192
87199
87200
87201
87207
87208
87209
87214
87218
87228
87230
87235
87236
87241
87248
87249
87264
87274
87281
87295
87303
87305
87309
87317
87318
87324
87329
87344
87355
87356
87361
87363
87365
87370
87376
87378
87379
87380
87382
87388
87390
87391
87400
87403
87406
87412
87416
87419
87421
87423
87425
87426
87430
87433
87437
87439
87449
87455
87458
87462
87463
87465
87467
87471
87473
87475
87487
87498
87499
87501
87506
87518
87530
87537
87538
87543
87547
87550
87553
87560
87562
87565
87567
87570
87573
87583
87591
87599
87604
87610
87611
87612
87613
87619
87630
87634
87637
87650
87656
87660
87662
87663
87664
87665
87678
87694
87697
87702
87708
87718
87722
87723
87726
87738
87739
87742
87743
87748
87755
87758
87763
87774
87776
87783
87787
87788
87789
87795
87799
87803
87809
87812
87822
87830
87831
87832
87844
87850
87857
87865
87882
87884
87886
87899
87901
87903
87911
87917
87918
87927
87930
87939
87940
87943
87946
87950
87953
87955
87957
87962
87991
87995
88003
88008
88012
88015
88021
88032
88037
88038
88042
88047
88051
88064
88066
88074
88086
88087
88088
88095
88100
88101
88116
88118
88120
88123
88131
88135
88136
88138
88139
88140
88143
88152
88157
88164
88170
88178
88182
88192
88195
88197
88205
88211
88212
88213
88218
88219
88221
88241
88245
88249
88251
88261
88263
88285
88287
88288
88292
88293
88294
88297
88298
88306
88310
88311
88314
88316
88325
88335
88338
88343
88344
88348
88359
88376
88379
88380
88382
88397
88404
88411
88414
88416
88430
88451
88458
88465
88469
88474
88475
88488
88492
88512
88513
88520
88525
88529
88533
88535
88538
88541
88543
88556
88575
88577
88581
88592
88594
88596
88601
88606
88608
88611
88613
88614
88616
88623
88625
88626
88631
88637
88643
88650
88653
88662
88664
88665
88691
88694
88697
88705
88709
88711
88713
88715
88724
88733
88735
88738
88740
88747
88752
88756
88759
88760
88763
88767
88776
88785
88788
88796
88797
88807
88808
88810
88812
88820
88821
88825
88828
88831
88837
88840
88843
88844
88848
88850
88851
88856
88859
88862
88866
88869
88876
88881
88884
88887
88888
88895
88902
88906
88912
88915
88919
88920
88925
88926
88938
88940
88941
88947
88948
88949
88952
88962
88964
88971
88983
88984
88988
88989
88993
88995
88998
89002
89008
89022
89023
89025
89028
89031
89032
89033
89036
89037
89039
89047
89053
89058
89062
89065
89072
89079
89080
89085
89098
89102
89105
89106
89129
89130
89138
89151
89154
89182
89191
89192
89196
89197
89202
89206
89207
89210
89213
89215
89221
89222
89224
89229
89230
89231
89233
89234
89238
89255
89265
89272
89280
89282
89284
89301
89314
89315
89316
89317
89321
89322
89326
89329
89336
89340
89345
89350
89359
89370
89377
89379
89380
89385
89390
89393
89397
89398
89407
89409
89427
89431
89435
89436
89441
89446
89460
89464
89465
89469
89473
89476
89477
89478
89489
89499
89507
89511
89524
89531
89538
89540
89543
89548
89553
89554
89558
89560
89561
89564
89567
89572
89576
89577
89579
89581
89582
89585
89589
89597
89606
89612
89617
89622
89623
89625
89634
89635
89638
89640
89648
89652
89668
89682
89683
89694
89699
89701
89702
89709
89715
89723
89730
89737
89741
89744
89753
89758
89762
89770
89774
89777
89780
89785
89789
89790
89794
89795
89800
89801
89811
89818
89819
89825
89828
89829
89833
89836
89838
89840
89848
89852
89860
89861
89879
89886
89887
89891
89895
89901
89905
89907
89912
89913
89925
89957
89958
89962
89964
89968
89970
89971
89982
89994
89997
90005
90015
90020
90021
90026
90030
90032
90039
90042
90045
90046
90051
90057
90062
90064
90067
90068
90072
90074
90077
90080
90082
90088
90094
90097
90098
90101
90102
90107
90124
90126
90129
90134
90144
90148
90150
90154
90158
90163
90169
90171
90173
90180
90183
90186
90193
90198
90203
90207
90210
90212
90214
90226
90228
90231
90232
90236
90237
90259
90271
90273
90291
90294
90296
90298
90299
90300
90301
90304
90308
90315
90320
90323
90325
90326
90332
90333
90335
90353
90354
90359
90375
90376
90377
90387
90394
90396
90412
90419
90424
90425
90433
90436
90439
90446
90455
90456
90460
90464
90465
90469
90474
90476
90478
90482
90483
90485
90486
90487
90491
90493
90496
90497
90505
90510
90514
90520
90525
90530
90531
90536
90541
90548
90554
90558
90562
90563
90564
90565
90567
90572
90578
90584
90587
90601
90611
90615
90618
90620
90623
90627
90629
90641
90646
90650
90655
90663
90672
90676
90678
90681
90695
90696
90697
90701
90703
90705
90706
90707
90708
90709
90711
90715
90728
90732
90746
90747
90748
90749
90750
90757
90761
90768
90772
90774
90776
90777
90783
90784
90785
90800
90806
90809
90814
90815
90833
90846
90852
90853
90856
90868
90877
90882
90890
90915
90917
90919
90925
90934
90944
90949
90967
90968
90972
90985
90996
90997
90999
91008
91026
91031
91032
91034
91035
91051
91055
91064
91074
91088
91092
91097
91107
91108
91111
91115
91116
91118
91121
91124
91144
91148
91154
91155
91176
91181
91194
91197
91202
91210
91214
91216
91221
91226
91230
91236
91238
91241
91272
91273
91279
91280
91284
91286
91289
91292
91295
91297
91298
91299
91307
91309
91310
91313
91314
91316
91322
91330
91332
91333
91339
91347
91353
91360
91363
91364
91368
91388
91390
91399
91402
91403
91405
91407
91415
91419
91424
91430
91440
91443
91458
91462
91466
91481
91483
91492
91501
91502
91505
91514
91515
91516
91525
91528
91531
91537
91538
91539
91542
91550
91553
91555
91569
91571
91573
91580
91583
91584
91587
91591
91595
91597
91599
91603
91606
91608
91613
91614
91616
91619
91623
91626
91627
91639
91644
91647
91654
91657
91664
91667
91669
91673
91677
91684
91690
91702
91705
91714
91720
91721
91722
91724
91726
91727
91729
91732
91734
91738
91740
91744
91748
91755
91760
91764
91767
91774
91780
91787
91788
91792
91795
91797
91798
91801
91809
91815
91831
91835
91838
91841
91846
91849
91852
91860
91862
91866
91872
91873
91888
91892
91894
91900
91903
91904
91920
91924
91938
91942
91945
91948
91953
91959
91963
91964
91967
91970
91972
91975
91979
91984
91985
91988
91990
91991
92001
92002
92003
92015
92017
92036
92038
92042
92047
92052
92057
92058
92063
92072
92083
92085
92086
92087
92088
92089
92091
92097
92100
92105
92113
92116
92131
92132
92149
92158
92172
92189
92190
92204
92205
92206
92207
92208
92213
92217
92221
92238
92239
92245
92248
92251
92255
92268
92269
92274
92275
92278
92283
92284
92303
92306
92309
92311
92318
92324
92325
92326
92331
92332
92335
92338
92346
92347
92352
92354
92355
92358
92365
92373
92382
92383
92385
92386
92392
92399
92400
92401
92410
92411
92413
92416
92419
92420
92425
92441
92446
92452
92453
92457
92459
92469
92473
92474
92476
92490
92492
92497
92506
92507
92512
92513
92517
92523
92525
92527
92529
92531
92542
92547
92556
92567
92585
92611
92612
92616
92623
92628
92632
92633
92634
92636
92640
92641
92650
92652
92660
92666
92671
92672
92678
92681
92686
92688
92692
92694
92706
92716
92718
92719
92731
92739
92742
92744
92755
92761
92765
92773
92783
92788
92789
92791
92796
92798
92801
92803
92808
92812
92814
92819
92848
92850
92856
92858
92866
92880
92881
92889
92891
92895
92899
92905
92906
92908
92911
92914
92924
92933
92937
92949
92950
92958
92960
92985
92986
92987
92990
92995
93003
93011
93018
93021
93025
93027
93035
93039
93042
93051
93056
93079
93080
93082
93088
93096
93099
93105
93109
93114
93116
93125
93131
93135
93142
93147
93150
93152
93155
93158
93160
93181
93188
93199
93201
93205
93207
93208
93209
93212
93215
93222
93225
93226
93234
93237
93238
93239
93240
93241
93250
93258
93260
93263
93264
93277
93279
93286
93288
93296
93300
93302
93303
93304
93307
93340
93356
93360
93366
93368
93395
93400
93401
93403
93412
93416
93428
93441
93444
93457
93458
93462
93464
93465
93466
93470
93473
93491
93494
93496
93498
93503
93504
93506
93509
93510
93512
93516
93517
93528
93538
93539
93550
93557
93563
93568
93569
93571
93573
93583
93586
93597
93605
93612
93625
93627
93635
93637
93639
93640
93641
93643
93659
93666
93667
93668
93670
93673
93676
93684
93686
93692
93695
93698
93708
93710
93720
93736
93750
93755
93770
93772
93776
93782
93799
93800
93803
93804
93807
93814
93822
93834
93835
93838
93842
93846
93847
93853
93854
93859
93864
93872
93879
93888
93907
93910
93915
93919
93925
93935
93938
93940
93945
93947
93951
93954
93967
93975
93997
94003
94020
94030
94031
94050
94054
94059
94062
94074
94081
94089
94091
94095
94096
94106
94108
94115
94116
94117
94120
94125
94130
94141
94143
94147
94167
94168
94179
94181
94192
94194
94200
94204
94212
94214
94218
94219
94220
94228
94232
94236
94240
94243
94244
94246
94262
94269
94275
94280
94288
94290
94291
94293
94296
94309
94315
94316
94325
94327
94334
94339
94341
94344
94352
94372
94377
94386
94389
94396
94402
94416
94419
94420
94421
94423
94424
94429
94434
94435
94443
94444
94445
94448
94457
94458
94461
94474
94481
94482
94484
94487
94488
94493
94498
94499
94500
94504
94506
94514
94516
94517
94518
94522
94524
94536
94551
94557
94563
94566
94568
94576
94579
94582
94583
94585
94586
94592
94594
94601
94630
94640
94653
94655
94657
94659
94664
94667
94670
94673
94691
94698
94701
94702
94704
94713
94717
94721
94724
94733
94749
94751
94757
94758
94760
94774
94782
94785
94791
94794
94796
94800
94805
94806
94813
94819
94822
94829
94840
94841
94842
94844
94849
94851
94855
94857
94858
94863
94867
94869
94870
94876
94878
94885
94886
94887
94888
94892
94893
94895
94897
94908
94909
94914
94915
94920
94922
94932
94943
94946
94949
94955
94961
94963
94969
94995
94997
95013
95020
95024
95031
95033
95035
95040
95051
95057
95059
95063
95067
95076
95077
95079
95085
95090
95092
95093
95103
95108
95118
95120
95125
95130
95131
95136
95139
95140
95155
95156
95162
95168
95169
95178
95187
95190
95195
95196
95203
95204
95206
95227
95228
95233
95246
95250
95253
95257
95259
95260
95261
95270
95274
95276
95281
95282
95283
95286
95287
95288
95291
95304
95306
95314
95321
95322
95337
95339
95344
95355
95358
95364
95366
95368
95369
95371
95374
95378
95383
95386
95389
95394
95399
95403
95418
95433
95435
95436
95438
95444
95445
95455
95459
95463
95483
95484
95489
95492
95493
95509
95521
95523
95527
95528
95530
95531
95545
95558
95564
95571
95577
95578
95586
95591
95592
95595
95597
95598
95605
95607
95609
95610
95618
95621
95622
95623
95627
95628
95629
95632
95633
95634
95643
95644
95646
95648
95650
95655
95657
95659
95660
95661
95666
95674
95675
95676
95678
95685
95686
95691
95694
95695
95701
95703
95707
95708
95716
95718
95723
95729
95732
95741
95743
95745
95756
95758
95767
95786
95788
95800
95801
95802
95807
95809
95810
95812
95814
95816
95819
95828
95830
95834
95836
95839
95849
95853
95861
95865
95879
95889
95890
95892
95904
95909
95910
95915
95920
95931
95933
95940
95941
95944
95945
95957
95958
95960
95976
95978
95988
95992
95993
95996
96006
96007
96011
96012
96013
96020
96024
96027
96029
96031
96035
96038
96049
96050
96053
96058
96060
96063
96072
96077
96082
96083
96086
96090
96093
96094
96095
96103
96104
96107
96112
96117
96131
96133
96135
96136
96141
96148
96149
96152
96153
96164
96165
96167
96170
96173
96174
96188
96202
96210
96212
96218
96225
96228
96231
96233
96236
96240
96245
96263
96269
96288
96291
96295
96305
96307
96310
96328
96332
96335
96341
96361
96363
96368
96374
96385
96386
96391
96393
96395
96396
96397
96398
96402
96413
96419
96426
96433
96448
96455
96461
96468
96475
96480
96482
96484
96485
96486
96488
96491
96493
96494
96499
96503
96504
96522
96523
96524
96526
96531
96533
96534
96537
96554
96563
96565
96566
96570
96576
96577
96582
96583
96595
96596
96601
96608
96610
96615
96616
96619
96624
96632
96634
96639
96641
96648
96649
96654
96656
96661
96664
96665
96667
96671
96684
96686
96688
96692
96701
96710
96714
96744
96747
96766
96773
96778
96780
96783
96785
96786
96791
96795
96796
96797
96800
96804
96819
96826
96827
96829
96837
96840
96847
96849
96850
96851
96852
96855
96856
96857
96869
96874
96881
96882
96886
96887
96908
96910
96919
96922
96924
96925
96930
96935
96946
96948
96950
96960
96961
96964
96967
96983
96988
96994
97000
97007
97013
97016
97017
97020
97030
97040
97043
97069
97074
97088
97089
97094
97097
97099
97102
97106
97110
97111
97114
97121
97122
97137
97138
97143
97161
97163
97164
97165
97166
97168
97187
97191
97198
97202
97206
97218
97230
97231
97233
97251
97253
97255
97258
97259
97260
97265
97267
97271
97274
97276
97284
97290
97296
97301
97315
97324
97326
97330
97332
97333
97348
97358
97362
97379
97385
97387
97392
97400
97402
97410
97415
97417
97425
97427
97431
97433
97438
97444
97450
97459
97460
97461
97462
97465
97469
97511
97512
97517
97520
97521
97523
97524
97528
97529
97532
97534
97537
97542
97546
97547
97556
97562
97578
97579
97587
97592
97595
97598
97600
97605
97607
97620
97631
97639
97643
97645
97647
97649
97655
97658
97659
97661
97669
97675
97676
97677
97680
97686
97687
97688
97689
97690
97698
97708
97717
97728
97739
97744
97748
97749
97759
97760
97769
97783
97785
97788
97790
97804
97820
97821
97822
97840
97843
97848
97849
97855
97856
97859
97871
97872
97873
97878
97880
97887
97893
97908
97915
97916
97917
97925
97926
97927
97930
97931
97937
97938
97946
97948
97951
97960
97966
97969
97980
97991
97992
98003
98016
98017
98020
98030
98035
98037
98045
98046
98049
98053
98060
98074
98076
98077
98079
98083
98099
98104
98112
98113
98118
98119
98125
98126
98134
98147
98156
98157
98158
98164
98165
98182
98189
98191
98218
98222
98224
98234
98235
98237
98251
98253
98258
98269
98271
98275
98281
98285
98288
98290
98292
98298
98302
98308
98309
98311
98314
98315
98319
98323
98332
98333
98338
98341
98347
98363
98364
98365
98367
98379
98382
98385
98389
98398
98400
98401
98415
98416
98421
98430
98434
98446
98449
98450
98451
98453
98456
98464
98471
98473
98481
98488
98494
98498
98501
98508
98510
98513
98516
98521
98522
98523
98524
98534
98536
98537
98540
98550
98551
98554
98557
98558
98559
98565
98582
98586
98590
98596
98598
98603
98605
98608
98626
98627
98638
98647
98648
98649
98655
98661
98665
98667
98672
98678
98679
98685
98688
98692
98694
98700
98706
98708
98716
98717
98721
98727
98728
98732
98734
98742
98743
98747
98759
98784
98798
98811
98815
98816
98819
98824
98825
98826
98830
98831
98834
98836
98846
98858
98864
98866
98867
98876
98880
98881
98882
98891
98892
98898
98903
98916
98920
98932
98941
98945
98955
98961
98964
98966
98967
98969
98971
98974
98979
98981
98985
98993
98999
99000
99001
99006
99007
99009
99012
99014
99025
99026
99028
99031
99052
99056
99067
99068
99071
99077
99083
99092
99098
99099
99103
99104
99105
99109
99113
99115
99118
99120
99125
99131
99144
99147
99151
99155
99159
99168
99169
99170
99178
99181
99182
99188
99205
99217
99218
99221
99233
99238
99241
99245
99249
99260
99263
99266
99267
99274
99275
99276
99281
99286
99287
99288
99289
99298
99300
99305
99308
99309
99316
99324
99326
99328
99336
99339
99356
99359
99370
99375
99380
99382
99389
99395
99396
99411
99413
99414
99424
99431
99435
99439
99444
99455
99459
99461
99468
99471
99473
99481
99482
99495
99497
99498
99506
99509
99530
99532
99533
99539
99542
99543
99544
99549
99552
99561
99564
99572
99573
99583
99593
99597
99606
99617
99629
99637
99639
99640
99648
99649
99650
99653
99666
99671
99675
99678
99680
99687
99690
99693
99698
99701
99703
99707
99708
99713
99714
99719
99726
99732
99746
99752
99755
99775
99782
99795
99796
99800
99805
99813
99821
99822
99832
99836
99838
99842
99845
99855
99858
99870
99871
99875
99876
99878
99896
99897
99900
99906
99907
99910
99913
99915
99927
99934
99937
99940
99950
99955
99958
99963
99967
99969
99970
99971
99977
99980
99983
99993
99994
100002
100005
100009
100021
100024
100027
100033
100037
100045
100048
100055
100057
100061
100063
100064
100068
100074
100076
100079
100080
100082
100084
100085
100086
100092
100093
100094
100096
100097
100103
100105
100110
100120
100122
100128
100140
100142
100146
100150
100157
100174
100175
100177
100178
100191
100195
100198
100209
100210
100216
100217
100227
100240
100242
100247
100258
100261
100263
100268
100269
100270
100277
100278
100285
100291
100294
100306
100317
100325
100329
100341
100345
100354
100355
100358
100360
100361
100366
100368
100370
100371
100387
100390
100398
100399
100400
100403
100404
100418
100426
100431
100433
100434
100438
100448
100451
100452
100459
100480
100485
100491
100492
100498
100503
100504
100505
100513
100519
100525
100528
100530
100531
100543
100552
100560
100565
100598
100607
100613
100616
100622
100626
100629
100630
100634
100637
100638
100643
100644
100650
100654
100658
100662
100664
100665
100677
100678
100681
100685
100689
100690
100694
100699
100702
100720
100725
100726
100729
100731
100732
100733
100741
100742
100744
100749
100750
100758
100759
100767
100769
100774
100782
100785
100790
100794
100797
100805
100810
100812
100813
100819
100825
100827
100833
100834
100842
100844
100846
100847
100850
100886
100889
100890
100895
100906
100914
100915
100917
100921
100922
100934
100937
100941
100951
100965
100975
100978
100986
100990
100994
101005
101010
101016
101020
101026
101031
101038
101042
101056
101059
101062
101082
101083
101090
101092
101099
101100
101104
101105
101106
101107
101108
101116
101118
101126
101136
101137
101147
101169
101173
101178
101190
101197
101198
101200
101211
101216
101227
101229
101231
101233
101238
101239
101242
101246
101250
101251
101253
101254
101256
101266
101268
101277
101290
101292
101299
101307
101309
101318
101319
101331
101334
101337
101340
101347
101348
101350
101351
101358
101389
101393
101395
101397
101398
101408
101410
101412
101427
101436
101438
101441
101447
101448
101459
101460
101465
101467
101470
101474
101482
101483
101484
101490
101491
101493
101497
101499
101504
101507
101511
101520
101522
101527
101529
101547
101552
101566
101576
101581
101586
101589
101590
101595
101596
101607
101614
101615
101620
101622
101623
101626
101628
101630
101635
101639
101641
101642
101645
101646
101651
101652
101654
101657
101664
101665
101666
101669
101676
101682
101685
101695
101708
101728
101738
101743
101744
101747
101748
101751
101752
101753
101761
101763
101766
101767
101774
101776
101778
101780
101794
101797
101802
101803
101809
101812
101813
101816
101817
101822
101831
101843
101850
101854
101865
101880
101884
101887
101890
101893
101896
101898
101904
101906
101907
101913
101915
101921
101929
101932
101933
101936
101938
101942
101947
101951
101962
101968
101970
101974
101979
101985
101988
101990
101992
101993
101998
101999
102001
102003
102009
102020
102021
102031
102036
102039
102043
102049
102054
102055
102057
102060
102071
102073
102074
102078
102081
102082
102085
102095
102104
102108
102121
102126
102131
102136
102138
102149
102150
102156
102170
102173
102178
102182
102184
102186
102187
102194
102202
102204
102205
102206
102213
102214
102226
102227
102228
102229
102237
102240
102247
102249
102251
102254
102260
102261
102264
102266
102274
102280
102283
102285
102289
102297
102298
102304
102308
102323
102325
102327
102333
102336
102349
102351
102355
102360
102364
102367
102377
102378
102379
102384
102392
102396
102397
102398
102399
102406
102408
102410
102422
102423
102428
102431
102436
102438
102440
102451
102454
102477
102484
102487
102489
102494
102496
102503
102506
102508
102511
102522
102524
102525
102526
102528
102530
102532
102535
102537
102540
102554
102556
102558
102565
102566
102568
102570
102571
102581
102582
102586
102592
102593
102598
102601
102607
102608
102616
102625
102630
102632
102640
102649
102658
102670
102679
102683
102684
102695
102707
102726
102731
102733
102746
102751
102761
102785
102790
102798
102802
102803
102804
102807
102808
102817
102821
102824
102839
102848
102850
102851
102854
102857
102861
102866
102877
102878
102880
102883
102884
102885
102892
102896
102899
102903
102904
102907
102913
102916
102917
102924
102927
102934
102940
102945
102954
102957
102958
102960
102962
102976
102979
102985
102994
103001
103006
103010
103013
103014
103017
103033
103035
103039
103045
103047
103048
103051
103057
103063
103067
103068
103084
103087
103093
103102
103107
103109
103111
103112
103116
103118
103125
103145
103146
103148
103150
103161
103162
103164
103165
103170
103179
103186
103189
103197
103202
103209
103211
103213
103215
103219
103233
103241
103245
103255
103258
103265
103292
103295
103298
103309
103318
103321
103322
103340
103343
103346
103350
103351
103356
103362
103364
103370
103379
103386
103389
103392
103395
103412
103413
103416
103420
103421
103422
103425
103429
103434
103436
103440
103450
103453
103456
103457
103465
103467
103469
103472
103488
103493
103495
103496
103497
103499
103504
103505
103512
103518
103524
103533
103541
103543
103545
103548
103551
103552
103554
103559
103560
103566
103569
103573
103581
103583
103584
103586
103591
103594
103603
103604
103612
103615
103618
103620
103621
103625
103633
103639
103644
103645
103651
103653
103658
103660
103665
103666
103669
103676
103677
103684
103694
103698
103699
103710
103711
103712
103715
103719
103724
103726
103731
103732
103734
103735
103746
103747
103752
103755
103758
103760
103761
103765
103772
103777
103780
103783
103785
103791
103794
103795
103797
103805
103808
103815
103820
103821
103828
103833
103837
103841
103844
103847
103850
103852
103853
103856
103859
103877
103894
103897
103898
103903
103904
103908
103913
103915
103921
103922
103923
103924
103928
103931
103936
103946
103952
103960
103962
103965
103967
103969
103974
103977
103978
103981
103982
103985
103998
104000
104006
104010
104018
104026
104030
104052
104062
104070
104073
104077
104081
104088
104090
104091
104093
104096
104098
104099
104103
104109
104110
104113
104117
104120
104131
104133
104134
104135
104138
104156
104195
104196
104198
104202
104205
104206
104207
104211
104219
104222
104225
104230
104239
104241
104243
104246
104255
104276
104281
104292
104293
104294
104295
104300
104302
104306
104309
104312
104317
104319
104320
104330
104332
104346
104359
104361
104362
104363
104368
104370
104373
104377
104386
104388
104395
104408
104414
104416
104420
104424
104425
104427
104434
104436
104444
104445
104461
104467
104469
104470
104476
104491
104493
104496
104498
104502
104504
104508
104509
104514
104519
104522
104535
104536
104540
104542
104544
104545
104551
104554
104568
104569
104570
104572
104573
104575
104576
104579
104585
104588
104594
104595
104596
104598
104623
104626
104630
104636
104641
104642
104654
104662
104663
104664
104677
104683
104684
104686
104687
104688
104690
104693
104695
104697
104700
104701
104705
104706
104708
104711
104716
104721
104738
104742
104743
104748
104752
104753
104754
104755
104761
104771
104774
104793
104797
104803
104807
104814
104821
104825
104833
104834
104843
104858
104860
104866
104874
104877
104878
104880
104889
104893
104896
104897
104901
104906
104907
104912
104920
104925
104933
104937
104943
104944
104945
104952
104960
104973
104978
104987
104989
104992
104996
104998
105011
105015
105018
105030
105036
105039
105046
105047
105050
105054
105072
105075
105078
105089
105096
105104
105106
105107
105111
105112
105114
105115
105125
105140
105144
105145
105150
105151
105156
105166
105172
105173
105176
105185
105193
105199
105200
105213
105216
105223
105225
105233
105244
105248
105250
105251
105265
105266
105269
105284
105286
105287
105289
105298
105299
105310
105316
105327
105331
105337
105343
105347
105351
105358
105359
105362
105370
105373
105376
105378
105386
105390
105397
105403
105410
105422
105423
105425
105427
105429
105442
105446
105468
105476
105477
105478
105486
105487
105490
105495
105510
105515
105524
105528
105535
105540
105541
105544
105545
105549
105550
105554
105561
105564
105572
105574
105581
105585
105591
105596
105602
105606
105609
105618
105630
105638
105648
105658
105665
105673
105674
105687
105692
105693
105704
105708
105709
105710
105715
105720
105722
105723
105725
105726
105728
105732
105733
105734
105742
105754
105755
105758
105763
105766
105773
105777
105779
105780
105785
105804
105806
105808
105810
105811
105813
105814
105832
105834
105835
105837
105841
105843
105844
105846
105849
105853
105860
105864
105872
105874
105880
105881
105890
105894
105899
105904
105905
105908
105912
105913
105915
105918
105921
105925
105928
105936
105939
105940
105942
105944
105964
105966
105974
105985
105988
105992
105993
105998
105999
106002
106005
106006
106012
106019
106021
106033
106036
106043
106048
106056
106070
106078
106098
106104
106118
106127
106130
106144
106145
106148
106150
106151
106162
106164
106171
106185
106186
106193
106210
106213
106215
106230
106234
106237
106243
106244
106256
106257
106268
106277
106285
106287
106291
106298
106301
106304
106311
106316
106323
106328
106335
106338
106342
106347
106356
106358
106359
106362
106364
106368
106373
106380
106386
106392
106394
106402
106403
106407
106408
106411
106423
106428
106435
106438
106453
106466
106467
106470
106471
106475
106484
106487
106488
106498
106504
106505
106509
106513
106515
106522
106529
106536
106541
106549
106557
106566
106568
106570
106571
106577
106578
106580
106582
106583
106586
106588
106589
106596
106599
106600
106601
106604
106611
106638
106644
106655
106657
106658
106670
106672
106676
106681
106684
106687
106691
106695
106701
106709
106716
106717
106726
106729
106731
106732
106736
106738
106752
106761
106762
106769
106774
106776
106780
106783
106786
106795
106797
106806
106807
106813
106814
106816
106826
106829
106837
106839
106842
106846
106847
106850
106852
106858
106867
106874
106879
106885
106890
106891
106893
106895
106898
106901
106903
106904
106906
106913
106916
106918
106919
106924
106935
106941
106943
106944
106949
106957
106962
106966
106967
106990
106993
106996
107002
107009
107013
107023
107030
107033
107034
107036
107040
107045
107057
107059
107065
107074
107076
107088
107093
107103
107108
107110
107112
107119
107130
107132
107133
107140
107141
107142
107157
107159
107162
107164
107167
107168
107177
107178
107186
107188
107198
107205
107206
107214
107215
107219
107220
107226
107233
107234
107237
107238
107250
107251
107253
107258
107264
107269
107271
107274
107276
107277
107282
107286
107287
107293
107306
107308
107315
107320
107321
107325
107333
107340
107341
107344
107348
107350
107351
107353
107354
107366
107369
107370
107377
107378
107380
107388
107391
107395
107406
107408
107410
107412
107422
107438
107440
107442
107443
107444
107452
107455
107458
107460
107471
107472
107475
107487
107489
107495
107500
107512
107514
107522
107527
107530
107532
107542
107545
107547
107550
107558
107561
107566
107570
107572
107595
107596
107597
107600
107607
107630
107651
107667
107671
107676
107687
107688
107691
107700
107703
107704
107705
107724
107725
107729
107732
107737
107759
107766
107769
107779
107781
107785
107789
107793
107794
107797
107799
107802
107803
107806
107808
107811
107812
107813
107822
107825
107831
107835
107837
107840
107849
107850
107851
107853
107860
107861
107866
107875
107881
107884
107893
107894
107901
107903
107904
107914
107925
107929
107933
107935
107937
107938
107942
107952
107957
107959
107967
107970
107973
107977
107979
107983
107986
107991
108003
108004
108005
108007
108022
108030
108040
108041
108046
108047
108054
108055
108060
108066
108077
108086
108092
108094
108099
108104
108108
108116
108117
108126
108136
108137
108141
108143
108147
108156
108157
108159
108163
108166
108169
108183
108184
108191
108202
108204
108206
108208
108210
108216
108225
108235
108236
108238
108241
108243
108248
108250
108251
108255
108264
108270
108271
108272
108273
108277
108280
108296
108303
108304
108305
108308
108309
108311
108321
108329
108334
108335
108342
108346
108357
108366
108367
108374
108376
108382
108386
108394
108398
108399
108405
108406
108413
108415
108416
108418
108425
108433
108435
108442
108451
108468
108472
108477
108484
108487
108489
108491
108502
108513
108517
108522
108532
108537
108544
108552
108555
108556
108566
108567
108572
108573
108576
108587
108599
108600
108601
108608
108609
108613
108619
108624
108626
108631
108637
108638
108640
108642
108657
108659
108666
108679
108680
108685
108688
108690
108691
108693
108699
108701
108705
108710
108712
108719
108720
108721
108730
108731
108734
108736
108752
108754
108755
108761
108762
108766
108767
108774
108776
108782
108784
108786
108791
108796
108797
108806
108817
108825
108827
108836
108840
108845
108856
108864
108865
108869
108871
108877
108879
108885
108890
108891
108894
108906
108907
108926
108927
108942
108948
108952
108958
108961
108968
108969
108980
108993
108994
109008
109024
109026
109028
109032
109036
109044
109048
109051
109052
109056
109061
109070
109071
109074
109075
109078
109081
109082
109087
109093
109094
109097
109102
109107
109123
109125
109129
109132
109138
109142
109145
109146
109148
109152
109153
109155
109157
109160
109161
109171
109179
109183
109185
109188
109192
109194
109196
109215
109217
109223
109227
109232
109242
109250
109251
109253
109259
109267
109271
109279
109282
109285
109292
109298
109303
109309
109311
109313
109314
109333
109336
109339
109346
109347
109348
109350
109359
109371
109372
109380
109391
109392
109393
109397
109398
109400
109417
109432
109436
109437
109438
109439
109444
109449
109454
109469
109471
109473
109474
109484
109488
109493
109499
109500
109502
109503
109514
109525
109529
109533
109534
109536
109542
109548
109549
109557
109558
109560
109564
109565
109570
109575
109576
109579
109603
109604
109609
109613
109619
109620
109626
109633
109634
109638
109639
109642
109647
109650
109655
109660
109664
109668
109671
109674
109678
109679
109685
109687
109703
109714
109717
109720
109728
109740
109742
109748
109755
109758
109759
109764
109776
109777
109780
109781
109782
109790
109811
109816
109820
109828
109829
109841
109844
109847
109857
109863
109865
109869
109870
109887
109888
109889
109897
109902
109903
109908
109910
109914
109915
109917
109921
109926
109928
109934
109936
109939
109942
109946
109961
109963
109967
109968
109973
109986
109987
109988
109995
109996
110004
110008
110015
110017
110018
110019
110027
110030
110041
110045
110067
110074
110089
110093
110095
110108
110110
110113
110133
110137
110143
110160
110162
110163
110168
110171
110172
110173
110176
110178
110179
110181
110188
110198
110203
110207
110221
110222
110223
110226
110227
110234
110239
110248
110252
110256
110259
110260
110262
110266
110272
110273
110276
110286
110292
110294
110296
110298
110302
110304
110308
110311
110312
110325
110328
110329
110334
110340
110342
110343
110354
110366
110368
110370
110371
110385
110386
110395
110398
110400
110405
110409
110411
110413
110426
110428
110430
110439
110443
110450
110451
110454
110464
110468
110470
110482
110486
110488
110496
110503
110516
110517
110519
110525
110526
110528
110529
110534
110535
110542
110543
110544
110549
110558
110568
110569
110571
110573
110574
110594
110609
110614
110619
110628
110632
110635
110637
110640
110649
110657
110664
110666
110674
110679
110680
110681
110684
110688
110689
110691
110694
110695
110697
110702
110705
110706
110708
110716
110725
110727
110740
110743
110750
110756
110760
110763
110766
110768
110771
110776
110779
110785
110786
110788
110792
110794
110798
110800
110806
110811
110816
110822
110824
110827
110828
110834
110844
110845
110848
110855
110858
110859
110865
110868
110870
110890
110898
110904
110907
110911
110914
110924
110929
110936
110954
110957
110968
110969
110971
110972
110973
110976
110981
110990
110994
110998
111005
111006
111009
111012
111013
111021
111024
111026
111029
111030
111031
111032
111049
111051
111056
111058
111060
111062
111065
111067
111068
111071
111079
111091
111092
111093
111095
111099
111108
111109
111119
111121
111126
111135
111142
111146
111151
111152
111163
111173
111181
111184
111191
111192
111195
111196
111204
111206
111210
111212
111216
111219
111220
111225
111235
111239
111244
111246
111252
111255
111260
111263
111269
111278
111284
111286
111288
111289
111297
111299
111300
111302
111311
111313
111317
111319
111329
111334
111336
111351
111371
111376
111382
111387
111388
111393
111405
111408
111409
111416
111418
111419
111430
111435
111452
111454
111455
111457
111469
111475
111476
111484
111487
111493
111494
111495
111496
111508
111512
111515
111530
111533
111542
111549
111550
111554
111566
111568
111572
111579
111583
111585
111587
111589
111596
111598
111599
111602
111607
111608
111613
111614
111615
111625
111628
111634
111635
111636
111637
111640
111641
111643
111644
111648
111651
111654
111660
111662
111664
111677
111679
111681
111692
111696
111697
111701
111705
111711
111715
111729
111732
111739
111745
111748
111753
111759
111775
111779
111790
111813
111815
111816
111824
111828
111833
111841
111857
111862
111863
111864
111867
111868
111871
111884
111889
111894
111899
111902
111909
111911
111924
111925
111928
111929
111931
111932
111936
111942
111955
111960
111961
111966
111974
111982
111984
111989
111991
111995
112001
112003
112004
112015
112019
112029
112031
112032
112034
112042
112054
112057
112059
112060
112066
112067
112080
112081
112084
112095
112102
112104
112108
112125
112126
112130
112134
112149
112152
112153
112155
112163
112170
112179
112189
112197
112200
112201
112208
112211
112217
112224
112225
112228
112240
112259
112263
112264
112272
112277
112280
112281
112290
112297
112305
112325
112326
112327
112341
112349
112353
112355
112364
112366
112373
112385
112388
112390
112398
112401
112413
112424
112438
112442
112447
112451
112453
112464
112468
112471
112475
112476
112481
112482
112486
112489
112502
112508
112511
112512
112513
112514
112529
112534
112536
112538
112544
112547
112549
112554
112555
112558
112561
112564
112569
112572
112575
112578
112592
112601
112602
112613
112621
112624
112625
112627
112629
112632
112634
112636
112643
112648
112650
112655
112660
112670
112674
112675
112680
112681
112690
112704
112708
112712
112714
112718
112733
112736
112748
112749
112751
112754
112756
112757
112762
112766
112768
112777
112792
112794
112809
112810
112817
112822
112833
112838
112840
112841
112847
112851
112852
112853
112858
112859
112866
112868
112874
112878
112881
112891
112894
112896
112911
112913
112915
112917
112919
112923
112924
112928
112936
112942
112955
112959
112960
112961
112974
112976
112978
112980
112992
112999
113004
113017
113021
113023
113025
113028
113029
113033
113037
113041
113047
113049
113067
113071
113074
113080
113084
113089
113090
113091
113092
113099
113106
113110
113116
113117
113125
113130
113132
113133
113134
113136
113140
113141
113143
113146
113151
113157
113158
113159
113162
113164
113169
113171
113172
113177
113181
113191
113201
113206
113209
113212
113213
113219
113232
113234
113241
113249
113254
113264
113272
113273
113275
113279
113281
113283
113290
113293
113294
113295
113298
113300
113316
113327
113328
113329
113330
113335
113343
113354
113359
113361
113369
113370
113372
113375
113380
113393
113395
113400
113402
113403
113408
113421
113427
113429
113436
113439
113440
113444
113449
113457
113458
113462
113473
113476
113478
113481
113496
113498
113504
113505
113508
113517
113520
113524
113527
113532
113540
113551
113553
113561
113588
113608
113618
113619
113622
113623
113624
113632
113634
113637
113641
113643
113650
113651
113657
113658
113664
113665
113666
113671
113672
113678
113679
113688
113694
113695
113696
113706
113707
113708
113712
113717
113721
113722
113727
113731
113733
113734
113735
113736
113742
113745
113750
113760
113762
113765
113767
113771
113778
113781
113782
113783
113789
113800
113801
113814
113817
113822
113823
113827
113828
113829
113830
113834
113840
113843
113849
113850
113854
113860
113862
113873
113891
113896
113910
113918
113922
113927
113928
113930
113934
113943
113944
113946
113949
113951
113953
113956
113968
113973
113975
113985
113986
113987
113993
113995
114018
114021
114023
114024
114025
114040
114042
114054
114066
114084
114087
114089
114099
114104
114110
114114
114115
114119
114133
114135
114136
114149
114151
114156
114163
114165
114167
114172
114173
114184
114188
114193
114195
114196
114201
114210
114211
114223
114225
114227
114231
114233
114243
114244
114247
114248
114251
114253
114256
114257
114264
114270
114271
114272
114277
114278
114296
114298
114299
114302
114307
114312
114314
114318
114319
114328
114330
114331
114335
114336
114342
114345
114355
114362
114364
114369
114374
114378
114385
114390
114394
114395
114397
114413
114417
114428
114430
114435
114439
114440
114441
114443
114444
114448
114450
114457
114459
114467
114471
114472
114474
114482
114491
114492
114497
114500
114504
114508
114511
114513
114523
114526
114532
114544
114545
114550
114552
114554
114555
114561
114568
114571
114574
114575
114580
114581
114582
114585
114589
114590
114598
114614
114618
114627
114632
114638
114639
114647
114652
114653
114657
114662
114664
114666
114670
114671
114678
114685
114687
114696
114703
114707
114718
114719
114725
114728
114732
114734
114742
114754
114758
114776
114779
114783
114787
114788
114792
114798
114807
114813
114814
114826
114833
114841
114842
114845
114850
114854
114858
114859
114861
114866
114874
114881
114885
114888
114890
114896
114902
114903
114907
114914
114917
114921
114925
114937
114941
114942
114955
114963
114976
114979
114982
114999
115001
115014
115022
115025
115030
115035
115038
115042
115052
115054
115056
115059
115060
115065
115066
115067
115069
115072
115073
115075
115077
115082
115084
115085
115086
115091
115092
115093
115098
115104
115116
115119
115125
115127
115137
115141
115145
115147
115157
115165
115168
115172
115179
115182
115184
115189
115193
115199
115201
115202
115204
115205
115206
115215
115233
115245
115250
115251
115259
115288
115292
115308
115309
115318
115320
115333
115338
115342
115348
115357
115360
115361
115369
115376
115383
115385
115386
115394
115399
115410
115420
115428
115431
115434
115438
115457
115463
115466
115470
115473
115479
115480
115482
115486
115491
115492
115513
115518
115519
115524
115539
115541
115544
115548
115559
115563
115570
115571
115582
115586
115591
115599
115602
115608
115611
115615
115622
115636
115655
115657
115663
115669
115674
115677
115686
115687
115688
115691
115693
115694
115695
115707
115708
115710
115711
115716
115717
115721
115724
115729
115732
115744
115749
115750
115758
115767
115769
115775
115778
115779
115786
115788
115797
115810
115813
115820
115826
115829
115830
115838
115841
115842
115843
115855
115857
115860
115870
115876
115880
115885
115890
115901
115902
115906
115929
115948
115956
115960
115962
115965
115972
115980
115985
115991
115997
116009
116010
116014
116026
116028
116031
116047
116049
116051
116053
116055
116058
116059
116067
116069
116071
116074
116078
116081
116083
116095
116096
116100
116101
116109
116115
116116
116120
116131
116133
116142
116143
116144
116147
116149
116151
116157
116169
116173
116180
116184
116187
116188
116208
116217
116224
116227
116230
116232
116235
116239
116244
116252
116256
116261
116268
116270
116274
116279
116282
116285
116286
116289
116305
116318
116320
116321
116324
116330
116335
116340
116343
116345
116354
116358
116368
116369
116380
116392
116393
116395
116404
116406
116410
116411
116414
116419
116421
116424
116426
116427
116429
116442
116447
116448
116457
116458
116461
116470
116473
116475
116477
116478
116483
116484
116490
116495
116498
116502
116510
116518
116519
116523
116526
116528
116529
116536
116537
116538
116545
116554
116575
116579
116587
116590
116596
116598
116603
116606
116614
116617
116618
116623
116624
116630
116636
116640
116641
116642
116645
116649
116650
116651
116653
116656
116666
116668
116670
116676
116680
116683
116684
116685
116687
116691
116697
116698
116704
116709
116710
116711
116714
116715
116719
116730
116731
116735
116746
116750
116751
116758
116763
116767
116770
116780
116782
116785
116787
116790
116791
116792
116795
116796
116797
116798
116804
116809
116813
116821
116825
116827
116829
116830
116833
116837
116840
116843
116847
116850
116851
116860
116864
116869
116871
116872
116875
116884
116885
116894
116898
116903
116913
116916
116923
116931
116937
116940
116945
116947
116954
116959
116960
116966
116978
116981
116989
116993
117004
117019
117020
117025
117026
117034
117038
117040
117047
117048
117053
117055
117062
117074
117078
117079
117081
117082
117085
117089
117094
117097
117102
117105
117107
117108
117119
117130
117131
117135
117140
117145
117146
117149
117154
117160
117161
117162
117167
117176
117187
117191
117201
117210
117214
117216
117227
117229
117239
117247
117254
117258
117259
117263
117267
117281
117284
117297
117300
117301
117316
117319
117323
117326
117331
117349
117354
117357
117368
117371
117372
117377
117378
117379
117381
117384
117387
117389
117395
117399
117401
117410
117417
117418
117419
117423
117427
117431
117433
117435
117438
117440
117452
117455
117456
117459
117460
117476
117479
117481
117483
117484
117486
117491
117494
117503
117504
117505
117507
117511
117523
117526
117527
117530
117533
117536
117540
117541
117544
117554
117563
117564
117566
117568
117572
117578
117591
117592
117593
117613
117615
117619
117621
117623
117625
117628
117631
117639
117640
117652
117666
117667
117681
117682
117684
117685
117686
117700
117701
117715
117719
117721
117729
117731
117737
117739
117743
117750
117766
117776
117777
117779
117785
117786
117787
117789
117794
117796
117804
117805
117806
117816
117821
117822
117824
117827
117833
117834
117840
117844
117850
117866
117868
117882
117889
117892
117893
117894
117896
117907
117912
117913
117917
117921
117922
117934
117943
117947
117948
117950
117952
117954
117977
117980
117989
117990
118004
118007
118011
118015
118016
118027
118031
118035
118043
118047
118054
118058
118067
118070
118072
118084
118091
118092
118097
118099
118108
118110
118111
118125
118126
118150
118157
118159
118169
118171
118176
118179
118182
118185
118187
118195
118200
118202
118206
118207
118210
118212
118221
118223
118229
118230
118237
118245
118246
118254
118256
118260
118267
118268
118278
118280
118293
118294
118295
118298
118303
118309
118310
118312
118318
118323
118336
118339
118340
118364
118376
118377
118381
118385
118387
118390
118397
118403
118407
118417
118423
118432
118438
118439
118440
118449
118457
118459
118460
118461
118467
118474
118479
118482
118484
118488
118493
118494
118501
118504
118505
118506
118509
118513
118516
118518
118519
118524
118528
118540
118544
118552
118553
118558
118559
118563
118565
118566
118571
118573
118583
118589
118592
118595
118602
118605
118608
118610
118612
118613
118621
118639
118641
118647
118650
118651
118654
118660
118667
118668
118672
118673
118675
118677
118681
118686
118688
118693
118695
118698
118709
118715
118718
118719
118722
118724
118729
118740
118747
118748
118755
118759
118761
118771
118772
118773
118775
118779
118789
118792
118794
118809
118810
118812
118816
118820
118822
118823
118824
118825
118828
118832
118833
118834
118836
118837
118842
118843
118846
118852
118861
118862
118872
118874
118876
118886
118887
118899
118910
118911
118912
118913
118916
118921
118934
118937
118944
118945
118946
118958
118960
118966
118974
118975
118984
118998
119000
119009
119010
119013
119023
119026
119030
119033
119041
119044
119048
119050
119051
119052
119054
119056
119057
119059
119061
119066
119072
119073
119074
119079
119083
119084
119095
119096
119099
119105
119121
119122
119129
119132
119137
119139
119144
119145
119146
119157
119160
119162
119165
119166
119167
119178
119190
119198
119200
119205
119209
119214
119217
119220
119221
119225
119229
119232
119236
119241
119258
119261
119263
119280
119281
119282
119284
119290
119291
119293
119295
119296
119302
119306
119313
119314
119317
119321
119322
119323
119324
119326
119327
119330
119331
119334
119336
119340
119343
119344
119345
119356
119361
119362
119368
119370
119373
119376
119386
119390
119395
119402
119403
119404
119416
119424
119426
119434
119443
119444
119454
119460
119464
119471
119474
119475
119476
119485
119487
119488
119490
119491
119498
119499
119508
119518
119528
119532
119533
119534
119537
119540
119541
119542
119550
119564
119566
119573
119581
119586
119595
119596
119600
119607
119610
119612
119622
119644
119647
119651
119652
119653
119655
119659
119664
119672
119697
119701
119708
119709
119710
119713
119714
119715
119728
119731
119739
119752
119761
119763
119765
119766
119769
119770
119771
119772
119781
119783
119784
119789
119790
119792
119793
119794
119800
119801
119804
119817
119820
119834
119835
119838
119848
119854
119868
119871
119876
119878
119882
119887
119889
119902
119906
119907
119909
119911
119914
119917
119921
119926
119930
119931
119935
119940
119945
119946
119953
119954
119955
119969
119976
119978
119979
119984
119986
119988
119991
119992
120003
120007
120010
120012
120013
120014
120018
120022
120024
120025
120026
120030
120034
120049
120058
120062
120067
120075
120082
120089
120092
120093
120103
120105
120108
120110
120112
120114
120116
120120
120121
120126
120130
120131
120132
120137
120142
120143
120148
120152
120162
120164
120167
120168
120172
120178
120187
120190
120191
120215
120216
120217
120218
120228
120229
120252
120262
120269
120271
120273
120283
120284
120300
120304
120308
120312
120313
120321
120327
120331
120337
120341
120358
120365
120369
120371
120373
120379
120384
120387
120389
120393
120394
120396
120400
120404
120413
120422
120431
120432
120434
120436
120438
120446
120447
120451
120453
120460
120465
120469
120472
120476
120479
120484
120485
120488
120496
120498
120502
120516
120528
120529
120530
120531
120540
120541
120544
120546
120555
120557
120558
120567
120577
120578
120589
120590
120591
120592
120599
120601
120604
120622
120634
120640
120641
120660
120663
120666
120667
120669
120671
120672
120675
120690
120692
120695
120697
120705
120707
120714
120718
120722
120725
120732
120735
120747
120756
120757
120760
120770
120771
120772
120783
120789
120799
120809
120812
120813
120814
120821
120825
120834
120836
120841
120842
120844
120853
120854
120857
120864
120872
120875
120884
120893
120897
120902
120903
120915
120925
120930
120932
120936
120939
120947
120950
120951
120956
120958
120959
120963
120967
120972
120982
120990
120995
120996
121000
121001
121004
121007
121015
121017
121024
121033
121036
121037
121041
121043
121051
121057
121060
121064
121065
121066
121069
121074
121080
121081
121082
121084
121086
121092
121099
121102
121107
121111
121116
121119
121123
121138
121140
121143
121147
121149
121155
121162
121169
121174
121177
121178
121181
121190
121191
121199
121201
121203
121208
121209
121213
121225
121229
121234
121235
121236
121242
121257
121264
121274
121275
121282
121291
121302
121305
121307
121308
121311
121314
121317
121327
121328
121330
121344
121358
121359
121360
121362
121366
121372
121375
121380
121390
121391
121400
121405
121409
121411
121413
121416
121423
121426
121440
121443
121448
121454
121457
121458
121460
121464
121468
121473
121478
121482
121485
121487
121493
121496
121498
121499
121501
121503
121504
121506
121530
121541
121545
121547
121551
121555
121561
121563
121564
121569
121580
121583
121603
121604
121610
121612
121615
121619
121623
121630
121631
121633
121636
121640
121641
121646
121652
121657
121671
121676
121681
121685
121698
121699
121701
121711
121713
121721
121730
121733
121735
121740
121745
121750
121753
121764
121770
121774
121775
121782
121783
121790
121793
121800
121802
121812
121815
121819
121822
121830
121834
121842
121848
121857
121858
121859
121861
121875
121876
121878
121879
121881
121896
121910
121919
121928
121932
121937
121940
121941
121943
121945
121946
121948
121956
121964
121966
121971
121987
121988
121992
121993
121994
121998
122000
122008
122030
122031
122042
122045
122048
122050
122072
122076
122080
122084
122085
122093
122096
122100
122108
122110
122117
122122
122123
122129
122142
122151
122154
122157
122158
122162
122168
122170
122175
122176
122186
122187
122194
122203
122216
122226
122236
122238
122240
122242
122247
122249
122252
122264
122266
122267
122270
122273
122276
122287
122290
122296
122298
122301
122306
122312
122315
122328
122343
122351
122354
122367
122368
122372
122392
122398
122406
122409
122412
122419
122420
122421
122424
122432
122434
122443
122444
122456
122457
122467
122468
122471
122477
122480
122496
122499
122511
122512
122519
122520
122521
122527
122528
122530
122540
122541
122552
122553
122554
122556
122559
122562
122564
122566
122570
122571
122572
122575
122577
122581
122588
122593
122594
122596
122602
122604
122608
122609
122610
122611
122616
122618
122621
122630
122633
122641
122644
122648
122649
122651
122658
122663
122665
122667
122672
122679
122682
122718
122720
122725
122726
122728
122733
122741
122749
122757
122760
122761
122764
122779
122780
122781
122784
122786
122788
122789
122791
122792
122805
122807
122808
122813
122818
122821
122822
122831
122852
122854
122862
122865
122872
122902
122903
122904
122906
122911
122924
122932
122942
122947
122959
122960
122967
122977
122980
122982
122983
122984
122985
122990
122992
122993
123011
123024
123026
123030
123032
123035
123040
123042
123049
123060
123062
123088
123090
123095
123099
123100
123102
123105
123115
123116
123117
123128
123131
123133
123141
123144
123147
123150
123153
123176
123180
123184
123186
123192
123193
123202
123204
123205
123209
123219
123230
123245
123251
123252
123257
123262
123275
123281
123298
123299
123300
123301
123303
123304
123305
123311
123316
123321
123325
123328
123336
123342
123345
123349
123353
123357
123365
123367
123371
123373
123377
123378
123379
123391
123403
123414
123426
123430
123434
123436
123443
123444
123447
123454
123458
123470
123473
123480
123502
123505
123511
123526
123537
123541
123544
123547
123552
123560
123564
123567
123571
123574
123576
123577
123579
123587
123596
123599
123600
123602
123610
123615
123631
123633
123640
123641
123642
123655
123675
123676
123677
123684
123685
123699
123700
123704
123705
123710
123723
123725
123732
123734
123735
123762
123764
123767
123784
123797
123799
123801
123803
123811
123813
123816
123821
123823
123833
123837
123839
123849
123860
123861
123862
123866
123875
123880
123884
123886
123887
123889
123890
123892
123896
123899
123903
123904
123907
123908
123910
123913
123914
123921
123932
123933
123935
123938
123942
123943
123948
123953
123976
123986
123987
123993
123995
123997
124010
124011
124021
124023
124024
124027
124028
124029
124031
124032
124037
124043
124050
124052
124054
124056
124062
124064
124072
124075
124076
124078
124080
124086
124088
124098
124101
124104
124108
124118
124122
124125
124127
124128
124134
124135
124139
124141
124148
124151
124152
124155
124159
124165
124166
124171
124172
124189
124193
124194
124199
124208
124210
124211
124218
124220
124221
124225
124230
124246
124248
124252
124255
124257
124263
124265
124274
124277
124283
124286
124291
124307
124309
124311
124323
124324
124326
124335
124336
124343
124360
124366
124369
124375
124378
124383
124397
124413
124416
124419
124421
124423
124425
124429
124439
124444
124445
124454
124455
124460
124463
124464
124468
124471
124477
124478
124482
124484
124486
124497
124500
124511
124512
124514
124515
124519
124524
124525
124526
124529
124530
124531
124533
124537
124538
124544
124558
124559
124567
124568
124569
124573
124574
124575
124578
124580
124581
124584
124590
124591
124595
124596
124601
124603
124609
124612
124616
124618
124632
124640
124644
124645
124648
124652
124657
124661
124664
124667
124673
124693
124696
124702
124708
124710
124717
124718
124731
124732
124745
124747
124748
124752
124753
124766
124778
124792
124798
124802
124804
124817
124820
124822
124823
124826
124837
124844
124845
124846
124850
124851
124853
124855
124856
124857
124859
124861
124862
124866
124872
124878
124882
124890
124895
124896
124901
124903
124904
124906
124910
124911
124912
124915
124917
124920
124926
124932
124934
124935
124936
124939
124950
124963
124968
124970
124973
124997
125002
125003
125005
125016
125020
125027
125028
125030
125032
125034
125035
125037
125044
125046
125047
125061
125068
125069
125079
125082
125085
125087
125090
125091
125098
125100
125108
125111
125114
125118
125120
125121
125129
125133
125134
125140
125144
125146
125157
125160
125164
125179
125181
125186
125193
125204
125205
125206
125207
125214
125216
125218
125222
125244
125255
125256
125266
125283
125286
125288
125294
125302
125310
125318
125319
125327
125328
125329
125337
125340
125351
125352
125355
125366
125367
125368
125370
125372
125374
125376
125384
125387
125391
125395
125398
125404
125406
125411
125412
125413
125418
125419
125426
125431
125432
125434
125442
125443
125451
125456
125459
125468
125471
125478
125480
125488
125491
125505
125507
125508
125518
125527
125534
125535
125539
125551
125558
125565
125566
125573
125579
125585
125589
125592
125596
125598
125606
125610
125618
125626
125631
125648
125649
125650
125652
125659
125664
125668
125672
125673
125678
125680
125685
125701
125704
125708
125709
125710
125715
125717
125719
125724
125729
125730
125732
125746
125748
125755
125756
125762
125763
125765
125767
125770
125772
125781
125787
125793
125794
125796
125806
125807
125809
125819
125828
125833
125839
125847
125853
125861
125866
125868
125871
125873
125885
125893
125897
125907
125909
125916
125917
125921
125937
125940
125948
125950
125955
125962
125963
125967
125980
125981
125996
125998
126000
126002
126005
126007
126018
126020
126027
126038
126049
126055
126059
126065
126066
126067
126074
126081
126092
126095
126098
126099
126100
126104
126108
126116
126118
126119
126135
126139
126144
126146
126150
126156
126157
126173
126174
126176
126181
126186
126191
126199
126205
126211
126212
126224
126234
126235
126249
126251
126256
126260
126261
126274
126276
126280
126281
126287
126289
126303
126317
126318
126322
126326
126328
126330
126332
126334
126339
126350
126353
126358
126369
126370
126386
126387
126389
126397
126405
126412
126416
126420
126423
126429
126432
126435
126436
126441
126442
126452
126458
126459
126473
126474
126476
126479
126480
126482
126494
126496
126498
126499
126500
126510
126517
126520
126523
126526
126529
126533
126537
126543
126545
126558
126561
126562
126570
126571
126575
126577
126579
126581
126582
126587
126593
126594
126600
126609
126611
126623
126632
126639
126644
126648
126651
126655
126671
126695
126696
126699
126709
126711
126717
126731
126738
126743
126747
126749
126760
126762
126781
126782
126784
126792
126793
126806
126810
126811
126816
126821
126822
126827
126841
126842
126863
126874
126876
126877
126882
126883
126889
126890
126896
126900
126907
126911
126912
126917
126920
126921
126924
126932
126936
126938
126945
126947
126950
126953
126957
126958
126959
126961
126966
126979
126986
126990
126991
126993
126996
126997
126999
127002
127008
127014
127020
127021
127022
127024
127035
127043
127044
127050
127054
127060
127063
127078
127083
127085
127088
127089
127093
127098
127109
127119
127120
127130
127138
127141
127143
127150
127151
127155
127159
127162
127168
127170
127178
127185
127190
127191
127192
127199
127201
127216
127218
127222
127230
127245
127246
127250
127256
127258
127270
127281
127287
127288
127301
127303
127308
127319
127333
127338
127348
127349
127350
127353
127354
127357
127360
127365
127369
127370
127374
127375
127376
127377
127382
127394
127396
127399
127400
127404
127407
127408
127417
127420
127431
127434
127445
127447
127449
127450
127452
127454
127460
127463
127471
127478
127485
127493
127499
127501
127506
127511
127512
127515
127516
127517
127521
127524
127527
127528
127532
127535
127537
127539
127541
127546
127549
127550
127559
127567
127568
127570
127582
127591
127593
127595
127598
127600
127613
127614
127615
127618
127620
127630
127634
127635
127636
127640
127645
127651
127659
127664
127668
127679
127685
127689
127694
127698
127700
127701
127708
127714
127715
127717
127719
127730
127733
127740
127745
127748
127752
127759
127761
127764
127765
127778
127786
127795
127799
127807
127823
127830
127831
127838
127844
127848
127850
127853
127859
127863
127867
127870
127877
127884
127891
127892
127897
127898
127903
127905
127911
127917
127922
127927
127937
127941
127943
127948
127950
127951
127964
127971
127975
127976
127981
127987
128002
128007
128012
128024
128028
128030
128032
128036
128040
128046
128051
128052
128059
128061
128065
128070
128071
128086
128091
128095
128100
128104
128114
128116
128120
128140
128146
128151
128154
128168
128175
128179
128188
128195
128198
128201
128207
128210
128213
128216
128218
128222
128224
128225
128227
128229
128232
128233
128237
128243
128253
128259
128261
128266
128268
128282
128285
128289
128291
128292
128293
128295
128297
128298
128299
128309
128318
128320
128334
128337
128338
128355
128362
128366
128372
128377
128384
128385
128396
128411
128424
128427
128430
128432
128442
128443
128448
128449
128452
128454
128459
128460
128464
128468
128472
128475
128477
128480
128481
128482
128484
128486
128488
128492
128494
128502
128503
128509
128512
128513
128516
128524
128530
128539
128551
128554
128555
128557
128559
128561
128567
128568
128571
128573
128582
128584
128588
128592
128595
128599
128604
128605
128607
128611
128626
128628
128632
128633
128641
128642
128647
128648
128650
128653
128667
128670
128676
128688
128690
128698
128701
128704
128706
128708
128717
128719
128729
128732
128734
128747
128752
128754
128757
128759
128761
128763
128768
128774
128781
128785
128786
128794
128796
128801
128810
128813
128835
128840
128843
128856
128869
128870
128873
128878
128879
128881
128883
128885
128890
128891
128892
128896
128897
128902
128903
128904
128909
128912
128915
128932
128935
128937
128940
128941
128945
128955
128960
128961
128963
128972
128973
128979
128980
128982
128983
128991
128993
129001
129020
129022
129025
129026
129029
129033
129039
129042
129047
129049
129050
129053
129056
129058
129063
129066
129075
129077
129094
129111
129117
129124
129125
129126
129138
129141
129145
129151
129155
129156
129158
129162
129169
129171
129186
129187
129189
129191
129196
129198
129203
129204
129205
129223
129224
129225
129227
129229
129238
129244
129245
129247
129256
129262
129266
129268
129270
129278
129281
129285
129293
129294
129295
129303
129309
129324
129329
129339
129342
129343
129356
129368
129371
129374
129379
129382
129387
129388
129389
129393
129400
129409
129412
129415
129419
129422
129430
129431
129436
129442
129445
129449
129450
129452
129454
129456
129459
129461
129464
129474
129475
129476
129486
129487
129488
129490
129493
129504
129505
129509
129513
129524
129528
129529
129534
129535
129544
129545
129547
129553
129557
129561
129565
129567
129570
129572
129576
129578
129590
129594
129599
129603
129605
129614
129617
129619
129633
129638
129651
129656
129660
129672
129679
129683
129685
129688
129701
129702
129713
129714
129735
129738
129741
129748
129751
129755
129756
129759
129773
129774
129777
129781
129784
129786
129791
129792
129803
129808
129815
129824
129831
129833
129839
129843
129845
129846
129864
129867
129870
129871
129872
129874
129875
129876
129877
129879
129891
129902
129911
129920
129921
129922
129924
129926
129931
129940
129941
129942
129947
129949
129951
129952
129954
129958
129959
129962
129963
129964
129969
129971
129973
129975
129987
129991
129993
129997
129999
130010
130011
130018
130021
130023
130024
130029
130036
130038
130041
130042
130051
130054
130063
130064
130069
130071
130080
130100
130105
130108
130114
130116
130127
130130
130142
130144
130146
130158
130159
130163
130168
130169
130176
130182
130183
130188
130190
130205
130209
130214
130216
130226
130230
130231
130234
130235
130239
130252
130256
130261
130265
130271
130272
130273
130284
130285
130294
130304
130305
130306
130307
130309
130314
130315
130317
130319
130321
130332
130346
130351
130352
130363
130371
130375
130377
130379
130384
130387
130389
130394
130401
130410
130413
130414
130417
130424
130425
130435
130444
130445
130454
130458
130461
130463
130464
130483
130488
130489
130492
130497
130499
130500
130514
130525
130532
130533
130537
130544
130553
130555
130563
130569
130570
130573
130576
130580
130584
130586
130589
130595
130597
130598
130600
130604
130612
130618
130624
130631
130640
130646
130649
130651
130664
130668
130670
130671
130681
130684
130688
130691
130692
130709
130710
130728
130732
130734
130743
130751
130753
130755
130756
130762
130763
130765
130776
130780
130785
130790
130803
130814
130816
130818
130824
130827
130831
130836
130838
130842
130843
130844
130846
130853
130854
130858
130872
130876
130877
130880
130882
130891
130895
130901
130905
130915
130916
130926
130927
130929
130930
130935
130939
130945
130947
130949
130962
130964
130971
130972
130974
130978
130982
130989
130992
130993
130995
130999
131003
131005
131010
131014
131018
131026
131028
131029
131041
131045
131050
131052
131059
131061
131067
131077
131078
131084
131085
131092
131093
131097
131100
131104
131108
131109
131116
131117
131121
131124
131126
131127
131145
131151
131162
131163
131175
131181
131182
131199
131203
131207
131208
131210
131211
131214
131217
131218
131222
131226
131232
131233
131235
131241
131248
131249
131255
131260
131271
131272
131274
131285
131287
131292
131295
131300
131307
131317
131319
131320
131321
131334
131336
131343
131347
131367
131369
131374
131380
131381
131385
131392
131393
131400
131405
131406
131411
131417
131419
131420
131427
131432
131433
131458
131462
131467
131468
131471
131473
131474
131477
131482
131483
131486
131492
131498
131499
131501
131502
131506
131517
131520
131521
131526
131528
131531
131535
131543
131545
131551
131556
131559
131567
131572
131574
131595
131623
131629
131635
131642
131643
131652
131653
131657
131661
131664
131675
131677
131678
131680
131681
131684
131693
131701
131702
131715
131742
131747
131754
131755
131756
131762
131769
131774
131775
131785
131790
131798
131805
131806
131813
131814
131815
131816
131821
131826
131828
131831
131834
131835
131842
131845
131850
131851
131870
131886
131888
131891
131896
131897
131905
131925
131927
131936
131942
131955
131960
131965
131978
131980
131991
131996
131998
132003
132008
132010
132012
132024
132026
132027
132029
132040
132041
132049
132052
132055
132056
132067
132068
132071
132084
132086
132087
132090
132092
132097
132098
132103
132116
132118
132119
132123
132131
132132
132138
132142
132145
132148
132151
132160
132166
132167
132170
132173
132175
132176
132177
132191
132193
132194
132198
132204
132206
132211
132214
132218
132225
132226
132228
132233
132235
132238
132240
132246
132261
132265
132284
132291
132292
132294
132299
132300
132311
132315
132321
132327
132328
132333
132337
132339
132346
132354
132357
132372
132397
132407
132417
132421
132424
132431
132432
132435
132436
132441
132446
132449
132451
132462
132474
132478
132483
132485
132487
132488
132491
132499
132530
132535
132538
132541
132543
132551
132556
132572
132576
132585
132590
132591
132594
132597
132600
132601
132606
132608
132612
132630
132633
132635
132637
132638
132648
132653
132654
132679
132682
132683
132689
132691
132692
132700
132701
132702
132709
132714
132716
132717
132722
132726
132729
132730
132738
132745
132746
132754
132755
132760
132761
132764
132777
132802
132811
132814
132815
132816
132834
132837
132838
132840
132852
132853
132857
132859
132860
132862
132869
132874
132876
132877
132880
132882
132886
132889
132897
132901
132903
132905
132912
132916
132924
132928
132941
132946
132949
132951
132956
132957
132967
132976
132981
132988
132989
132992
132994
132995
133015
133029
133030
133031
133037
133038
133047
133048
133068
133071
133073
133075
133076
133077
133082
133099
133103
133104
133115
133117
133118
133122
133123
133124
133125
133129
133130
133133
133137
133146
133147
133153
133163
133168
133177
133187
133190
133196
133208
133212
133219
133225
133227
133229
133231
133241
133244
133252
133269
133272
133274
133275
133283
133287
133290
133303
133308
133327
133330
133332
133341
133347
133351
133358
133360
133362
133364
133366
133370
133384
133389
133393
133395
133397
133399
133404
133428
133432
133437
133445
133451
133453
133455
133460
133461
133468
133477
133484
133488
133492
133496
133498
133500
133510
133511
133523
133524
133527
133530
133531
133532
133535
133536
133542
133543
133557
133560
133561
133570
133577
133586
133594
133595
133598
133609
133612
133618
133625
133626
133634
133635
133637
133638
133642
133644
133656
133658
133659
133668
133669
133670
133671
133676
133680
133687
133689
133692
133696
133702
133711
133712
133715
133719
133760
133772
133779
133780
133783
133795
133798
133804
133805
133808
133819
133821
133825
133841
133842
133846
133847
133852
133863
133865
133872
133873
133875
133885
133886
133898
133901
133902
133903
133906
133914
133916
133917
133918
133921
133922
133926
133927
133928
133931
133933
133940
133955
133963
133964
133965
133971
133994
133996
134001
134004
134008
134011
134012
134024
134025
134026
134033
134034
134039
134041
134046
134051
134052
134060
134061
134065
134069
134075
134094
134104
134105
134109
134112
134117
134118
134120
134125
134126
134129
134133
134143
134144
134149
134155
134166
134176
134177
134179
134180
134184
134186
134189
134196
134197
134199
134200
134206
134208
134209
134231
134233
134234
134235
134245
134248
134251
134257
134264
134272
134277
134286
134289
134291
134292
134294
134296
134301
134308
134312
134320
134324
134331
134342
134351
134354
134358
134361
134362
134365
134368
134378
134400
134406
134416
134418
134419
134425
134427
134428
134436
134447
134454
134459
134460
134463
134469
134475
134476
134488
134500
134501
134508
134510
134519
134530
134532
134541
134546
134558
134563
134567
134568
134569
134571
134582
134586
134588
134599
134600
134603
134605
134611
134621
134624
134632
134635
134636
134637
134641
134644
134650
134657
134658
134672
134674
134675
134677
134678
134679
134684
134691
134697
134698
134700
134703
134709
134713
134718
134722
134724
134726
134727
134730
134735
134737
134749
134753
134760
134766
134773
134775
134776
134779
134782
134786
134791
134794
134798
134814
134815
134822
134823
134835
134840
134842
134844
134852
134853
134861
134863
134874
134876
134877
134889
134892
134897
134902
134908
134916
134918
134921
134925
134926
134929
134930
134932
134936
134940
134946
134947
134951
134954
134956
134960
134972
134973
134980
134981
134982
134983
134988
134989
134991
134992
135008
135011
135019
135028
135032
135037
135040
135047
135048
135051
135054
135061
135066
135074
135075
135081
135085
135087
135091
135098
135109
135112
135118
135122
135125
135137
135138
135148
135152
135154
135157
135159
135162
135163
135166
135173
135175
135178
135181
135187
135191
135192
135201
135203
135207
135214
135218
135230
135236
135237
135261
135262
135264
135266
135268
135270
135272
135274
135276
135278
135283
135284
135287
135290
135308
135310
135312
135323
135333
135337
135338
135341
135342
135351
135353
135362
135363
135369
135370
135375
135384
135390
135393
135397
135400
135405
135415
135417
135418
135421
135423
135431
135438
135442
135443
135445
135446
135450
135456
135470
135478
135480
135481
135485
135487
135488
135489
135510
135513
135529
135531
135532
135546
135552
135562
135565
135567
135590
135593
135597
135604
135607
135613
135614
135632
135634
135639
135647
135656
135661
135665
135666
135668
135670
135672
135679
135691
135693
135697
135698
135700
135704
135705
135707
135719
135720
135731
135737
135740
135742
135745
135749
135754
135755
135760
135761
135765
135768
135769
135776
135783
135793
135794
135796
135799
135802
135814
135816
135817
135828
135832
135835
135836
135837
135841
135844
135846
135855
135858
135863
135864
135865
135889
135892
135895
135898
135903
135905
135907
135916
135922
135923
135924
135930
135932
135937
135938
135957
135961
135970
135971
135976
135977
135980
135984
135985
135989
135995
135998
135999
136005
136029
136031
136041
136044
136057
136058
136072
136073
136075
136076
136077
136090
136094
136099
136102
136104
136106
136124
136131
136138
136141
136143
136144
136145
136146
136149
136152
136162
136166
136171
136174
136175
136183
136185
136191
136200
136203
136205
136211
136219
136222
136227
136234
136243
136244
136253
136255
136260
136266
136274
136278
136281
136282
136285
136292
136294
136296
136297
136298
136300
136305
136306
136309
136317
136325
136335
136338
136356
136365
136371
136380
136384
136385
136390
136393
136394
136404
136410
136411
136426
136432
136441
136446
136454
136461
136463
136469
136474
136475
136499
136503
136514
136522
136523
136530
136531
136535
136539
136541
136544
136553
136556
136568
136585
136587
136589
136591
136592
136601
136602
136609
136624
136634
136635
136642
136648
136655
136659
136669
136672
136675
136680
136684
136689
136690
136692
136697
136702
136704
136708
136710
136725
136735
136738
136750
136751
136752
136759
136762
136764
136779
136789
136794
136800
136804
136808
136819
136821
136823
136827
136829
136838
136849
136853
136855
136856
136857
136859
136860
136862
136863
136873
136874
136875
136879
136881
136884
136886
136889
136902
136906
136911
136916
136919
136928
136933
136934
136936
136941
136945
136957
136967
136968
136969
136980
136985
136993
137002
137014
137018
137022
137023
137036
137038
137040
137047
137048
137053
137054
137055
137058
137060
137063
137066
137069
137074
137077
137104
137108
137113
137116
137117
137119
137120
137130
137131
137132
137135
137142
137144
137146
137152
137156
137157
137159
137164
137165
137171
137172
137177
137179
137182
137192
137200
137202
137207
137212
137216
137218
137225
137229
137230
137232
137234
137238
137243
137244
137245
137249
137250
137263
137266
137285
137288
137290
137294
137299
137300
137301
137317
137321
137325
137332
137335
137349
137350
137351
137360
137361
137363
137370
137375
137377
137382
137385
137390
137398
137400
137406
137409
137423
137426
137441
137444
137448
137449
137456
137457
137466
137477
137483
137488
137494
137495
137504
137505
137511
137513
137515
137527
137528
137529
137532
137542
137546
137547
137553
137579
137583
137585
137596
137597
137599
137601
137602
137609
137611
137616
137621
137623
137626
137628
137631
137632
137637
137640
137648
137649
137650
137665
137667
137669
137670
137676
137686
137692
137698
137702
137703
137704
137705
137718
137721
137722
137731
137732
137740
137742
137744
137745
137761
137765
137771
137774
137776
137782
137791
137800
137807
137811
137812
137814
137819
137826
137837
137840
137842
137848
137859
137869
137879
137880
137888
137891
137894
137899
137903
137909
137910
137914
137916
137923
137930
137938
137942
137943
137944
137948
137957
137958
137965
137966
137977
137978
137980
137984
137989
138010
138012
138013
138019
138030
138036
138037
138041
138053
138054
138057
138067
138080
138088
138097
138127
138137
138139
138142
138165
138168
138173
138181
138184
138193
138195
138205
138210
138216
138218
138221
138222
138223
138227
138230
138243
138246
138249
138257
138258
138264
138266
138267
138268
138273
138278
138280
138286
138290
138296
138303
138309
138330
138335
138336
138337
138349
138361
138366
138375
138385
138387
138390
138393
138395
138400
138415
138417
138419
138420
138430
138438
138441
138463
138470
138472
138475
138481
138485
138494
138498
138499
138504
138529
138531
138535
138540
138541
138554
138556
138557
138561
138566
138578
138579
138593
138602
138604
138605
138609
138612
138627
138629
138631
138640
138641
138646
138655
138656
138659
138660
138674
138676
138678
138681
138687
138690
138700
138703
138711
138724
138726
138729
138732
138734
138738
138746
138760
138763
138764
138765
138766
138769
138798
138799
138807
138814
138818
138822
138827
138832
138834
138836
138837
138839
138844
138847
138848
138852
138859
138860
138864
138866
138870
138871
138873
138878
138889
138895
138907
138912
138919
138925
138926
138929
138936
138943
138950
138956
138962
138968
138972
138974
138976
138979
138980
138985
138992
138994
138999
139019
139020
139022
139025
139026
139030
139032
139035
139040
139044
139045
139049
139056
139058
139067
139078
139080
139083
139086
139099
139102
139103
139105
139107
139112
139114
139115
139117
139122
139129
139143
139145
139147
139149
139154
139155
139156
139159
139174
139175
139177
139181
139183
139187
139189
139191
139208
139210
139211
139212
139217
139218
139223
139226
139229
139240
139244
139245
139265
139270
139271
139287
139290
139298
139301
139307
139309
139315
139323
139326
139328
139333
139334
139342
139349
139351
139353
139360
139361
139380
139386
139394
139401
139414
139415
139418
139422
139425
139428
139432
139433
139435
139437
139439
139442
139447
139449
139450
139452
139454
139456
139462
139464
139465
139469
139471
139479
139480
139483
139487
139488
139489
139494
139502
139503
139505
139507
139509
139510
139513
139526
139536
139537
139538
139540
139550
139552
139553
139556
139562
139566
139569
139570
139574
139575
139580
139584
139587
139588
139592
139597
139600
139601
139602
139603
139605
139623
139624
139628
139631
139634
139645
139655
139657
139668
139671
139689
139690
139692
139712
139714
139716
139719
139720
139721
139727
139740
139741
139742
139743
139748
139752
139762
139763
139778
139787
139789
139797
139805
139808
139813
139814
139817
139818
139821
139826
139831
139832
139834
139853
139856
139860
139865
139866
139867
139873
139876
139877
139885
139890
139891
139895
139898
139899
139900
139903
139913
139915
139916
139920
139921
139923
139936
139937
139939
139940
139941
139945
139946
139947
139948
139951
139959
139961
139966
139969
139976
139978
139981
139985
139992
140003
140010
140026
140030
140036
140038
140039
140049
140050
140053
140056
140060
140080
140082
140086
140091
140095
140098
140102
140105
140107
140109
140114
140117
140121
140130
140149
140152
140154
140155
140161
140167
140172
140173
140176
140179
140182
140183
140184
140185
140189
140198
140202
140223
140229
140231
140237
140238
140241
140275
140277
140280
140286
140297
140302
140326
140329
140343
140346
140358
140368
140369
140372
140374
140375
140376
140387
140389
140394
140398
140405
140409
140413
140415
140418
140420
140435
140444
140448
140455
140459
140460
140467
140472
140477
140481
140482
140486
140487
140489
140490
140494
140495
140500
140504
140505
140513
140521
140522
140529
140532
140534
140535
140559
140565
140568
140571
140572
140575
140582
140585
140586
140588
140590
140592
140599
140601
140602
140607
140621
140624
140628
140634
140640
140645
140646
140654
140656
140661
140667
140669
140685
140697
140702
140705
140715
140721
140726
140729
140731
140735
140739
140742
140743
140745
140746
140749
140754
140755
140756
140760
140765
140766
140770
140772
140774
140780
140781
140787
140788
140790
140795
140802
140806
140824
140827
140832
140846
140855
140858
140860
140862
140863
140877
140883
140887
140888
140891
140895
140896
140898
140907
140920
140923
140925
140926
140929
140932
140940
140941
140946
140961
140964
140966
140969
140975
140980
140988
140989
140999
141006
141018
141019
141022
141029
141030
141051
141053
141054
141055
141056
141065
141067
141069
141073
141075
141077
141081
141085
141094
141099
141103
141104
141108
141117
141123
141127
141132
141136
141139
141140
141141
141144
141149
141151
141160
141161
141163
141164
141166
141169
141173
141176
141178
141182
141185
141195
141201
141206
141208
141213
141216
141218
141220
141244
141249
141251
141262
141266
141268
141269
141274
141279
141297
141301
141302
141303
141305
141308
141309
141314
141335
141336
141344
141350
141353
141359
141360
141367
141371
141374
141375
141378
141381
141386
141394
141400
141403
141407
141410
141414
141418
141419
141423
141427
141429
141434
141439
141444
141453
141464
141466
141468
141472
141474
141475
141479
141488
141490
141499
141502
141518
141531
141535
141545
141555
141559
141561
141567
141587
141589
141592
141593
141597
141606
141624
141631
141635
141643
141648
141658
141662
141674
141677
141687
141688
141690
141692
141694
141696
141697
141699
141700
141701
141702
141703
141704
141711
141714
141715
141726
141731
141734
141735
141738
141740
141741
141751
141752
141756
141763
141764
141767
141773
141794
141798
141803
141805
141811
141818
141822
141825
141835
141839
141842
141846
141847
141851
141866
141870
141873
141875
141878
141883
141887
141888
141890
141900
141905
141909
141919
141926
141932
141936
141947
141958
141963
141970
141971
141974
141981
141989
141991
142008
142009
142015
142019
142024
142028
142038
142045
142054
142055
142056
142063
142064
142069
142072
142076
142079
142091
142093
142095
142096
142097
142101
142105
142106
142107
142108
142114
142118
142120
142122
142125
142126
142127
142130
142131
142133
142144
142146
142151
142155
142165
142166
142180
142184
142190
142201
142204
142206
142208
142210
142213
142215
142218
142229
142240
142251
142257
142267
142269
142272
142277
142283
142287
142298
142308
142318
142320
142331
142333
142337
142340
142341
142342
142359
142360
142361
142363
142367
142376
142379
142381
142385
142386
142388
142395
142400
142403
142413
142416
142419
142422
142426
142427
142429
142441
142444
142445
142449
142458
142462
142463
142471
142478
142484
142485
142487
142495
142501
142506
142514
142523
142530
142533
142537
142538
142542
142544
142549
142550
142556
142559
142567
142568
142569
142570
142580
142589
142594
142596
142603
142604
142607
142612
142613
142620
142625
142628
142629
142631
142635
142638
142641
142642
142644
142650
142651
142663
142669
142671
142675
142677
142688
142694
142707
142710
142715
142717
142724
142735
142736
142745
142749
142750
142770
142771
142772
142773
142776
142781
142786
142789
142795
142821
142834
142838
142842
142867
142870
142871
142875
142882
142887
142907
142918
142920
142929
142931
142932
142934
142936
142938
142941
142943
142944
142946
142958
142965
142968
142970
142973
142985
142986
142993
143006
143010
143012
143014
143015
143019
143027
143034
143035
143040
143048
143053
143055
143063
143065
143069
143081
143095
143097
143113
143114
143124
143136
143140
143144
143147
143158
143161
143166
143167
143173
143178
143180
143183
143184
143186
143188
143190
143192
143199
143204
143208
143218
143230
143234
143254
143259
143271
143274
143279
143280
143282
143290
143292
143294
143296
143304
143307
143313
143316
143318
143319
143320
143325
143328
143330
143331
143338
143342
143347
143352
143354
143355
143359
143375
143383
143384
143386
143388
143395
143396
143399
143400
143411
143413
143417
143428
143431
143432
143435
143439
143446
143451
143460
143462
143464
143465
143466
143467
143479
143484
143489
143490
143494
143499
143500
143508
143510
143514
143517
143518
143520
143524
143527
143529
143534
143536
143552
143561
143564
143570
143576
143577
143580
143583
143588
143589
143590
143593
143597
143608
143609
143622
143629
143634
143646
143653
143661
143665
143673
143677
143694
143696
143698
143700
143701
143710
143714
143718
143724
143725
143727
143735
143739
143740
143742
143743
143751
143755
143756
143757
143767
143771
143773
143774
143792
143798
143801
143802
143804
143806
143810
143813
143814
143815
143816
143817
143819
143830
143833
143834
143839
143847
143848
143849
143855
143859
143860
143883
143884
143885
143888
143892
143908
143913
143923
143928
143932
143937
143942
143947
143956
143958
143959
143977
143981
143984
143990
143991
143993
143998
143999
144007
144012
144026
144027
144032
144035
144039
144040
144054
144076
144086
144100
144105
144110
144111
144115
144132
144134
144135
144136
144143
144160
144163
144165
144167
144169
144173
144175
144179
144188
144189
144194
144196
144197
144198
144201
144203
144206
144210
144213
144225
144226
144227
144228
144230
144237
144238
144240
144241
144250
144262
144264
144265
144269
144270
144272
144276
144278
144284
144288
144289
144291
144307
144312
144314
144315
144327
144332
144337
144338
144350
144352
144363
144368
144371
144379
144381
144382
144383
144384
144385
144389
144414
144419
144420
144424
144433
144434
144436
144452
144454
144459
144468
144470
144471
144472
144475
144480
144485
144490
144493
144505
144509
144520
144521
144522
144525
144527
144529
144532
144555
144557
144566
144573
144575
144578
144579
144582
144584
144592
144595
144601
144603
144604
144614
144619
144623
144629
144643
144652
144655
144657
144666
144673
144674
144675
144678
144681
144686
144688
144691
144709
144713
144714
144730
144731
144738
144739
144743
144751
144772
144776
144778
144787
144790
144799
144804
144813
144821
144823
144824
144834
144836
144840
144856
144858
144859
144868
144869
144873
144883
144888
144915
144917
144930
144952
144953
144957
144964
144966
144967
144968
144969
144982
144985
144997
145005
145007
145016
145026
145031
145038
145051
145054
145055
145058
145065
145071
145075
145076
145078
145079
145082
145096
145097
145101
145108
145110
145121
145128
145138
145140
145141
145157
145167
145170
145174
145180
145184
145185
145188
145208
145218
145221
145232
145236
145244
145245
145253
145258
145262
145268
145269
145271
145281
145286
145288
145297
145306
145310
145313
145317
145320
145326
145332
145333
145334
145340
145365
145370
145373
145382
145387
145393
145394
145396
145407
145412
145414
145415
145416
145418
145421
145424
145426
145430
145436
145438
145444
145461
145466
145470
145471
145477
145478
145479
145481
145487
145492
145497
145499
145501
145504
145507
145510
145514
145519
145523
145537
145538
145542
145543
145547
145562
145564
145565
145572
145580
145584
145585
145586
145593
145602
145614
145617
145620
145621
145629
145635
145637
145638
145643
145649
145651
145658
145660
145666
145667
145682
145687
145690
145693
145696
145701
145704
145706
145709
145725
145729
145736
145751
145759
145761
145763
145764
145768
145773
145774
145776
145783
145789
145797
145813
145815
145823
145825
145829
145830
145833
145841
145845
145851
145871
145873
145879
145883
145892
145894
145898
145902
145910
145913
145925
145930
145952
145957
145969
145973
145976
145979
145984
145996
146001
146002
146005
146018
146024
146030
146041
146043
146044
146047
146048
146051
146053
146055
146056
146063
146064
146068
146073
146075
146084
146088
146091
146096
146098
146106
146109
146114
146116
146120
146124
146126
146127
146131
146145
146147
146158
146159
146163
146171
146175
146179
146181
146185
146187
146190
146200
146203
146208
146210
146214
146218
146220
146222
146227
146231
146243
146246
146247
146249
146251
146252
146262
146271
146272
146278
146281
146289
146293
146295
146303
146315
146318
146320
146322
146323
146345
146350
146353
146357
146362
146364
146367
146373
146375
146378
146381
146389
146391
146396
146398
146410
146416
146420
146425
146428
146429
146439
146446
146448
146453
146466
146472
146473
146478
146486
146487
146491
146493
146501
146505
146508
146523
146526
146528
146531
146539
146542
146546
146547
146559
146560
146575
146576
146580
146584
146587
146588
146594
146597
146618
146631
146635
146643
146647
146659
146663
146665
146667
146668
146670
146683
146684
146685
146693
146696
146707
146709
146713
146722
146726
146730
146732
146736
146737
146739
146751
146760
146765
146766
146768
146772
146777
146781
146784
146786
146796
146800
146805
146810
146815
146816
146822
146823
146826
146838
146841
146842
146843
146846
146856
146858
146860
146861
146864
146872
146883
146886
146891
146895
146900
146901
146905
146909
146918
146921
146924
146935
146948
146949
146950
146951
146954
146962
146964
146969
146971
146979
147000
147006
147008
147009
147012
147027
147029
147033
147052
147053
147062
147063
147064
147065
147068
147076
147090
147091
147103
147105
147107
147116
147128
147134
147137
147143
147145
147155
147156
147160
147165
147168
147178
147181
147185
147192
147201
147203
147204
147214
147222
147228
147233
147236
147239
147241
147245
147247
147249
147256
147258
147261
147269
147274
147277
147280
147282
147290
147291
147293
147302
147304
147305
147318
147340
147343
147351
147363
147373
147378
147383
147401
147402
147412
147413
147418
147426
147427
147429
147438
147440
147441
147443
147444
147449
147451
147452
147456
147465
147477
147479
147485
147492
147495
147510
147511
147519
147523
147527
147530
147532
147535
147538
147545
147546
147554
147555
147559
147561
147567
147594
147597
147598
147600
147601
147605
147607
147609
147610
147613
147617
147618
147626
147646
147649
147651
147654
147668
147670
147675
147678
147679
147680
147687
147690
147691
147695
147696
147702
147705
147709
147718
147721
147727
147729
147731
147732
147734
147736
147738
147739
147740
147746
147750
147751
147753
147758
147759
147762
147769
147771
147777
147784
147786
147788
147793
147794
147795
147800
147812
147816
147828
147833
147834
147836
147840
147842
147846
147849
147862
147875
147882
147883
147892
147896
147914
147917
147920
147922
147934
147938
147940
147955
147957
147969
147984
147992
148003
148006
148008
148011
148013
148027
148029
148039
148042
148044
148052
148062
148064
148070
148073
148083
148084
148086
148090
148095
148101
148108
148110
148116
148121
148124
148140
148144
148150
148152
148187
148194
148200
148215
148216
148217
148231
148238
148250
148253
148260
148263
148270
148278
148280
148282
148294
148295
148297
148301
148306
148307
148309
148315
148317
148323
148326
148328
148329
148331
148333
148340
148342
148352
148366
148367
148369
148370
148394
148395
148397
148410
148413
148418
148432
148433
148437
148444
148445
148446
148449
148457
148469
148472
148474
148484
148486
148495
148501
148503
148506
148519
148537
148539
148546
148554
148567
148568
148575
148576
148577
148579
148580
148582
148596
148604
148607
148612
148613
148616
148617
148619
148622
148627
148640
148643
148647
148654
148657
148658
148660
148669
148678
148691
148693
148694
148696
148701
148703
148711
148716
148726
148735
148739
148741
148749
148753
148754
148756
148763
148766
148770
148771
148774
148785
148786
148787
148789
148790
148791
148797
148803
148812
148820
148840
148860
148861
148864
148865
148866
148870
148873
148877
148880
148883
148885
148890
148892
148902
148905
148906
148907
148918
148927
148928
148933
148946
148949
148952
148964
148976
148977
148986
148998
148999
149008
149011
149014
149028
149029
149030
149031
149032
149036
149040
149050
149052
149058
149059
149062
149064
149071
149073
149074
149075
149076
149081
149085
149093
149097
149099
149102
149103
149106
149110
149115
149117
149118
149122
149123
149127
149135
149143
149145
149146
149152
149154
149158
149161
149162
149167
149169
149176
149181
149186
149195
149196
149201
149204
149207
149213
149215
149216
149227
149234
149238
149241
149246
149247
149261
149267
149274
149281
149285
149293
149294
149297
149302
149308
149313
149314
149318
149321
149323
149324
149325
149329
149332
149338
149350
149353
149356
149358
149359
149365
149366
149369
149371
149372
149382
149393
149402
149408
149409
149410
149416
149428
149429
149435
149443
149456
149461
149462
149468
149475
149477
149482
149492
149493
149500
149503
149507
149516
149524
149530
149531
149533
149541
149543
149544
149545
149551
149553
149556
149561
149571
149573
149575
149581
149582
149586
149591
149592
149601
149605
149610
149611
149620
149627
149631
149642
149643
149646
149649
149652
149659
149660
149665
149675
149678
149683
149690
149695
149704
149707
149710
149713
149718
149720
149721
149722
149723
149730
149734
149738
149743
149747
149764
149765
149770
149775
149778
149779
149782
149785
149786
149799
149802
149804
149816
149819
149820
149832
149840
149841
149846
149848
149851
149853
149858
149862
149863
149864
149871
149873
149883
149885
149895
149896
149902
149904
149906
149911
149915
149918
149931
149933
149943
149944
149948
149949
149961
149964
149973
149975
149977
149979
149985
149989
149990
149995
150007
150010
150016
150019
150021
150023
150026
150028
150033
150039
150041
150042
150048
150067
150068
150070
150080
150086
150088
150099
150100
150101
150105
150106
150108
150112
150115
150121
150122
150125
150126
150128
150140
150141
150155
150163
150172
150176
150177
150180
150181
150184
150186
150196
150197
150201
150205
150216
150217
150221
150224
150227
150228
150233
150237
150240
150245
150247
150251
150253
150254
150263
150267
150268
150272
150274
150278
150280
150283
150286
150288
150289
150291
150302
150307
150312
150318
150321
150323
150326
150327
150328
150330
150331
150344
150350
150365
150370
150373
150377
150379
150387
150398
150399
150400
150401
150402
150409
150410
150412
150418
150444
150445
150448
150456
150466
150469
150472
150473
150474
150483
150484
150488
150492
150495
150518
150520
150522
150523
150525
150528
150534
150538
150540
150541
150552
150556
150562
150565
150568
150571
150572
150588
150591
150594
150605
150609
150623
150634
150638
150644
150658
150663
150664
150670
150687
150690
150693
150698
150699
150708
150710
150716
150719
150723
150730
150735
150736
150743
150749
150756
150757
150764
150766
150769
150776
150780
150781
150785
150787
150789
150791
150792
150796
150797
150808
150822
150826
150842
150843
150844
150845
150863
150866
150867
150873
150876
150879
150882
150889
150892
150898
150905
150907
150912
150914
150915
150918
150922
150924
150930
150933
150934
150935
150944
150949
150954
150959
150961
150971
150972
150981
150984
150990
150997
151003
151019
151024
151031
151032
151037
151042
151045
151050
151064
151071
151073
151077
151100
151104
151106
151107
151108
151123
151127
151138
151141
151142
151147
151163
151169
151177
151181
151186
151190
151191
151203
151208
151210
151218
151221
151223
151241
151242
151243
151247
151264
151265
151285
151295
151305
151306
151308
151312
151316
151327
151330
151333
151335
151336
151339
151342
151343
151349
151351
151356
151358
151363
151368
151370
151383
151385
151389
151404
151405
151416
151420
151433
151434
151441
151443
151447
151450
151460
151461
151465
151467
151475
151477
151481
151484
151496
151511
151516
151527
151530
151531
151537
151554
151556
151559
151565
151568
151576
151609
151614
151616
151625
151634
151638
151652
151655
151660
151661
151669
151673
151680
151683
151685
151692
151694
151698
151700
151705
151710
151716
151721
151723
151725
151736
151749
151754
151757
151762
151763
151771
151774
151775
151776
151791
151793
151795
151800
151803
151812
151825
151831
151837
151842
151845
151850
151852
151855
151858
151859
151861
151867
151868
151870
151877
151878
151881
151890
151893
151896
151907
151917
151924
151925
151930
151940
151947
151949
151951
151961
151966
151970
151973
151982
151990
151993
152000
152002
152003
152007
152010
152022
152024
152030
152037
152042
152043
152048
152050
152054
152057
152061
152065
152068
152070
152071
152073
152082
152083
152100
152104
152113
152115
152124
152126
152129
152132
152138
152148
152155
152158
152164
152167
152174
152179
152184
152189
152204
152207
152210
152212
152222
152225
152241
152242
152247
152250
152255
152258
152259
152261
152272
152285
152286
152290
152293
152302
152310
152316
152319
152334
152339
152347
152348
152360
152363
152365
152377
152389
152396
152400
152403
152409
152410
152418
152419
152421
152427
152430
152433
152434
152435
152439
152444
152451
152457
152459
152480
152482
152484
152487
152489
152496
152497
152500
152503
152509
152514
152523
152530
152531
152536
152538
152540
152543
152545
152548
152555
152572
152581
152586
152590
152591
152594
152596
152601
152609
152610
152613
152619
152632
152637
152639
152645
152647
152650
152651
152671
152674
152697
152702
152704
152705
152710
152717
152728
152735
152736
152740
152741
152746
152752
152754
152772
152775
152793
152794
152799
152802
152807
152811
152814
152815
152816
152818
152819
152830
152833
152835
152845
152850
152856
152862
152866
152874
152877
152879
152886
152892
152901
152918
152929
152935
152940
152941
152953
152956
152959
152966
152973
152978
152982
152983
152998
153004
153007
153009
153014
153019
153021
153030
153040
153042
153043
153044
153058
153060
153064
153069
153070
153083
153085
153098
153104
153105
153108
153110
153117
153118
153120
153124
153132
153133
153137
153138
153145
153146
153150
153153
153156
153157
153165
153167
153176
153179
153183
153184
153193
153196
153200
153205
153207
153209
153215
153218
153223
153227
153230
153241
153243
153246
153247
153252
153259
153262
153263
153264
153267
153269
153271
153278
153287
153290
153292
153293
153296
153310
153311
153314
153315
153317
153330
153342
153346
153347
153349
153350
153351
153357
153377
153378
153382
153384
153387
153398
153404
153409
153414
153419
153421
153424
153430
153431
153440
153443
153444
153449
153451
153459
153462
153469
153478
153487
153490
153496
153497
153500
153503
153509
153515
153520
153523
153527
153530
153538
153544
153545
153554
153562
153566
153568
153571
153572
153576
153577
153579
153584
153597
153598
153601
153612
153620
153628
153629
153640
153645
153652
153659
153663
153665
153677
153681
153686
153698
153699
153700
153701
153707
153709
153715
153726
153730
153733
153734
153745
153746
153748
153750
153759
153760
153761
153768
153774
153778
153782
153793
153802
153805
153811
153813
153830
153831
153836
153838
153839
153842
153847
153862
153865
153869
153876
153877
153880
153886
153889
153890
153894
153899
153902
153926
153931
153935
153940
153955
153964
153965
153969
153970
153973
153989
153991
153998
154008
154013
154016
154017
154022
154029
154030
154040
154042
154049
154060
154061
154070
154081
154089
154091
154092
154099
154101
154104
154106
154109
154113
154131
154141
154144
154146
154147
154172
154174
154178
154179
154180
154193
154199
154200
154204
154211
154212
154220
154224
154229
154232
154255
154257
154261
154270
154273
154276
154281
154296
154297
154304
154309
154311
154327
154337
154344
154356
154375
154382
154397
154399
154404
154408
154413
154414
154426
154431
154433
154434
154438
154439
154444
154448
154453
154467
154473
154484
154485
154490
154496
154497
154499
154501
154514
154528
154537
154539
154543
154551
154553
154556
154560
154561
154570
154581
154585
154587
154596
154598
154599
154605
154606
154611
154617
154618
154635
154636
154640
154657
154660
154668
154670
154671
154672
154674
154681
154682
154684
154687
154688
154692
154695
154698
154702
154710
154725
154728
154729
154732
154737
154749
154750
154751
154752
154753
154763
154770
154773
154776
154781
154799
154812
154826
154829
154833
154836
154837
154841
154863
154866
154869
154873
154878
154887
154890
154891
154893
154897
154901
154912
154913
154918
154921
154923
154925
154931
154943
154944
154947
154949
154960
154964
154969
154970
154980
154983
154985
154987
155004
155011
155014
155018
155021
155033
155035
155037
155038
155042
155044
155053
155057
155058
155065
155071
155074
155080
155092
155096
155103
155106
155109
155115
155117
155127
155132
155134
155138
155144
155148
155151
155154
155162
155163
155165
155167
155173
155175
155176
155182
155184
155187
155189
155198
155206
155208
155216
155232
155234
155242
155245
155252
155259
155264
155268
155274
155280
155290
155293
155294
155298
155301
155302
155305
155307
155310
155313
155315
155324
155337
155343
155346
155347
155351
155355
155360
155361
155372
155373
155374
155376
155380
155382
155384
155387
155392
155402
155409
155410
155417
155424
155425
155427
155434
155437
155442
155443
155444
155450
155452
155454
155456
155458
155463
155464
155473
155492
155499
155501
155506
155509
155524
155530
155539
155544
155547
155550
155552
155554
155558
155576
155578
155586
155588
155593
155597
155599
155609
155611
155612
155615
155616
155622
155628
155638
155641
155644
155648
155659
155664
155667
155670
155671
155673
155677
155695
155714
155719
155721
155725
155729
155736
155751
155754
155763
155764
155769
155770
155771
155774
155778
155781
155785
155788
155793
155799
155800
155813
155814
155820
155822
155827
155835
155837
155840
155848
155851
155854
155856
155862
155863
155866
155868
155870
155871
155879
155883
155887
155891
155899
155902
155911
155917
155919
155925
155927
155929
155933
155942
155959
155960
155961
155968
155976
155979
155986
155987
155993
155994
155996
156003
156007
156011
156015
156022
156027
156037
156040
156046
156058
156061
156075
156076
156077
156090
156097
156100
156109
156110
156125
156126
156129
156132
156133
156135
156138
156140
156144
156148
156150
156152
156160
156166
156170
156171
156179
156180
156189
156191
156196
156199
156208
156209
156210
156211
156212
156217
156222
156225
156226
156227
156229
156240
156247
156252
156263
156268
156271
156284
156287
156289
156291
156295
156298
156300
156301
156313
156319
156323
156324
156330
156335
156336
156337
156344
156347
156355
156360
156361
156369
156375
156392
156394
156395
156401
156407
156425
156428
156429
156433
156442
156447
156453
156466
156473
156476
156492
156493
156495
156497
156506
156508
156515
156521
156522
156531
156533
156534
156548
156549
156550
156553
156557
156558
156559
156562
156564
156568
156580
156581
156585
156595
156597
156604
156610
156617
156621
156622
156633
156634
156639
156648
156653
156657
156659
156660
156669
156670
156676
156678
156680
156684
156694
156702
156703
156704
156713
156716
156721
156722
156737
156740
156742
156743
156744
156747
156748
156756
156759
156768
156770
156772
156777
156782
156786
156793
156796
156802
156804
156808
156814
156820
156828
156831
156845
156849
156865
156869
156871
156873
156877
156878
156879
156886
156905
156906
156915
156919
156924
156925
156926
156927
156929
156931
156933
156937
156945
156956
156961
156964
156969
156971
156982
156996
157002
157003
157011
157014
157024
157025
157027
157029
157043
157044
157047
157053
157059
157061
157068
157073
157084
157090
157095
157096
157102
157105
157112
157113
157115
157117
157121
157123
157128
157134
157138
157139
157151
157152
157155
157156
157165
157166
157167
157192
157194
157201
157207
157211
157214
157220
157222
157229
157240
157241
157247
157252
157253
157268
157274
157275
157276
157277
157280
157282
157286
157294
157299
157301
157310
157322
157326
157332
157340
157341
157348
157352
157354
157359
157367
157370
157380
157390
157392
157393
157396
157397
157415
157420
157422
157431
157447
157463
157465
157468
157473
157477
157481
157486
157490
157491
157492
157494
157500
157502
157524
157531
157533
157535
157536
157537
157544
157545
157553
157556
157560
157565
157568
157570
157573
157575
157576
157577
157579
157586
157588
157590
157591
157592
157595
157617
157618
157622
157636
157639
157643
157644
157645
157646
157648
157649
157653
157655
157664
157673
157678
157680
157686
157687
157688
157697
157699
157700
157704
157715
157725
157726
157727
157734
157738
157739
157740
157759
157761
157773
157778
157779
157789
157798
157799
157809
157811
157812
157814
157815
157817
157818
157823
157834
157839
157842
157845
157852
157853
157855
157856
157857
157866
157867
157869
157872
157876
157878
157880
157883
157884
157887
157889
157893
157901
157904
157907
157911
157912
157918
157920
157923
157936
157942
157951
157952
157957
157967
157972
157978
157987
157992
157996
157999
158022
158029
158031
158036
158050
158060
158063
158069
158071
158078
158080
158083
158094
158119
158120
158129
158134
158137
158141
158142
158143
158150
158160
158162
158164
158167
158171
158175
158177
158182
158190
158195
158198
158204
158206
158210
158211
158221
158225
158231
158238
158240
158241
158257
158259
158260
158264
158268
158271
158276
158290
158296
158297
158299
158322
158323
158326
158335
158345
158351
158352
158353
158361
158364
158377
158385
158386
158388
158389
158403
158405
158406
158410
158411
158416
158424
158425
158429
158432
158435
158448
158469
158470
158474
158481
158484
158486
158491
158492
158495
158508
158514
158527
158528
158534
158539
158541
158543
158557
158558
158561
158566
158570
158580
158582
158588
158594
158605
158607
158608
158613
158619
158627
158629
158630
158640
158648
158650
158655
158666
158670
158677
158693
158700
158713
158715
158717
158719
158721
158724
158728
158733
158739
158767
158774
158785
158792
158793
158796
158801
158808
158809
158815
158817
158821
158823
158845
158847
158849
158851
158853
158857
158861
158863
158866
158874
158876
158877
158882
158884
158885
158895
158898
158902
158904
158914
158916
158920
158922
158923
158926
158928
158931
158932
158934
158936
158940
158947
158953
158956
158973
158978
158997
159002
159009
159030
159032
159045
159048
159052
159055
159056
159057
159061
159067
159068
159069
159075
159080
159089
159090
159092
159093
159100
159103
159107
159109
159116
159122
159124
159126
159138
159142
159154
159156
159165
159167
159169
159171
159176
159184
159214
159219
159237
159240
159246
159261
159269
159270
159274
159287
159289
159292
159294
159299
159301
159304
159306
159307
159310
159321
159330
159345
159350
159354
159355
159362
159364
159365
159369
159392
159400
159402
159404
159406
159413
159414
159419
159420
159422
159424
159428
159435
159436
159447
159453
159465
159467
159469
159472
159477
159478
159479
159492
159494
159495
159496
159499
159500
159501
159504
159511
159513
159523
159524
159531
159546
159550
159551
159555
159556
159557
159573
159578
159581
159584
159585
159597
159598
159609
159613
159617
159624
159625
159626
159627
159628
159636
159640
159648
159649
159650
159656
159662
159671
159672
159674
159679
159683
159687
159688
159695
159698
159703
159706
159710
159716
159719
159724
159725
159740
159756
159757
159762
159768
159772
159778
159789
159790
159793
159802
159809
159824
159825
159829
159844
159853
159854
159856
159862
159868
159869
159878
159880
159881
159887
159894
159914
159915
159923
159927
159933
159934
159937
159939
159946
159953
159955
159958
159969
159971
159972
159987
159988
159989
159993
159999
160017
160026
160031
160037
160041
160048
160059
160061
160068
160072
160073
160081
160086
160087
160088
160093
160096
160110
160111
160121
160122
160134
160136
160138
160141
160150
160152
160166
160167
160172
160176
160177
160183
160185
160188
160195
160205
160215
160216
160217
160222
160226
160228
160230
160236
160250
160253
160257
160260
160262
160267
160269
160272
160274
160281
160283
160288
160289
160294
160298
160307
160318
160321
160324
160325
160330
160331
160336
160340
160345
160350
160359
160369
160374
160378
160379
160380
160386
160388
160389
160396
160403
160407
160408
160418
160424
160429
160436
160437
160438
160440
160444
160451
160455
160456
160460
160467
160472
160477
160493
160499
160510
160513
160514
160515
160533
160537
160541
160542
160548
160551
160555
160558
160560
160579
160585
160587
160596
160601
160608
160609
160615
160618
160621
160627
160633
160634
160636
160640
160647
160651
160654
160663
160666
160673
160687
160694
160704
160710
160712
160713
160721
160722
160728
160734
160738
160743
160749
160757
160768
160769
160783
160786
160789
160792
160796
160800
160801
160802
160815
160816
160825
160836
160841
160850
160854
160855
160888
160894
160898
160902
160915
160919
160929
160931
160936
160949
160952
160957
160960
160964
160966
160969
160973
160992
160993
160998
160999
161000
161015
161016
161021
161029
161030
161038
161042
161043
161047
161053
161058
161060
161063
161066
161067
161068
161069
161073
161077
161080
161082
161086
161097
161100
161106
161120
161122
161123
161127
161130
161131
161135
161143
161148
161149
161156
161160
161167
161176
161183
161185
161189
161196
161202
161204
161224
161229
161230
161238
161244
161261
161263
161270
161276
161280
161295
161296
161303
161308
161320
161321
161322
161323
161325
161342
161343
161347
161349
161350
161359
161361
161365
161370
161371
161372
161375
161379
161383
161390
161394
161395
161396
161397
161398
161402
161404
161412
161431
161432
161437
161439
161442
161447
161451
161452
161454
161457
161464
161469
161471
161474
161475
161476
161479
161484
161485
161496
161505
161508
161509
161510
161511
161517
161518
161527
161531
161532
161534
161538
161549
161550
161551
161553
161554
161560
161564
161569
161574
161575
161583
161585
161595
161596
161598
161608
161609
161612
161615
161616
161623
161632
161635
161644
161647
161648
161651
161660
161675
161681
161682
161684
161688
161693
161694
161715
161719
161720
161725
161729
161733
161737
161742
161743
161744
161748
161753
161756
161759
161762
161772
161782
161788
161794
161796
161797
161798
161801
161812
161821
161823
161828
161839
161840
161848
161867
161875
161876
161885
161887
161904
161911
161912
161916
161934
161940
161941
161942
161949
161950
161956
161959
161967
161978
161980
161982
161983
161992
162002
162006
162009
162014
162029
162035
162037
162040
162050
162059
162061
162064
162075
162081
162083
162085
162086
162088
162095
162096
162102
162108
162120
162123
162124
162125
162129
162136
162138
162146
162149
162151
162152
162156
162160
162161
162164
162166
162175
162179
162186
162187
162191
162198
162200
162203
162205
162212
162214
162215
162224
162230
162242
162243
162246
162256
162260
162265
162271
162272
162277
162287
162301
162307
162308
162316
162321
162335
162338
162345
162349
162354
162358
162359
162362
162368
162369
162389
162401
162407
162410
162411
162417
162423
162440
162460
162473
162474
162475
162480
162483
162485
162488
162491
162497
162503
162517
162521
162524
162525
162526
162550
162551
162553
162564
162575
162587
162589
162590
162595
162605
162608
162612
162620
162622
162624
162627
162639
162661
162663
162665
162666
162674
162677
162685
162686
162699
162715
162717
162719
162722
162730
162733
162747
162752
162754
162763
162769
162774
162787
162792
162804
162806
162814
162823
162827
162833
162840
162842
162849
162856
162859
162867
162870
162871
162873
162875
162884
162885
162886
162888
162895
162896
162901
162904
162919
162926
162927
162932
162955
162960
162961
162963
162970
162971
162974
162975
162981
162982
162986
162990
162997
162998
163000
163001
163021
163029
163036
163038
163039
163045
163046
163047
163051
163052
163061
163066
163073
163081
163086
163088
163094
163110
163115
163122
163123
163127
163137
163139
163146
163155
163157
163158
163159
163162
163166
163171
163173
163183
163185
163190
163199
163201
163211
163216
163230
163231
163233
163235
163245
163251
163260
163262
163275
163284
163293
163297
163298
163304
163307
163309
163325
163331
163342
163345
163349
163350
163353
163357
163360
163361
163371
163380
163382
163383
163393
163396
163400
163403
163404
163405
163417
163428
163433
163442
163444
163450
163460
163463
163472
163473
163484
163487
163493
163497
163503
163505
163506
163512
163514
163522
163527
163533
163534
163536
163543
163550
163564
163580
163581
163589
163595
163604
163617
163620
163629
163647
163652
163659
163666
163667
163690
163695
163701
163702
163703
163712
163715
163722
163731
163741
163743
163765
163777
163779
163784
163788
163794
163796
163798
163801
163804
163811
163816
163820
163835
163836
163840
163841
163842
163850
163851
163853
163857
163860
163861
163867
163869
163878
163889
163901
163916
163920
163924
163943
163944
163962
163963
163981
163985
164001
164014
164025
164027
164029
164034
164039
164042
164048
164049
164056
164071
164086
164090
164096
164099
164100
164105
164107
164116
164121
164128
164131
164135
164139
164141
164145
164153
164154
164163
164173
164179
164181
164184
164188
164189
164192
164200
164202
164203
164208
164218
164225
164227
164229
164235
164242
164243
164245
164247
164256
164258
164261
164268
164275
164277
164280
164281
164285
164287
164294
164296
164300
164301
164318
164319
164320
164321
164331
164332
164344
164345
164352
164359
164362
164368
164373
164379
164391
164395
164397
164400
164406
164410
164415
164417
164419
164420
164422
164424
164447
164455
164464
164469
164473
164474
164484
164487
164488
164496
164499
164502
164504
164511
164513
164519
164528
164530
164543
164545
164551
164555
164558
164564
164567
164568
164576
164579
164580
164584
164590
164593
164595
164596
164597
164604
164607
164608
164609
164627
164628
164631
164632
164636
164637
164641
164651
164653
164655
164665
164669
164685
164688
164693
164694
164700
164704
164713
164715
164716
164717
164731
164735
164744
164748
164753
164759
164791
164798
164799
164801
164802
164806
164807
164823
164825
164827
164838
164842
164851
164852
164855
164857
164859
164861
164863
164867
164869
164878
164890
164892
164893
164901
164903
164912
164924
164930
164934
164937
164943
164949
164953
164960
164961
164963
164966
164975
164979
164991
164997
165001
165005
165009
165014
165017
165018
165019
165025
165034
165039
165051
165056
165061
165064
165069
165071
165090
165091
165094
165100
165113
165115
165118
165119
165124
165130
165135
165144
165151
165163
165167
165169
165173
165176
165178
165185
165193
165196
165198
165199
165200
165202
165208
165214
165217
165218
165220
165222
165223
165227
165234
165236
165237
165238
165251
165258
165262
165265
165269
165274
165276
165279
165287
165288
165292
165296
165307
165308
165310
165323
165325
165340
165341
165342
165346
165356
165358
165360
165363
165365
165367
165371
165372
165385
165391
165405
165408
165410
165421
165423
165439
165442
165447
165450
165454
165455
165468
165469
165473
165476
165477
165486
165489
165493
165494
165495
165500
165507
165517
165521
165526
165529
165530
165533
165538
165543
165549
165559
165561
165573
165581
165582
165607
165609
165611
165613
165619
165621
165624
165625
165629
165638
165641
165646
165659
165683
165685
165690
165692
165696
165698
165701
165707
165721
165723
165725
165753
165755
165757
165767
165769
165774
165778
165787
165801
165805
165806
165809
165814
165829
165839
165840
165845
165847
165851
165856
165866
165868
165872
165873
165877
165883
165885
165891
165892
165894
165896
165912
165914
165921
165922
165923
165929
165933
165934
165936
165947
165949
165951
165953
165964
165969
165986
165997
166002
166008
166009
166020
166025
166028
166031
166041
166046
166048
166051
166057
166070
166072
166074
166076
166078
166081
166082
166083
166092
166094
166095
166098
166109
166112
166119
166125
166128
166132
166133
166140
166143
166145
166150
166159
166161
166178
166189
166195
166212
166217
166224
166240
166262
166282
166289
166295
166300
166301
166304
166306
166307
166308
166310
166312
166315
166317
166330
166338
166346
166347
166355
166359
166360
166361
166367
166373
166376
166400
166410
166412
166414
166424
166427
166429
166434
166441
166448
166449
166453
166454
166462
166463
166465
166468
166478
166482
166486
166490
166498
166500
166501
166507
166508
166511
166521
166522
166528
166537
166538
166548
166550
166555
166569
166574
166580
166581
166582
166584
166585
166586
166596
166597
166606
166607
166612
166613
166617
166618
166634
166635
166638
166640
166641
166649
166650
166661
166662
166665
166668
166674
166676
166677
166688
166694
166696
166704
166715
166729
166730
166734
166736
166737
166743
166757
166764
166768
166771
166773
166778
166780
166788
166790
166803
166807
166815
166816
166819
166820
166822
166823
166825
166832
166836
166855
166858
166862
166864
166867
166876
166884
166890
166892
166899
166901
166904
166910
166924
166925
166931
166951
166953
166958
166959
166961
166965
166971
166986
166989
166992
167000
167004
167006
167010
167028
167041
167045
167050
167052
167061
167074
167076
167084
167099
167101
167120
167121
167134
167136
167137
167156
167164
167169
167170
167173
167176
167181
167182
167199
167200
167207
167214
167222
167223
167230
167232
167239
167240
167242
167245
167250
167251
167252
167272
167276
167296
167298
167308
167311
167312
167314
167315
167325
167330
167333
167334
167337
167347
167349
167354
167364
167365
167366
167370
167371
167373
167375
167395
167402
167413
167417
167418
167428
167433
167437
167441
167450
167451
167453
167454
167458
167460
167466
167469
167474
167476
167477
167478
167495
167497
167499
167509
167510
167513
167515
167520
167523
167524
167527
167545
167547
167553
167560
167561
167565
167568
167582
167589
167593
167598
167603
167611
167612
167619
167622
167625
167626
167630
167631
167633
167640
167648
167650
167656
167657
167660
167666
167669
167678
167682
167683
167686
167687
167688
167692
167697
167698
167700
167711
167712
167716
167717
167719
167720
167723
167732
167744
167745
167752
167753
167758
167761
167767
167768
167769
167774
167775
167780
167781
167782
167783
167790
167794
167797
167798
167801
167802
167806
167815
167817
167819
167835
167838
167848
167852
167854
167856
167858
167859
167860
167861
167868
167873
167874
167879
167888
167890
167893
167900
167902
167920
167925
167927
167931
167941
167943
167955
167959
167964
167978
167979
167980
167986
167988
167990
167992
167995
167999
168001
168004
168007
168016
168024
168030
168033
168037
168041
168048
168051
168053
168067
168081
168082
168088
168093
168099
168101
168103
168105
168106
168108
168123
168126
168129
168137
168140
168142
168152
168164
168176
168180
168183
168186
168188
168195
168208
168211
168217
168227
168240
168252
168255
168263
168276
168278
168286
168292
168296
168301
168307
168316
168322
168326
168335
168339
168340
168347
168351
168353
168361
168373
168384
168392
168396
168401
168404
168406
168418
168427
168444
168446
168448
168453
168461
168467
168468
168469
168470
168476
168495
168497
168500
168504
168515
168520
168526
168534
168538
168546
168547
168553
168555
168565
168573
168575
168581
168587
168588
168591
168598
168599
168600
168607
168608
168609
168613
168615
168619
168620
168626
168627
168633
168634
168635
168646
168648
168659
168665
168668
168673
168676
168681
168687
168690
168693
168702
168705
168710
168718
168725
168726
168734
168742
168748
168756
168766
168773
168777
168778
168780
168782
168789
168790
168794
168795
168798
168808
168812
168814
168816
168824
168839
168847
168853
168854
168858
168861
168867
168869
168873
168874
168889
168894
168895
168897
168899
168900
168901
168905
168906
168910
168915
168916
168919
168927
168928
168933
168939
168953
168954
168955
168959
168965
168968
168969
168978
168983
168989
168993
168997
169007
169011
169018
169019
169023
169024
169026
169027
169029
169030
169038
169044
169046
169054
169065
169067
169069
169073
169078
169080
169082
169097
169113
169114
169115
169125
169127
169138
169142
169145
169147
169149
169154
169156
169159
169165
169170
169171
169174
169176
169177
169178
169179
169183
169185
169186
169188
169190
169194
169197
169198
169208
169212
169213
169214
169215
169223
169227
169235
169237
169243
169253
169256
169257
169258
169266
169267
169269
169288
169295
169298
169299
169307
169311
169312
169315
169333
169335
169337
169344
169350
169357
169368
169373
169378
169384
169394
169399
169403
169408
169415
169420
169427
169434
169444
169447
169448
169449
169454
169467
169469
169470
169477
169485
169492
169495
169500
169510
169516
169520
169521
169523
169527
169531
169533
169538
169539
169544
169551
169560
169562
169564
169567
169578
169587
169598
169600
169601
169603
169604
169607
169611
169612
169616
169628
169630
169633
169635
169645
169647
169648
169650
169665
169679
169681
169682
169685
169686
169698
169699
169702
169713
169715
169717
169722
169724
169727
169732
169736
169739
169747
169750
169752
169755
169757
169758
169762
169763
169764
169765
169770
169776
169780
169782
169787
169791
169792
169793
169796
169799
169800
169806
169808
169814
169818
169821
169823
169831
169841
169847
169850
169854
169883
169893
169901
169904
169915
169926
169927
169937
169939
169943
169945
169947
169952
169953
169955
169956
169961
169962
169964
169968
169975
169978
169981
169987
169991
169994
169995
170002
170008
170009
170015
170020
170021
170029
170049
170050
170056
170060
170073
170078
170081
170093
170094
170098
170103
170104
170119
170128
170129
170140
170147
170148
170150
170157
170158
170162
170167
170172
170183
170186
170194
170211
170214
170226
170228
170245
170252
170257
170258
170261
170267
170268
170269
170272
170274
170275
170280
170282
170283
170287
170292
170293
170295
170308
170315
170317
170336
170340
170341
170345
170347
170355
170362
170372
170373
170374
170375
170380
170388
170393
170401
170406
170408
170417
170429
170431
170434
170435
170451
170452
170468
170469
170478
170485
170493
170509
170510
170514
170515
170520
170523
170525
170526
170533
170547
170548
170550
170564
170571
170572
170579
170580
170583
170584
170585
170586
170587
170595
170596
170597
170598
170599
170600
170602
170603
170614
170626
170634
170635
170640
170642
170650
170653
170668
170669
170670
170671
170678
170680
170683
170686
170687
170697
170708
170710
170724
170731
170734
170736
170740
170742
170747
170748
170759
170762
170764
170765
170766
170776
170780
170787
170789
170791
170800
170801
170818
170820
170821
170822
170824
170830
170834
170836
170839
170841
170843
170849
170850
170854
170859
170862
170863
170864
170865
170875
170879
170880
170883
170887
170888
170892
170898
170899
170902
170903
170912
170914
170915
170923
170943
170945
170947
170950
170955
170962
170967
170975
170984
170990
171008
171012
171030
171032
171036
171037
171039
171040
171041
171044
171045
171047
171049
171051
171063
171084
171094
171101
171109
171110
171114
171121
171125
171129
171142
171149
171159
171162
171165
171176
171180
171187
171191
171198
171199
171201
171205
171217
171219
171228
171229
171231
171241
171242
171247
171263
171265
171274
171278
171284
171287
171288
171302
171304
171310
171312
171314
171317
171318
171321
171330
171332
171336
171337
171338
171347
171360
171372
171379
171382
171383
171389
171395
171398
171401
171403
171405
171409
171410
171428
171433
171448
171452
171473
171482
171487
171492
171498
171499
171500
171508
171509
171511
171524
171525
171532
171538
171542
171543
171555
171571
171572
171573
171588
171600
171603
171604
171611
171612
171615
171625
171627
171631
171641
171646
171651
171660
171663
171680
171690
171694
171696
171703
171707
171709
171711
171713
171714
171725
171728
171735
171737
171742
171764
171767
171768
171769
171770
171771
171786
171789
171790
171791
171797
171801
171806
171811
171814
171819
171824
171826
171848
171849
171856
171863
171866
171871
171885
171892
171897
171901
171902
171907
171908
171913
171914
171921
171931
171932
171934
171946
171950
171957
171964
171966
171968
171974
171984
171993
171996
171998
171999
172000
172003
172004
172007
172013
172025
172033
172034
172040
172042
172052
172055
172063
172065
172080
172081
172092
172096
172101
172109
172111
172115
172119
172126
172139
172145
172146
172148
172155
172163
172165
172168
172175
172177
172178
172184
172199
172203
172206
172207
172210
172211
172217
172218
172221
172222
172235
172241
172249
172263
172264
172270
172273
172278
172285
172286
172287
172288
172290
172292
172302
172305
172306
172307
172308
172312
172317
172323
172324
172325
172326
172342
172346
172358
172365
172367
172387
172388
172392
172399
172402
172403
172412
172414
172421
172425
172426
172428
172434
172437
172443
172445
172450
172452
172460
172461
172462
172463
172474
172475
172477
172480
172486
172487
172490
172491
172492
172497
172504
172505
172516
172525
172528
172533
172534
172542
172551
172552
172555
172559
172562
172565
172567
172570
172572
172575
172577
172580
172592
172593
172597
172599
172602
172606
172607
172620
172622
172626
172628
172630
172635
172643
172645
172646
172656
172657
172669
172672
172681
172682
172686
172689
172697
172710
172716
172717
172722
172723
172724
172729
172730
172732
172735
172736
172739
172744
172745
172748
172749
172750
172754
172764
172767
172770
172773
172775
172776
172803
172804
172810
172813
172814
172819
172820
172821
172831
172833
172836
172839
172850
172851
172854
172857
172868
172870
172876
172896
172908
172912
172919
172925
172927
172930
172934
172936
172943
172946
172954
172955
172957
172964
172968
172969
172983
172984
172992
172994
172999
173007
173014
173024
173025
173033
173035
173038
173041
173045
173052
173053
173055
173056
173061
173063
173065
173072
173081
173083
173084
173086
173091
173093
173099
173102
173103
173115
173124
173128
173130
173133
173134
173135
173136
173139
173147
173152
173157
173161
173168
173170
173174
173178
173186
173193
173195
173198
173200
173204
173205
173221
173224
173228
173231
173232
173236
173240
173255
173262
173271
173272
173274
173275
173278
173280
173285
173306
173308
173314
173315
173317
173318
173325
173327
173328
173336
173337
173338
173339
173343
173349
173355
173358
173367
173379
173381
173386
173387
173393
173396
173398
173406
173419
173421
173423
173425
173432
173433
173438
173439
173440
173441
173450
173452
173453
173456
173463
173469
173470
173476
173477
173478
173481
173482
173487
173488
173495
173501
173503
173510
173512
173517
173526
173527
173530
173535
173536
173541
173542
173543
173544
173546
173556
173557
173558
173560
173567
173583
173585
173587
173590
173591
173592
173600
173603
173604
173605
173607
173609
173610
173611
173623
173625
173633
173636
173647
173649
173650
173654
173658
173660
173665
173669
173672
173676
173683
173691
173692
173693
173696
173703
173708
173713
173716
173719
173720
173729
173735
173741
173746
173760
173766
173781
173782
173793
173795
173806
173815
173817
173818
173823
173827
173828
173834
173838
173839
173843
173854
173855
173863
173872
173874
173875
173878
173879
173883
173889
173891
173896
173898
173911
173912
173915
173919
173921
173930
173933
173935
173942
173952
173966
173973
173977
173978
173980
173981
173985
173987
173988
173994
173996
173998
174000
174004
174005
174009
174012
174014
174015
174016
174018
174020
174022
174025
174028
174029
174032
174037
174038
174045
174070
174072
174081
174084
174088
174090
174093
174099
174102
174105
174111
174122
174124
174129
174140
174143
174156
174158
174168
174173
174185
174192
174202
174205
174210
174215
174216
174231
174232
174238
174239
174240
174241
174245
174247
174251
174252
174256
174263
174266
174278
174289
174295
174299
174301
174305
174312
174313
174314
174315
174320
174330
174341
174350
174353
174354
174358
174370
174384
174392
174399
174403
174404
174405
174408
174416
174422
174423
174426
174434
174435
174441
174443
174444
174448
174449
174452
174465
174468
174472
174479
174485
174502
174504
174511
174513
174524
174525
174527
174529
174539
174543
174547
174553
174565
174569
174578
174581
174588
174595
174599
174612
174616
174622
174623
174625
174627
174628
174631
174650
174653
174659
174660
174661
174673
174678
174680
174684
174689
174690
174694
174695
174702
174711
174720
174722
174727
174729
174738
174741
174744
174748
174753
174758
174764
174767
174772
174788
174793
174796
174813
174834
174836
174837
174839
174840
174849
174850
174856
174859
174860
174862
174865
174878
174890
174891
174894
174912
174918
174924
174925
174926
174927
174928
174938
174945
174946
174960
174961
174963
174965
174966
174973
174985
174989
174995
174998
175000
175011
175024
175027
175030
175031
175032
175044
175058
175062
175063
175064
175074
175075
175083
175096
175097
175099
175102
175108
175117
175133
175139
175140
175149
175150
175151
175166
175168
175173
175185
175189
175190
175191
175200
175209
175220
175223
175224
175227
175229
175233
175234
175235
175237
175244
175246
175256
175258
175260
175270
175275
175280
175284
175285
175287
175292
175295
175299
175306
175310
175313
175314
175323
175326
175330
175332
175335
175343
175344
175348
175350
175368
175373
175377
175381
175382
175387
175390
175397
175401
175406
175412
175420
175428
175429
175431
175435
175441
175449
175455
175463
175465
175477
175480
175488
175493
175496
175499
175502
175504
175522
175526
175527
175533
175534
175542
175546
175548
175555
175556
175558
175564
175565
175573
175575
175576
175581
175582
175583
175585
175588
175601
175605
175607
175619
175620
175621
175626
175628
175631
175633
175635
175637
175645
175660
175664
175675
175680
175693
175699
175708
175711
175712
175713
175720
175728
175734
175739
175743
175746
175750
175751
175762
175763
175765
175767
175781
175814
175818
175820
175833
175834
175838
175841
175846
175850
175851
175854
175858
175859
175863
175869
175874
175875
175877
175884
175890
175899
175900
175903
175909
175910
175918
175927
175930
175937
175939
175945
175949
175952
175963
175967
175976
175977
175984
175988
175990
175994
175999
176000
176003
176008
176017
176021
176027
176028
176031
176033
176039
176044
176045
176046
176050
176060
176061
176069
176070
176072
176079
176081
176082
176084
176094
176100
176101
176111
176137
176141
176152
176153
176161
176162
176164
176166
176171
176172
176173
176174
176193
176195
176201
176204
176206
176208
176211
176218
176226
176229
176236
176246
176248
176265
176280
176289
176296
176306
176313
176317
176327
176334
176336
176339
176341
176346
176347
176349
176374
176384
176387
176390
176391
176400
176406
176407
176409
176411
176412
176413
176414
176415
176418
176423
176430
176431
176437
176440
176445
176451
176453
176465
176469
176473
176474
176477
176484
176486
176491
176492
176496
176504
176506
176507
176511
176512
176516
176526
176534
176547
176552
176556
176560
176564
176569
176594
176596
176597
176601
176605
176612
176619
176627
176629
176644
176646
176647
176649
176650
176658
176666
176671
176675
176677
176684
176686
176694
176700
176719
176720
176721
176726
176736
176742
176767
176768
176774
176775
176780
176782
176783
176786
176795
176797
176811
176812
176822
176830
176839
176840
176842
176843
176857
176869
176870
176877
176894
176895
176904
176905
176926
176942
176946
176958
176960
176961
176963
176964
176966
176972
176973
176976
176989
176990
176991
177006
177008
177011
177018
177028
177034
177035
177042
177044
177055
177057
177069
177071
177073
177075
177076
177081
177082
177108
177120
177122
177138
177149
177151
177154
177157
177161
177162
177163
177167
177175
177176
177178
177180
177188
177201
177216
177224
177227
177241
177243
177251
177252
177259
177262
177264
177266
177269
177275
177286
177292
177294
177296
177300
177305
177310
177318
177320
177321
177323
177327
177328
177334
177335
177336
177340
177351
177352
177356
177357
177364
177373
177374
177380
177381
177392
177393
177397
177401
177406
177414
177416
177421
177422
177425
177433
177434
177439
177440
177441
177443
177445
177447
177451
177465
177477
177479
177483
177492
177495
177509
177521
177524
177526
177536
177540
177542
177544
177545
177547
177549
177551
177557
177565
177567
177568
177580
177584
177585
177586
177589
177597
177598
177602
177604
177609
177622
177628
177629
177644
177650
177652
177653
177654
177657
177662
177665
177672
177673
177678
177682
177685
177689
177694
177698
177706
177717
177728
177735
177745
177746
177754
177757
177762
177769
177773
177785
177788
177792
177803
177808
177815
177819
177821
177822
177823
177825
177826
177827
177831
177834
177841
177842
177845
177847
177860
177865
177866
177874
177881
177882
177885
177890
177904
177911
177920
177923
177924
177930
177931
177932
177936
177947
177950
177951
177952
177953
177956
177958
177960
177961
177963
177974
177980
177990
177995
177999
178001
178002
178004
178006
178007
178009
178022
178024
178026
178039
178041
178046
178048
178049
178051
178055
178056
178059
178063
178064
178067
178073
178074
178078
178079
178082
178089
178094
178102
178104
178123
178125
178143
178150
178152
178153
178181
178186
178190
178192
178194
178211
178214
178222
178226
178236
178240
178242
178243
178245
178248
178249
178251
178265
178268
178269
178272
178294
178295
178304
178308
178314
178317
178320
178322
178323
178324
178325
178329
178332
178337
178338
178343
178346
178349
178353
178361
178377
178381
178385
178391
178395
178398
178399
178406
178417
178427
178429
178436
178438
178440
178446
178448
178450
178453
178454
178456
178461
178464
178465
178467
178473
178475
178479
178483
178486
178493
178495
178502
178505
178507
178509
178512
178518
178540
178551
178556
178564
178565
178566
178585
178590
178591
178597
178598
178599
178608
178610
178615
178617
178618
178624
178625
178626
178629
178638
178646
178656
178663
178664
178665
178671
178672
178677
178680
178688
178692
178706
178707
178712
178719
178723
178724
178727
178730
178733
178735
178738
178739
178742
178743
178756
178757
178758
178762
178765
178775
178778
178779
178783
178786
178787
178791
178794
178807
178811
178812
178819
178827
178850
178855
178856
178859
178860
178863
178864
178867
178874
178875
178876
178877
178880
178897
178900
178902
178904
178905
178911
178918
178921
178931
178936
178937
178939
178941
178950
178954
178955
178956
178957
178967
178968
178970
178975
178982
178987
178991
178992
178993
178994
178995
178997
179001
179002
179003
179012
179018
179022
179023
179025
179032
179040
179043
179044
179057
179076
179077
179078
179090
179091
179096
179105
179115
179117
179124
179137
179141
179146
179153
179155
179156
179158
179159
179160
179161
179170
179171
179173
179176
179178
179181
179182
179185
179188
179189
179190
179196
179198
179201
179213
179222
179223
179226
179228
179236
179240
179243
179254
179256
179264
179266
179271
179281
179285
179297
179309
179314
179327
179331
179332
179334
179342
179343
179347
179348
179350
179355
179359
179362
179363
179369
179374
179397
179404
179412
179416
179426
179431
179435
179444
179447
179451
179455
179462
179463
179465
179469
179477
179488
179490
179492
179495
179496
179504
179505
179513
179515
179517
179528
179535
179536
179539
179541
179542
179546
179548
179550
179551
179553
179559
179568
179575
179577
179580
179581
179582
179586
179590
179593
179597
179603
179604
179607
179608
179621
179627
179628
179633
179635
179649
179653
179662
179670
179673
179683
179689
179693
179695
179705
179708
179721
179725
179730
179735
179737
179746
179747
179749
179756
179761
179771
179774
179775
179777
179780
179785
179798
179808
179809
179817
179824
179826
179830
179832
179837
179842
179852
179853
179855
179857
179858
179861
179865
179878
179881
179885
179894
179901
179902
179907
179908
179922
179925
179938
179942
179953
179956
179957
179961
179969
179982
179984
179990
179995
180000
180005
180006
180007
180009
180012
180013
180020
180021
180033
180043
180044
180062
180067
180070
180073
180079
180084
180089
180096
180107
180118
180119
180122
180125
180126
180131
180132
180136
180138
180139
180147
180150
180163
180166
180169
180170
180171
180179
180185
180191
180198
180205
180206
180208
180221
180222
180228
180235
180236
180243
180246
180248
180249
180258
180259
180262
180264
180270
180279
180289
180290
180295
180305
180308
180313
180315
180319
180326
180340
180341
180347
180349
180358
180361
180363
180368
180372
180374
180375
180381
180388
180395
180398
180414
180422
180433
180438
180444
180445
180449
180458
180465
180467
180469
180478
180483
180484
180485
180488
180489
180504
180513
180515
180516
180524
180533
180535
180536
180537
180551
180554
180561
180577
180578
180580
180583
180588
180589
180595
180598
180600
180603
180605
180621
180623
180634
180642
180654
180656
180660
180662
180668
180672
180687
180698
180701
180702
180709
180711
180713
180718
180722
180724
180727
180744
180746
180747
180748
180753
180754
180755
180761
180762
180766
180768
180770
180775
180781
180790
180793
180800
180808
180821
180822
180824
180827
180829
180831
180839
180852
180854
180855
180858
180873
180890
180892
180894
180896
180897
180899
180902
180914
180916
180917
180925
180926
180929
180931
180933
180934
180946
180947
180951
180955
180963
180964
180968
180970
180975
180985
180997
181002
181008
181009
181012
181013
181020
181023
181026
181030
181032
181033
181039
181049
181050
181053
181057
181063
181068
181074
181075
181084
181100
181103
181108
181112
181114
181115
181125
181129
181131
181132
181134
181135
181161
181162
181165
181175
181184
181185
181186
181189
181193
181194
181198
181206
181207
181210
181211
181214
181222
181229
181234
181238
181249
181253
181255
181262
181263
181268
181269
181272
181278
181279
181282
181283
181290
181293
181296
181301
181309
181312
181317
181328
181332
181334
181346
181347
181353
181354
181356
181362
181371
181372
181381
181387
181391
181396
181403
181404
181406
181409
181415
181417
181422
181425
181430
181441
181445
181451
181453
181462
181464
181487
181497
181500
181504
181508
181514
181520
181523
181527
181531
181534
181536
181537
181545
181552
181556
181560
181561
181570
181576
181588
181589
181596
181599
181603
181611
181615
181619
181626
181631
181632
181635
181647
181656
181662
181681
181684
181689
181692
181703
181707
181716
181719
181723
181728
181732
181739
181742
181753
181765
181769
181770
181779
181784
181798
181808
181812
181813
181824
181829
181830
181833
181834
181835
181839
181845
181847
181851
181853
181854
181855
181857
181865
181867
181868
181870
181886
181887
181894
181897
181898
181902
181904
181910
181912
181913
181919
181922
181925
181927
181930
181933
181944
181947
181951
181952
181953
181961
181966
181972
181973
181980
181981
181983
181986
181995
182000
182003
182004
182014
182023
182024
182029
182036
182037
182038
182041
182045
182061
182065
182069
182070
182072
182082
182084
182087
182090
182097
182099
182100
182106
182137
182138
182139
182140
182145
182149
182150
182154
182155
182157
182163
182165
182166
182178
182182
182183
182186
182196
182204
182211
182212
182218
182222
182235
182254
182262
182263
182265
182269
182274
182276
182292
182304
182311
182319
182342
182343
182356
182367
182374
182385
182388
182393
182395
182413
182419
182422
182424
182425
182428
182438
182443
182444
182448
182451
182453
182456
182467
182471
182475
182476
182488
182490
182492
182495
182496
182497
182500
182501
182503
182505
182509
182517
182521
182528
182533
182538
182542
182545
182554
182557
182576
182592
182593
182594
182598
182601
182602
182605
182607
182614
182639
182645
182650
182657
182662
182671
182675
182678
182694
182695
182697
182699
182704
182705
182709
182711
182713
182720
182724
182727
182732
182744
182745
182749
182759
182762
182777
182782
182784
182791
182797
182800
182801
182809
182815
182820
182821
182828
182838
182845
182847
182852
182859
182865
182867
182869
182874
182877
182879
182891
182896
182905
182906
182910
182915
182919
182927
182948
182950
182951
182955
182970
182974
182982
182986
182989
182990
182992
182993
183004
183006
183015
183017
183019
183022
183026
183027
183031
183047
183049
183052
183061
183063
183065
183081
183087
183088
183092
183106
183110
183114
183115
183125
183129
183140
183141
183143
183153
183162
183171
183172
183173
183175
183182
183183
183191
183197
183199
183204
183206
183207
183214
183216
183227
183230
183239
183246
183248
183252
183255
183268
183273
183284
183286
183289
183292
183296
183328
183329
183334
183338
183343
183344
183370
183375
183382
183383
183393
183436
183437
183443
183447
183452
183460
183462
183471
183472
183478
183481
183486
183487
183496
183501
183507
183509
183511
183518
183519
183527
183530
183534
183550
183551
183552
183564
183570
183585
183592
183599
183602
183606
183621
183627
183629
183635
183637
183639
183643
183645
183649
183659
183661
183664
183674
183678
183688
183689
183690
183691
183694
183701
183705
183709
183715
183727
183728
183729
183730
183732
183736
183737
183739
183741
183745
183759
183768
183770
183775
183779
183782
183783
183787
183803
183805
183809
183817
183822
183824
183839
183843
183844
183845
183849
183850
183852
183855
183861
183865
183870
183871
183877
183887
183888
183895
183900
183903
183905
183906
183910
183912
183914
183915
183923
183931
183938
183941
183955
183965
183968
183969
183977
183983
183988
183991
183992
183994
183995
183996
184002
184008
184011
184012
184028
184033
184035
184037
184039
184042
184044
184056
184068
184069
184072
184076
184081
184083
184085
184086
184090
184112
184113
184114
184115
184116
184131
184136
184140
184146
184152
184159
184168
184175
184180
184181
184189
184194
184208
184237
184240
184243
184244
184245
184252
184256
184257
184261
184274
184278
184283
184287
184291
184295
184296
184300
184303
184306
184307
184309
184315
184316
184317
184319
184322
184324
184330
184332
184339
184344
184348
184351
184352
184355
184359
184362
184370
184371
184372
184383
184384
184386
184392
184397
184406
184407
184419
184422
184430
184431
184440
184442
184447
184458
184464
184465
184467
184468
184470
184475
184478
184481
184491
184496
184498
184500
184510
184517
184520
184528
184536
184539
184540
184546
184551
184568
184575
184587
184601
184602
184604
184606
184607
184609
184610
184617
184619
184627
184631
184636
184646
184650
184651
184659
184662
184663
184665
184666
184669
184671
184682
184683
184690
184692
184695
184698
184708
184710
184715
184717
184720
184722
184724
184726
184734
184736
184751
184756
184758
184771
184772
184774
184785
184794
184796
184799
184801
184805
184806
184820
184826
184828
184846
184851
184882
184886
184887
184892
184899
184904
184928
184942
184946
184952
184960
184962
184967
184970
184974
184977
184986
184990
184997
184998
184999
185002
185007
185012
185016
185018
185023
185033
185035
185042
185046
185051
185058
185060
185063
185066
185069
185070
185072
185074
185080
185081
185085
185088
185090
185097
185103
185116
185127
185133
185137
185153
185154
185156
185164
185168
185178
185181
185183
185185
185192
185197
185198
185199
185203
185211
185214
185220
185221
185223
185229
185238
185243
185247
185261
185265
185275
185276
185289
185292
185298
185306
185309
185316
185324
185329
185330
185331
185337
185343
185344
185346
185355
185364
185369
185378
185380
185398
185407
185417
185429
185444
185447
185454
185467
185468
185469
185471
185473
185474
185481
185483
185488
185491
185492
185493
185497
185499
185506
185513
185514
185517
185525
185528
185537
185541
185545
185550
185561
185562
185564
185567
185570
185573
185574
185576
185588
185601
185608
185610
185624
185626
185637
185640
185653
185658
185662
185674
185678
185680
185684
185686
185696
185697
185698
185703
185707
185711
185715
185716
185723
185727
185734
185739
185743
185747
185753
185754
185760
185764
185769
185777
185781
185794
185799
185800
185803
185810
185819
185820
185821
185823
185825
185841
185844
185848
185861
185863
185865
185869
185874
185877
185886
185888
185897
185909
185911
185922
185932
185935
185939
185941
185944
185946
185961
185967
185969
185972
185980
185985
185986
185990
185997
186000
186010
186012
186022
186024
186032
186037
186051
186064
186073
186084
186090
186095
186100
186101
186110
186117
186120
186125
186131
186132
186136
186138
186145
186149
186155
186156
186159
186168
186171
186181
186185
186188
186191
186192
186196
186198
186205
186210
186216
186223
186224
186232
186238
186241
186243
186248
186255
186259
186261
186262
186263
186264
186285
186286
186288
186291
186299
186300
186304
186306
186309
186314
186331
186335
186336
186342
186349
186361
186391
186394
186405
186406
186417
186421
186424
186425
186427
186437
186441
186442
186447
186450
186454
186458
186459
186461
186462
186467
186474
186487
186488
186493
186499
186501
186505
186512
186516
186518
186522
186527
186533
186535
186536
186543
186545
186547
186555
186559
186565
186576
186577
186578
186581
186594
186618
186622
186623
186636
186639
186641
186642
186655
186667
186681
186683
186684
186686
186689
186692
186693
186697
186703
186704
186709
186715
186717
186718
186719
186720
186725
186728
186736
186745
186747
186749
186754
186755
186763
186766
186776
186783
186803
186825
186828
186833
186847
186849
186850
186852
186854
186867
186871
186874
186877
186879
186881
186882
186883
186886
186887
186888
186901
186906
186911
186914
186918
186921
186922
186925
186927
186939
186941
186943
186948
186958
186959
186961
186969
186982
186984
187006
187007
187016
187018
187022
187025
187026
187028
187030
187032
187050
187051
187052
187053
187062
187066
187069
187073
187081
187084
187092
187093
187099
187107
187109
187111
187127
187130
187132
187138
187139
187148
187152
187154
187155
187164
187165
187168
187172
187177
187179
187182
187184
187188
187194
187195
187200
187206
187209
187220
187226
187227
187228
187230
187232
187240
187247
187249
187250
187258
187265
187271
187274
187276
187278
187279
187281
187285
187290
187301
187303
187317
187320
187322
187326
187330
187343
187348
187352
187365
187370
187374
187377
187378
187385
187390
187392
187394
187395
187403
187404
187406
187424
187452
187454
187455
187460
187462
187464
187466
187473
187475
187482
187495
187510
187519
187523
187528
187534
187540
187547
187548
187552
187554
187559
187561
187567
187579
187582
187592
187602
187604
187606
187611
187614
187617
187618
187623
187627
187629
187639
187644
187646
187648
187650
187651
187652
187660
187663
187666
187669
187674
187676
187685
187693
187702
187710
187713
187732
187742
187748
187749
187751
187752
187755
187758
187772
187783
187785
187786
187789
187790
187794
187803
187812
187813
187827
187830
187838
187842
187845
187848
187851
187852
187853
187858
187861
187864
187874
187878
187881
187890
187894
187895
187902
187907
187912
187914
187919
187921
187923
187928
187932
187933
187935
187937
187939
187953
187960
187963
187965
187966
187968
187970
187973
187981
187982
187984
187989
187996
188013
188014
188019
188020
188028
188043
188056
188064
188066
188067
188069
188070
188073
188083
188086
188091
188102
188103
188106
188107
188111
188114
188117
188119
188123
188127
188130
188133
188134
188138
188142
188145
188155
188161
188164
188170
188175
188177
188179
188181
188185
188187
188197
188199
188204
188228
188229
188231
188233
188237
188241
188242
188243
188248
188253
188256
188265
188267
188275
188278
188285
188286
188297
188302
188313
188321
188324
188327
188328
188329
188331
188336
188338
188346
188348
188352
188359
188362
188366
188371
188372
188374
188375
188376
188377
188392
188404
188420
188423
188424
188427
188435
188436
188440
188441
188454
188460
188464
188467
188473
188474
188476
188477
188480
188490
188493
188494
188495
188498
188500
188505
188506
188510
188517
188520
188524
188525
188534
188541
188544
188546
188547
188552
188558
188593
188601
188602
188610
188611
188624
188633
188642
188652
188662
188664
188670
188680
188689
188690
188692
188702
188703
188705
188707
188721
188722
188725
188729
188730
188734
188735
188741
188745
188747
188748
188759
188766
188773
188775
188781
188785
188790
188791
188797
188802
188809
188811
188824
188834
188836
188841
188857
188858
188860
188870
188876
188885
188887
188889
188892
188895
188897
188903
188906
188907
188911
188915
188916
188926
188935
188938
188940
188941
188944
188948
188951
188964
188965
188978
188981
188982
188983
188998
189001
189014
189019
189036
189038
189052
189057
189059
189060
189063
189064
189065
189070
189082
189088
189108
189112
189118
189119
189126
189128
189130
189131
189133
189140
189141
189143
189146
189156
189159
189161
189163
189165
189166
189171
189175
189181
189184
189189
189197
189203
189213
189215
189216
189217
189218
189222
189224
189232
189235
189236
189237
189243
189251
189254
189258
189273
189281
189282
189284
189287
189288
189290
189293
189308
189312
189313
189322
189325
189327
189328
189335
189336
189337
189342
189343
189355
189356
189358
189360
189365
189373
189389
189391
189393
189396
189404
189421
189426
189434
189435
189436
189441
189445
189451
189455
189461
189463
189476
189478
189482
189485
189486
189487
189488
189490
189493
189494
189495
189498
189500
189502
189505
189512
189515
189522
189524
189526
189529
189530
189533
189543
189550
189558
189560
189568
189574
189580
189581
189586
189590
189602
189616
189617
189618
189625
189630
189646
189650
189665
189677
189678
189679
189682
189691
189695
189696
189697
189703
189707
189715
189729
189730
189731
189733
189738
189744
189747
189750
189758
189763
189775
189778
189782
189793
189796
189802
189803
189809
189814
189818
189822
189831
189834
189842
189843
189847
189848
189851
189853
189854
189855
189860
189861
189862
189871
189872
189881
189894
189909
189918
189919
189921
189925
189941
189942
189952
189956
189958
189964
189965
189969
189970
189978
189982
189985
189998
190005
190007
190019
190022
190029
190035
190038
190041
190043
190046
190050
190053
190060
190061
190062
190065
190069
190073
190081
190088
190095
190104
190110
190115
190120
190121
190125
190129
190141
190143
190155
190156
190158
190160
190163
190164
190175
190179
190191
190200
190211
190226
190247
190251
190252
190267
190272
190281
190291
190292
190300
190304
190307
190313
190315
190321
190329
190330
190335
190337
190344
190345
190348
190349
190354
190355
190357
190358
190359
190362
190363
190382
190412
190415
190417
190426
190428
190435
190441
190451
190452
190453
190468
190471
190475
190476
190479
190491
190492
190495
190500
190502
190506
190513
190515
190518
190522
190524
190529
190530
190549
190553
190557
190563
190567
190571
190574
190577
190579
190590
190597
190603
190606
190608
190611
190613
190615
190616
190634
190639
190643
190645
190646
190661
190665
190666
190670
190672
190673
190679
190680
190682
190684
190685
190686
190694
190695
190696
190700
190712
190718
190723
190730
190742
190761
190762
190765
190766
190771
190773
190775
190777
190778
190781
190783
190788
190790
190791
190792
190798
190800
190804
190805
190809
190825
190831
190844
190845
190874
190878
190884
190888
190903
190919
190926
190932
190935
190943
190956
190960
190965
190977
190978
190979
190981
190990
190992
191000
191007
191013
191016
191021
191022
191027
191038
191044
191045
191049
191050
191054
191055
191060
191072
191074
191080
191082
191083
191090
191092
191098
191114
191124
191126
191145
191154
191156
191167
191176
191181
191185
191190
191201
191203
191206
191210
191211
191219
191221
191232
191238
191246
191249
191252
191254
191256
191257
191268
191269
191270
191274
191276
191277
191279
191280
191287
191288
191294
191296
191302
191305
191309
191310
191317
191321
191326
191336
191338
191341
191348
191355
191356
191372
191374
191377
191379
191384
191389
191400
191406
191407
191408
191409
191411
191413
191416
191422
191424
191426
191427
191442
191446
191449
191452
191462
191464
191468
191471
191479
191480
191481
191483
191488
191506
191513
191516
191518
191523
191533
191543
191554
191561
191565
191566
191567
191568
191579
191582
191584
191597
191606
191607
191608
191613
191614
191621
191625
191629
191632
191633
191634
191644
191651
191668
191670
191674
191683
191688
191690
191695
191696
191697
191704
191709
191712
191716
191718
191721
191723
191728
191737
191738
191739
191744
191745
191751
191760
191765
191775
191781
191786
191787
191788
191800
191811
191817
191822
191823
191831
191832
191839
191852
191853
191857
191867
191871
191889
191897
191899
191904
191907
191909
191911
191917
191919
191929
191932
191936
191939
191941
191947
191949
191963
191967
191984
192010
192018
192019
192022
192023
192026
192031
192037
192044
192052
192053
192057
192060
192068
192072
192088
192089
192095
192110
192111
192116
192120
192122
192133
192136
192139
192143
192144
192146
192150
192151
192155
192160
192164
192169
192173
192176
192177
192181
192184
192186
192191
192192
192195
192201
192205
192209
192211
192214
192217
192222
192228
192229
192239
192240
192243
192244
192257
192272
192284
192290
192294
192295
192300
192317
192321
192341
192351
192355
192360
192366
192372
192374
192375
192377
192383
192389
192394
192395
192406
192408
192409
192417
192423
192427
192430
192432
192437
192440
192447
192452
192464
192466
192467
192469
192482
192494
192496
192502
192509
192514
192519
192521
192528
192530
192531
192542
192543
192561
192564
192567
192569
192578
192580
192583
192584
192594
192603
192606
192608
192615
192617
192620
192621
192638
192639
192644
192645
192646
192655
192661
192671
192672
192676
192679
192684
192686
192690
192691
192692
192693
192706
192707
192713
192714
192717
192721
192722
192723
192725
192741
192747
192750
192752
192758
192768
192775
192777
192788
192791
192799
192802
192845
192849
192851
192852
192856
192859
192863
192871
192874
192876
192889
192901
192904
192939
192941
192951
192952
192962
192974
192975
192982
192995
193001
193007
193017
193023
193025
193036
193037
193038
193047
193052
193055
193061
193064
193078
193079
193085
193088
193091
193097
193108
193109
193115
193116
193119
193121
193127
193138
193142
193145
193147
193148
193152
193155
193156
193163
193164
193168
193172
193182
193185
193187
193190
193193
193196
193200
193203
193205
193208
193212
193217
193226
193229
193233
193236
193244
193253
193258
193260
193261
193267
193268
193273
193276
193278
193291
193293
193297
193307
193318
193319
193320
193323
193326
193328
193331
193338
193341
193343
193347
193348
193358
193362
193363
193366
193370
193374
193378
193380
193385
193386
193393
193403
193428
193429
193441
193449
193451
193454
193462
193467
193473
193476
193489
193492
193494
193505
193506
193507
193511
193522
193527
193530
193537
193538
193541
193542
193544
193550
193551
193553
193573
193577
193582
193594
193597
193613
193628
193644
193645
193646
193648
193654
193658
193662
193664
193665
193674
193675
193679
193682
193685
193688
193692
193693
193696
193701
193704
193705
193715
193716
193732
193740
193741
193745
193753
193754
193767
193768
193785
193786
193788
193795
193797
193803
193809
193810
193811
193812
193815
193817
193818
193826
193827
193836
193851
193853
193858
193859
193866
193871
193873
193874
193878
193879
193889
193894
193896
193905
193910
193912
193915
193918
193920
193923
193924
193928
193932
193935
193939
193941
193943
193944
193947
193955
193965
193966
193967
193994
193995
194003
194010
194013
194016
194021
194028
194039
194042
194044
194045
194053
194058
194065
194068
194081
194082
194083
194084
194085
194090
194091
194103
194105
194106
194111
194119
194124
194127
194130
194131
194140
194143
194148
194150
194165
194166
194167
194176
194180
194182
194197
194204
194209
194211
194215
194216
194225
194227
194228
194232
194248
194253
194263
194265
194269
194278
194292
194301
194312
194314
194319
194321
194325
194330
194334
194337
194346
194350
194354
194356
194359
194369
194370
194372
194391
194392
194394
194398
194403
194405
194406
194407
194408
194409
194410
194412
194414
194415
194416
194418
194422
194425
194433
194437
194438
194440
194444
194450
194452
194453
194454
194462
194465
194467
194469
194470
194472
194476
194477
194484
194490
194505
194506
194509
194513
194522
194530
194536
194544
194548
194558
194572
194592
194593
194599
194603
194604
194609
194612
194613
194616
194627
194638
194645
194650
194659
194663
194665
194675
194682
194697
194704
194715
194717
194719
194729
194734
194748
194759
194761
194763
194767
194769
194774
194778
194780
194782
194783
194789
194792
194796
194797
194798
194804
194811
194812
194815
194817
194822
194824
194825
194826
194831
194832
194833
194835
194838
194848
194849
194850
194862
194873
194874
194875
194883
194884
194885
194892
194897
194901
194907
194910
194912
194930
194931
194938
194940
194943
194944
194948
194961
194962
194970
194974
194975
194992
194993
194995
194997
194998
194999
195002
195011
195018
195022
195025
195034
195035
195037
195038
195041
195042
195052
195053
195059
195060
195087
195090
195095
195099
195102
195111
195115
195118
195120
195122
195126
195130
195132
195137
195148
195152
195160
195165
195170
195179
195181
195199
195200
195205
195207
195210
195221
195222
195232
195233
195240
195250
195251
195254
195255
195267
195270
195278
195281
195285
195287
195297
195299
195300
195304
195305
195307
195308
195314
195316
195318
195323
195325
195326
195341
195343
195347
195350
195353
195354
195359
195362
195363
195368
195379
195380
195381
195384
195389
195391
195395
195398
195400
195428
195429
195432
195440
195445
195447
195451
195453
195454
195457
195468
195470
195472
195479
195482
195489
195497
195499
195504
195512
195514
195516
195521
195538
195540
195551
195552
195553
195562
195565
195568
195570
195572
195574
195575
195588
195589
195593
195599
195608
195625
195627
195631
195635
195641
195644
195647
195653
195654
195657
195665
195672
195673
195677
195679
195681
195687
195690
195691
195697
195707
195708
195718
195719
195721
195722
195728
195729
195730
195738
195739
195742
195743
195745
195746
195747
195749
195753
195756
195760
195764
195771
195783
195784
195785
195787
195791
195798
195799
195802
195808
195809
195825
195827
195829
195834
195838
195842
195847
195849
195859
195864
195873
195874
195880
195883
195885
195886
195892
195894
195897
195898
195903
195908
195914
195917
195918
195925
195933
195941
195942
195945
195947
195949
195954
195967
195978
195998
196003
196013
196015
196017
196019
196024
196026
196031
196036
196038
196040
196041
196044
196053
196057
196062
196083
196088
196093
196094
196099
196102
196106
196107
196111
196116
196120
196130
196132
196138
196143
196151
196154
196160
196163
196164
196170
196174
196187
196202
196204
196205
196207
196208
196212
196215
196216
196225
196233
196252
196270
196272
196277
196283
196285
196287
196289
196290
196297
196303
196312
196323
196330
196333
196337
196359
196360
196366
196367
196376
196384
196391
196397
196401
196406
196407
196415
196419
196421
196424
196425
196426
196434
196436
196442
196445
196449
196459
196476
196478
196481
196486
196494
196511
196526
196527
196528
196529
196534
196535
196544
196545
196547
196551
196553
196554
196560
196563
196569
196572
196578
196582
196585
196589
196590
196598
196606
196608
196609
196610
196616
196626
196629
196646
196651
196653
196657
196662
196668
196670
196675
196676
196682
196683
196686
196687
196689
196702
196703
196704
196719
196720
196732
196734
196737
196738
196765
196766
196783
196786
196787
196788
196792
196793
196801
196804
196810
196811
196814
196816
196820
196825
196827
196831
196835
196838
196840
196842
196844
196848
196851
196858
196860
196861
196865
196872
196876
196877
196884
196889
196891
196893
196902
196908
196913
196914
196920
196945
196948
196960
196962
196963
196973
196992
196996
196999
197000
197008
197009
197010
197011
197015
197018
197019
197020
197022
197031
197033
197036
197038
197041
197048
197055
197058
197060
197065
197072
197080
197083
197088
197095
197096
197104
197107
197109
197110
197118
197122
197127
197131
197132
197135
197136
197140
197152
197154
197155
197156
197167
197169
197176
197178
197203
197204
197209
197216
197217
197227
197229
197238
197239
197244
197248
197256
197258
197261
197262
197263
197270
197279
197280
197281
197286
197287
197289
197295
197303
197307
197308
197314
197321
197331
197336
197339
197341
197347
197352
197354
197375
197377
197379
197380
197385
197388
197393
197395
197398
197399
197413
197419
197423
197426
197434
197446
197448
197450
197451
197458
197476
197479
197485
197491
197493
197499
197501
197512
197519
197520
197523
197525
197536
197552
197554
197560
197566
197576
197579
197587
197608
197609
197611
197619
197620
197628
197630
197636
197638
197641
197649
197653
197663
197679
197680
197683
197689
197693
197694
197696
197715
197722
197725
197727
197728
197729
197730
197734
197735
197738
197745
197746
197758
197766
197767
197768
197775
197784
197788
197799
197804
197806
197807
197810
197823
197824
197829
197832
197836
197846
197848
197849
197855
197856
197860
197863
197866
197871
197872
197875
197878
197881
197886
197889
197895
197898
197910
197916
197918
197924
197925
197932
197943
197950
197953
197957
197959
197961
197967
197970
197973
197980
197985
197988
197990
197991
197992
198003
198007
198009
198012
198013
198017
198025
198031
198039
198043
198057
198065
198066
198070
198071
198074
198075
198079
198087
198088
198090
198094
198095
198098
198100
198102
198108
198111
198112
198128
198143
198147
198153
198154
198155
198158
198175
198177
198186
198196
198204
198205
198207
198211
198215
198218
198225
198230
198231
198241
198256
198266
198268
198270
198276
198278
198279
198288
198289
198296
198299
198301
198306
198311
198313
198317
198320
198327
198328
198331
198336
198338
198340
198342
198345
198351
198353
198354
198363
198364
198374
198377
198383
198390
198392
198393
198394
198405
198408
198410
198411
198418
198423
198425
198431
198432
198435
198437
198442
198450
198462
198464
198475
198477
198478
198482
198487
198496
198509
198517
198519
198527
198528
198532
198538
198549
198550
198551
198552
198556
198558
198563
198565
198569
198577
198578
198589
198599
198610
198624
198625
198626
198637
198638
198643
198652
198656
198658
198668
198669
198674
198677
198684
198687
198701
198707
198708
198709
198710
198712
198714
198715
198717
198720
198728
198733
198735
198736
198738
198744
198747
198748
198758
198759
198767
198768
198774
198775
198791
198800
198803
198810
198812
198816
198832
198834
198835
198840
198842
198843
198845
198860
198862
198863
198869
198870
198872
198873
198877
198882
198883
198887
198889
198890
198893
198920
198927
198933
198935
198938
198939
198942
198947
198957
198982
198988
198994
199000
199001
199010
199017
199027
199032
199033
199040
199045
199047
199049
199062
199064
199065
199069
199070
199071
199081
199083
199086
199087
199090
199091
199105
199109
199117
199123
199125
199129
199138
199140
199144
199146
199158
199170
199174
199182
199184
199188
199190
199191
199192
199195
199197
199200
199203
199208
199213
199214
199220
199221
199223
199227
199238
199240
199245
199249
199253
199260
199262
199274
199285
199286
199287
199294
199299
199302
199303
199306
199312
199314
199315
199317
199342
199346
199347
199350
199353
199364
199366
199369
199375
199376
199380
199381
199383
199384
199387
199391
199408
199413
199423
199433
199436
199439
199451
199456
199458
199470
199474
199490
199494
199495
199501
199510
199516
199521
199524
199528
199529
199531
199534
199539
199551
199554
199556
199563
199575
199578
199588
199595
199597
199601
199608
199613
199619
199624
199625
199628
199629
199631
199638
199640
199642
199643
199647
199655
199670
199701
199702
199705
199707
199712
199720
199726
199732
199742
199746
199749
199752
199758
199766
199771
199778
199780
199784
199786
199792
199806
199815
199817
199818
199821
199824
199826
199830
199831
199836
199838
199842
199852
199853
199861
199872
199875
199882
199889
199896
199899
199901
199908
199918
199920
199922
199926
199927
199929
199934
199935
199941
199944
199945
199952
199974
199975
199978
199994
199996
200006
200010
200011
200012
200013
200014
200019
200025
200029
200032
200038
200041
200042
200045
200046
200048
200050
200051
200056
200059
200062
200070
200073
200074
200080
200082
200086
200088
200099
200113
200116
200121
200129
200133
200138
200144
200149
200153
200162
200166
200169
200171
200172
200184
200185
200190
200194
200197
200202
200203
200208
200214
200216
200218
200219
200222
200223
200226
200231
200243
200245
200246
200247
200255
200261
200262
200272
200273
200279
200281
200282
200283
200287
200291
200308
200318
200322
200337
200345
200347
200359
200361
200369
200375
200384
200390
200395
200398
200408
200413
200416
200418
200419
200420
200421
200428
200429
200437
200438
200445
200447
200450
200453
200455
200462
200463
200469
200491
200492
200493
200496
200500
200507
200510
200513
200517
200527
200530
200534
200536
200542
200547
200563
200565
200570
200572
200574
200583
200586
200623
200640
200646
200650
200653
200660
200665
200666
200674
200676
200681
200689
200693
200696
200706
200707
200715
200717
200734
200737
200740
200742
200746
200753
200754
200756
200765
200779
200781
200782
200783
200787
200802
200806
200809
200812
200816
200833
200836
200841
200843
200845
200847
200848
200857
200858
200866
200868
200874
200888
200890
200906
200907
200916
200928
200929
200930
200933
200940
200950
200953
200960
200964
200965
200976
200978
200979
200988
200990
200994
200998
201003
201005
201011
201016
201020
201021
201026
201029
201037
201040
201041
201045
201063
201064
201068
201070
201073
201076
201079
201080
201088
201093
201096
201097
201099
201106
201109
201113
201115
201117
201118
201128
201147
201154
201156
201158
201159
201160
201162
201170
201172
201173
201176
201187
201192
201196
201197
201201
201204
201210
201221
201227
201229
201231
201233
201234
201245
201246
201253
201258
201259
201261
201264
201281
201289
201294
201296
201303
201305
201307
201318
201321
201326
201328
201335
201344
201348
201360
201369
201372
201373
201381
201388
201390
201398
201402
201408
201412
201414
201417
201420
201425
201427
201428
201436
201440
201442
201444
201449
201451
201452
201454
201457
201458
201460
201461
201462
201465
201466
201475
201478
201482
201483
201485
201486
201491
201494
201511
201514
201524
201530
201532
201534
201538
201539
201549
201552
201559
201561
201564
201570
201584
201587
201592
201603
201606
201613
201616
201623
201624
201629
201633
201634
201635
201638
201642
201648
201652
201653
201655
201665
201667
201671
201675
201684
201690
201695
201699
201705
201718
201728
201734
201737
201739
201743
201746
201751
201754
201756
201757
201761
201765
201766
201770
201772
201784
201788
201789
201793
201796
201797
201799
201801
201813
201814
201816
201818
201823
201825
201826
201829
201830
201836
201838
201845
201846
201848
201858
201866
201867
201869
201871
201875
201880
201888
201890
201891
201892
201905
201906
201912
201922
201924
201930
201934
201936
201938
201948
201950
201956
201957
201958
201960
201961
201967
201970
201971
201982
201983
201988
201991
202001
202018
202020
202026
202028
202035
202038
202044
202046
202049
202058
202059
202067
202073
202078
202084
202098
202100
202102
202112
202113
202115
202121
202123
202125
202128
202130
202137
202141
202143
202164
202174
202178
202180
202181
202182
202185
202191
202217
202232
202238
202240
202241
202246
202249
202251
202252
202255
202269
202271
202272
202279
202280
202288
202289
202291
202293
202296
202297
202309
202310
202311
202325
202327
202329
202331
202334
202340
202342
202346
202352
202367
202380
202386
202401
202403
202416
202434
202438
202443
202450
202457
202463
202472
202475
202480
202483
202486
202487
202488
202491
202492
202497
202505
202506
202507
202514
202518
202526
202549
202558
202562
202567
202573
202575
202578
202583
202589
202591
202592
202594
202606
202613
202618
202619
202623
202633
202639
202645
202649
202653
202658
202660
202663
202687
202694
202696
202698
202707
202710
202713
202719
202721
202722
202737
202740
202741
202752
202755
202756
202775
202778
202779
202786
202787
202788
202793
202797
202800
202802
202807
202811
202815
202819
202820
202824
202827
202834
202842
202845
202847
202853
202854
202855
202858
202861
202870
202876
202882
202883
202886
202893
202903
202905
202915
202925
202930
202935
202936
202937
202952
202953
202965
202971
202974
202976
202977
202978
202985
202988
202992
202996
202997
202998
203003
203012
203013
203016
203021
203023
203028
203032
203037
203038
203040
203049
203052
203068
203086
203099
203100
203105
203106
203113
203119
203121
203131
203142
203143
203144
203146
203151
203167
203172
203175
203186
203189
203192
203200
203204
203213
203220
203222
203224
203252
203253
203262
203270
203272
203273
203284
203287
203288
203296
203309
203338
203339
203343
203344
203345
203369
203373
203375
203376
203380
203396
203398
203399
203400
203420
203429
203438
203442
203444
203451
203458
203461
203463
203465
203469
203471
203473
203479
203484
203493
203495
203503
203505
203509
203510
203513
203515
203520
203544
203550
203565
203569
203572
203576
203578
203580
203588
203590
203592
203596
203598
203600
203601
203604
203607
203612
203620
203636
203637
203639
203641
203642
203646
203648
203649
203650
203654
203658
203660
203661
203662
203676
203696
203702
203705
203709
203710
203713
203720
203722
203728
203730
203738
203739
203741
203743
203744
203748
203750
203751
203753
203764
203767
203770
203778
203791
203798
203800
203801
203802
203806
203807
203811
203816
203830
203831
203836
203839
203841
203844
203847
203848
203852
203853
203862
203864
203865
203876
203881
203882
203883
203884
203885
203888
203893
203894
203898
203900
203904
203905
203921
203923
203925
203927
203931
203934
203936
203947
203951
203961
203969
203975
203977
203985
203990
203993
203997
204001
204003
204004
204017
204030
204055
204056
204058
204061
204066
204067
204071
204086
204090
204100
204108
204109
204112
204115
204119
204121
204128
204134
204139
204149
204160
204187
204194
204196
204197
204214
204219
204224
204233
204235
204246
204248
204253
204266
204271
204279
204280
204283
204286
204291
204293
204297
204302
204304
204310
204319
204327
204332
204336
204339
204340
204344
204360
204362
204365
204366
204367
204370
204372
204373
204377
204380
204381
204387
204391
204396
204400
204401
204410
204414
204417
204419
204424
204425
204436
204438
204458
204461
204467
204476
204485
204486
204487
204491
204493
204494
204495
204500
204501
204505
204507
204512
204513
204519
204520
204524
204530
204545
204564
204567
204571
204576
204592
204596
204597
204604
204605
204608
204610
204611
204618
204619
204620
204622
204631
204632
204644
204651
204656
204659
204662
204666
204675
204682
204684
204687
204695
204700
204716
204722
204726
204728
204734
204748
204760
204761
204765
204766
204772
204776
204781
204784
204789
204792
204796
204804
204807
204813
204814
204820
204824
204834
204835
204840
204841
204845
204847
204849
204858
204870
204874
204875
204880
204887
204889
204890
204893
204903
204909
204910
204912
204917
204919
204925
204939
204943
204946
204967
204975
204976
204989
204996
205003
205005
205008
205010
205012
205013
205018
205019
205039
205044
205046
205047
205063
205066
205069
205076
205078
205080
205082
205085
205090
205110
205116
205122
205123
205125
205126
205130
205133
205136
205148
205150
205153
205155
205168
205182
205188
205192
205196
205198
205203
205204
205209
205210
205216
205218
205221
205230
205232
205237
205252
205255
205257
205258
205271
205275
205280
205282
205283
205300
205308
205312
205315
205316
205320
205329
205335
205336
205339
205341
205345
205348
205355
205356
205360
205361
205365
205366
205370
205379
205380
205381
205384
205388
205390
205396
205400
205402
205407
205409
205412
205414
205427
205431
205432
205444
205445
205447
205454
205456
205466
205467
205476
205481
205483
205487
205488
205489
205491
205509
205514
205516
205519
205524
205526
205534
205538
205551
205565
205571
205573
205584
205593
205594
205597
205601
205619
205622
205623
205626
205630
205634
205641
205666
205677
205679
205684
205685
205687
205690
205695
205705
205708
205709
205718
205723
205735
205738
205755
205761
205771
205784
205805
205806
205808
205809
205813
205815
205816
205819
205820
205823
205829
205831
205835
205837
205842
205848
205850
205853
205854
205856
205858
205861
205862
205865
205868
205878
205890
205894
205897
205902
205904
205910
205912
205916
205917
205920
205934
205940
205943
205944
205947
205948
205951
205958
205961
205967
205971
205972
205973
205974
205975
205977
205979
205984
205991
205994
205996
206001
206010
206013
206022
206025
206041
206045
206051
206064
206065
206073
206075
206080
206082
206085
206111
206113
206117
206118
206124
206127
206133
206137
206138
206143
206145
206147
206164
206173
206174
206175
206190
206191
206193
206196
206206
206214
206223
206228
206239
206242
206247
206250
206254
206256
206266
206274
206278
206281
206284
206297
206299
206304
206320
206325
206326
206328
206330
206333
206336
206337
206338
206352
206354
206356
206359
206363
206370
206375
206379
206385
206389
206398
206401
206403
206407
206411
206412
206413
206420
206426
206429
206430
206433
206452
206454
206464
206467
206469
206473
206481
206489
206491
206492
206503
206504
206507
206516
206518
206519
206535
206543
206560
206568
206569
206570
206574
206581
206583
206588
206589
206590
206596
206597
206599
206600
206618
206622
206635
206640
206641
206649
206653
206659
206663
206669
206684
206690
206694
206703
206710
206712
206713
206714
206717
206720
206722
206723
206725
206728
206732
206737
206758
206759
206765
206767
206771
206772
206777
206788
206790
206798
206800
206804
206807
206810
206815
206820
206822
206833
206837
206841
206846
206861
206865
206868
206872
206873
206878
206879
206880
206882
206885
206886
206888
206890
206891
206893
206896
206915
206921
206933
206944
206950
206955
206968
206970
206971
206974
206976
206981
206983
206986
206989
206993
207004
207016
207018
207019
207021
207024
207025
207029
207035
207037
207040
207041
207048
207049
207051
207057
207061
207062
207076
207084
207118
207119
207125
207128
207130
207137
207145
207146
207156
207157
207160
207161
207171
207176
207193
207196
207207
207210
207212
207219
207221
207224
207227
207228
207233
207235
207236
207242
207244
207247
207251
207253
207258
207262
207268
207271
207277
207279
207281
207305
207315
207320
207322
207329
207333
207335
207339
207341
207364
207366
207367
207369
207373
207380
207395
207398
207401
207406
207408
207417
207419
207421
207422
207430
207434
207437
207439
207440
207444
207453
207463
207472
207484
207492
207494
207498
207501
207503
207510
207512
207513
207514
207519
207521
207524
207532
207545
207547
207548
207549
207550
207553
207559
207565
207566
207570
207577
207580
207582
207585
207592
207604
207605
207608
207615
207621
207626
207634
207635
207637
207643
207652
207653
207672
207681
207685
207687
207688
207691
207693
207701
207702
207722
207728
207737
207739
207747
207758
207761
207762
207764
207784
207785
207792
207793
207795
207796
207797
207815
207828
207831
207832
207837
207838
207846
207847
207849
207859
207869
207876
207877
207882
207886
207889
207890
207895
207919
207924
207928
207929
207936
207938
207947
207951
207954
207958
207962
207973
207976
207980
207986
207993
208000
208002
208006
208010
208011
208019
208022
208031
208032
208035
208037
208048
208054
208059
208064
208073
208078
208079
208084
208085
208104
208106
208112
208113
208118
208120
208125
208126
208130
208132
208136
208141
208142
208152
208156
208162
208170
208171
208174
208178
208181
208183
208189
208195
208199
208200
208220
208227
208229
208230
208233
208242
208246
208249
208253
208254
208260
208269
208277
208284
208291
208302
208303
208308
208311
208313
208317
208318
208321
208332
208340
208343
208344
208347
208355
208360
208361
208363
208364
208367
208369
208371
208380
208381
208384
208385
208391
208392
208394
208397
208400
208424
208425
208438
208439
208444
208445
208456
208458
208464
208480
208481
208482
208485
208486
208487
208489
208491
208494
208499
208500
208502
208528
208532
208549
208555
208558
208559
208561
208563
208567
208568
208572
208574
208576
208591
208597
208599
208600
208601
208610
208616
208617
208619
208626
208629
208631
208633
208636
208640
208641
208648
208651
208654
208657
208661
208663
208666
208667
208671
208672
208674
208679
208681
208682
208696
208703
208720
208723
208724
208728
208738
208739
208742
208747
208748
208756
208759
208760
208762
208767
208774
208799
208802
208803
208804
208807
208812
208815
208817
208823
208825
208826
208828
208829
208830
208838
208841
208847
208848
208849
208850
208855
208861
208866
208869
208871
208879
208881
208883
208887
208895
208909
208910
208913
208917
208923
208927
208932
208937
208939
208946
208951
208960
208963
208967
208968
208969
208970
208980
208995
209001
209004
209011
209012
209025
209028
209029
209031
209039
209045
209046
209068
209070
209078
209082
209087
209094
209095
209105
209113
209120
209124
209125
209130
209135
209139
209146
209152
209159
209161
209168
209173
209179
209184
209185
209194
209195
209197
209199
209200
209206
209210
209213
209227
209228
209232
209240
209242
209243
209250
209252
209257
209277
209282
209285
209293
209295
209303
209309
209312
209317
209325
209333
209336
209338
209341
209344
209352
209353
209355
209357
209374
209375
209378
209379
209381
209392
209395
209407
209411
209415
209416
209438
209439
209440
209441
209442
209455
209470
209476
209480
209486
209490
209495
209506
209510
209516
209517
209521
209526
209534
209540
209544
209546
209561
209564
209579
209580
209581
209582
209583
209590
209591
209594
209606
209616
209623
209625
209634
209642
209645
209647
209648
209653
209655
209656
209657
209658
209661
209665
209671
209683
209685
209693
209695
209698
209701
209706
209708
209710
209718
209719
209722
209723
209724
209730
209740
209743
209746
209752
209759
209764
209769
209772
209773
209782
209789
209790
209796
209797
209806
209807
209809
209810
209811
209812
209824
209830
209833
209841
209843
209844
209845
209848
209849
209851
209867
209869
209873
209874
209889
209893
209894
209898
209900
209903
209904
209916
209927
209932
209934
209938
209940
209941
209942
209946
209947
209948
209949
209952
209955
209956
209958
209963
209964
209976
209980
209991
210008
210010
210021
210026
210029
210056
210070
210072
210084
210093
210095
210099
210100
210109
210113
210120
210125
210129
210135
210138
210139
210154
210156
210160
210171
210176
210177
210183
210185
210189
210193
210195
210198
210199
210200
210208
210220
210222
210224
210225
210228
210257
210260
210266
210303
210316
210318
210320
210333
210336
210352
210358
210359
210373
210375
210381
210387
210389
210404
210406
210413
210418
210421
210425
210438
210440
210441
210450
210456
210463
210471
210480
210500
210515
210521
210532
210539
210540
210551
210552
210561
210563
210569
210570
210579
210581
210594
210601
210620
210626
210629
210641
210642
210646
210650
210664
210672
210674
210676
210686
210690
210706
210710
210745
210759
210760
210763
210771
210779
210781
210783
210791
210794
210799
210800
210802
210807
210817
210818
210820
210827
210839
210841
210849
210859
210869
210874
210880
210887
210900
210913
210915
210916
210917
210918
210931
210941
210947
210948
210959
210967
210968
210969
210976
210985
210988
210990
210994
211009
211012
211017
211021
211023
211024
211030
211036
211044
211045
211054
211074
211076
211077
211080
211086
211089
211094
211096
211110
211115
211118
211122
211124
211131
211149
211150
211153
211161
211166
211170
211178
211185
211191
211192
211196
211197
211201
211202
211204
211205
211216
211225
211250
211252
211264
211267
211268
211276
211285
211290
211291
211300
211307
211315
211317
211325
211328
211330
211331
211332
211334
211336
211338
211342
211346
211358
211361
211364
211367
211368
211372
211374
211380
211384
211385
211390
211391
211402
211410
211416
211417
211419
211420
211422
211423
211427
211430
211434
211437
211440
211449
211452
211460
211463
211470
211488
211490
211492
211506
211514
211520
211523
211525
211531
211533
211537
211538
211542
211544
211545
211551
211555
211562
211564
211569
211572
211580
211588
211590
211594
211596
211601
211602
211604
211612
211633
211638
211649
211659
211671
211673
211680
211686
211688
211692
211693
211704
211713
211717
211721
211726
211727
211731
211732
211733
211734
211742
211752
211755
211758
211760
211762
211765
211767
211769
211776
211779
211780
211783
211784
211785
211786
211790
211797
211798
211801
211804
211821
211824
211829
211833
211836
211849
211851
211863
211870
211875
211881
211883
211886
211889
211895
211897
211898
211901
211911
211912
211913
211920
211921
211922
211925
211926
211938
211954
211956
211964
211977
211981
211982
211983
211985
211997
211999
212015
212017
212021
212029
212034
212042
212044
212045
212046
212051
212058
212063
212067
212071
212077
212078
212081
212083
212085
212089
212105
212108
212115
212116
212118
212123
212124
212137
212138
212145
212146
212147
212148
212164
212170
212176
212195
212203
212219
212226
212243
212249
212253
212260
212276
212279
212288
212289
212291
212296
212314
212320
212323
212324
212328
212330
212332
212333
212335
212337
212354
212363
212382
212393
212394
212409
212412
212429
212432
212434
212437
212454
212456
212458
212460
212462
212463
212478
212479
212485
212491
212500
212508
212518
212526
212531
212540
212541
212553
212580
212587
212590
212604
212609
212618
212624
212636
212639
212649
212656
212662
212678
212680
212687
212695
212707
212709
212719
212727
212728
212729
212731
212735
212742
212749
212756
212758
212762
212773
212775
212777
212778
212781
212783
212784
212787
212790
212802
212812
212814
212816
212821
212824
212825
212840
212843
212846
212850
212855
212856
212858
212871
212885
212886
212889
212891
212894
212903
212906
212916
212923
212927
212945
212950
212969
212971
212972
212985
212996
213007
213015
213025
213026
213040
213041
213050
213054
213058
213060
213064
213065
213069
213072
213074
213076
213078
213082
213088
213090
213097
213102
213106
213110
213121
213127
213141
213148
213149
213152
213158
213161
213162
213163
213169
213182
213192
213195
213200
213205
213212
213222
213223
213224
213225
213228
213237
213242
213244
213248
213253
213257
213269
213272
213274
213276
213283
213284
213289
213293
213297
213302
213311
213317
213321
213322
213324
213327
213334
213335
213338
213343
213344
213345
213351
213358
213360
213367
213369
213370
213371
213397
213398
213399
213409
213412
213425
213426
213429
213433
213434
213437
213453
213458
213461
213465
213467
213474
213482
213493
213495
213498
213501
213503
213517
213518
213519
213520
213531
213533
213551
213552
213555
213557
213570
213576
213582
213584
213586
213588
213593
213594
213602
213603
213604
213608
213611
213613
213615
213619
213635
213637
213638
213641
213647
213653
213662
213667
213672
213673
213680
213686
213692
213694
213695
213697
213698
213708
213725
213732
213733
213739
213741
213750
213757
213758
213759
213763
213777
213782
213784
213785
213786
213795
213804
213815
213819
213820
213830
213836
213851
213853
213858
213866
213883
213895
213897
213900
213901
213910
213913
213920
213921
213922
213923
213924
213929
213940
213951
213957
213963
213968
213973
213975
213976
213979
213984
213985
213994
213996
213999
214011
214013
214015
214017
214018
214025
214029
214033
214034
214035
214045
214047
214049
214052
214053
214057
214058
214059
214060
214061
214075
214079
214080
214081
214082
214083
214085
214097
214101
214106
214109
214110
214117
214118
214120
214122
214133
214144
214148
214152
214156
214158
214162
214168
214177
214180
214184
214190
214191
214200
214201
214206
214210
214211
214214
214217
214218
214220
214222
214228
214230
214231
214244
214255
214256
214264
214266
214269
214270
214272
214273
214278
214285
214289
214300
214306
214314
214318
214321
214322
214323
214333
214342
214356
214357
214358
214361
214366
214386
214388
214395
214396
214397
214401
214402
214407
214410
214418
214420
214432
214435
214441
214445
214454
214456
214461
214465
214467
214476
214479
214481
214482
214484
214494
214496
214498
214514
214518
214528
214532
214535
214536
214538
214550
214556
214568
214576
214578
214580
214583
214596
214597
214601
214602
214609
214612
214613
214615
214618
214622
214633
214638
214643
214659
214664
214667
214680
214682
214683
214686
214688
214694
214700
214703
214705
214706
214710
214711
214716
214719
214735
214739
214755
214766
214767
214774
214776
214791
214793
214796
214801
214808
214816
214823
214827
214840
214841
214843
214845
214854
214855
214858
214861
214863
214869
214876
214879
214887
214892
214894
214895
214905
214909
214912
214918
214927
214930
214933
214934
214935
214936
214941
214942
214943
214945
214950
214957
214959
214963
214968
214971
214972
214974
214979
214983
214992
214994
215000
215003
215011
215012
215015
215026
215043
215063
215067
215069
215076
215080
215082
215084
215085
215088
215095
215097
215123
215126
215127
215136
215141
215144
215156
215157
215161
215163
215165
215170
215171
215172
215174
215177
215178
215181
215187
215188
215189
215200
215209
215214
215221
215223
215225
215238
215248
215256
215260
215265
215277
215278
215281
215282
215284
215294
215300
215306
215308
215313
215314
215315
215322
215335
215338
215349
215350
215353
215359
215372
215373
215374
215376
215379
215380
215382
215386
215387
215400
215403
215404
215406
215408
215409
215410
215413
215414
215417
215424
215428
215435
215442
215455
215456
215466
215471
215474
215475
215480
215481
215486
215493
215498
215499
215501
215502
215509
215513
215528
215533
215534
215535
215546
215553
215554
215557
215564
215580
215583
215599
215602
215603
215607
215613
215621
215635
215640
215647
215653
215654
215657
215660
215665
215667
215668
215675
215697
215705
215706
215708
215717
215728
215733
215742
215744
215746
215747
215749
215752
215757
215761
215763
215767
215773
215781
215782
215783
215792
215797
215801
215812
215813
215818
215820
215821
215839
215848
215866
215867
215869
215876
215879
215888
215893
215902
215909
215910
215914
215920
215921
215924
215928
215930
215936
215938
215941
215951
215956
215958
215963
215966
215967
215974
215977
215979
215988
215991
215992
215993
216009
216015
216020
216021
216025
216033
216051
216052
216070
216078
216081
216087
216094
216099
216102
216105
216114
216116
216120
216121
216130
216131
216146
216154
216156
216158
216168
216172
216174
216176
216179
216181
216184
216187
216192
216193
216201
216214
216230
216239
216240
216243
216247
216252
216258
216260
216266
216274
216281
216286
216292
216293
216298
216301
216310
216314
216322
216323
216324
216328
216331
216340
216346
216348
216349
216351
216357
216362
216364
216379
216391
216397
216404
216415
216416
216418
216419
216423
216425
216433
216440
216444
216452
216462
216467
216469
216474
216484
216489
216494
216500
216501
216505
216512
216517
216520
216522
216531
216545
216550
216560
216570
216574
216597
216600
216607
216617
216618
216619
216620
216625
216631
216640
216648
216649
216658
216667
216677
216681
216688
216691
216695
216698
216704
216705
216712
216713
216717
216718
216724
216726
216731
216740
216750
216762
216763
216765
216771
216774
216785
216788
216791
216797
216803
216805
216808
216811
216814
216819
216821
216825
216827
216829
216831
216833
216836
216838
216840
216841
216848
216849
216855
216857
216858
216860
216862
216871
216872
216873
216876
216877
216878
216880
216881
216885
216887
216891
216896
216900
216901
216911
216931
216937
216940
216952
216955
216957
216959
216966
216969
216971
216973
216974
216981
216984
216988
216993
217000
217001
217005
217008
217014
217016
217017
217021
217028
217031
217032
217035
217051
217053
217054
217055
217059
217060
217063
217065
217067
217077
217084
217087
217091
217093
217096
217112
217114
217115
217132
217135
217136
217137
217153
217162
217169
217171
217172
217174
217175
217176
217199
217200
217204
217205
217207
217209
217216
217220
217226
217227
217229
217250
217261
217265
217266
217269
217278
217279
217283
217286
217287
217289
217296
217301
217302
217305
217309
217312
217323
217326
217329
217331
217344
217349
217355
217365
217371
217374
217375
217377
217389
217392
217393
217395
217404
217417
217421
217428
217436
217446
217458
217460
217463
217464
217466
217469
217490
217500
217502
217505
217509
217510
217528
217531
217532
217534
217536
217537
217539
217547
217550
217554
217561
217567
217568
217571
217574
217577
217580
217583
217587
217588
217594
217601
217603
217605
217610
217618
217634
217639
217648
217649
217652
217656
217660
217669
217671
217675
217676
217680
217684
217686
217687
217689
217690
217693
217694
217697
217708
217711
217714
217716
217725
217726
217738
217739
217742
217744
217749
217758
217763
217767
217780
217781
217782
217784
217793
217794
217800
217807
217808
217815
217816
217821
217824
217833
217834
217840
217851
217853
217858
217859
217866
217874
217876
217880
217883
217889
217893
217897
217902
217909
217916
217920
217921
217926
217927
217929
217930
217931
217942
217947
217950
217954
217956
217963
217970
217976
217979
217980
217981
217982
217989
217999
218003
218004
218017
218019
218022
218031
218032
218037
218049
218052
218060
218062
218065
218069
218078
218079
218080
218082
218083
218088
218089
218093
218094
218095
218101
218109
218111
218118
218124
218132
218141
218157
218165
218170
218171
218178
218189
218196
218204
218209
218212
218216
218218
218221
218223
218228
218235
218241
218247
218257
218258
218259
218262
218281
218284
218296
218305
218307
218315
218318
218320
218321
218329
218330
218347
218348
218351
218358
218361
218370
218383
218388
218391
218406
218410
218412
218415
218420
218427
218439
218443
218448
218451
218453
218454
218457
218460
218462
218463
218466
218476
218482
218485
218487
218488
218494
218508
218510
218514
218517
218520
218521
218530
218534
218535
218538
218543
218545
218546
218554
218556
218559
218581
218587
218589
218599
218600
218603
218605
218610
218614
218616
218620
218622
218624
218629
218632
218633
218640
218642
218645
218652
218653
218665
218666
218673
218676
218677
218678
218680
218682
218683
218685
218689
218692
218693
218702
218703
218704
218709
218710
218718
218721
218724
218725
218729
218735
218737
218738
218749
218751
218754
218758
218759
218763
218764
218766
218767
218773
218774
218778
218785
218789
218798
218800
218801
218803
218804
218806
218807
218808
218816
218819
218825
218827
218864
218865
218868
218885
218893
218898
218901
218903
218909
218912
218922
218928
218929
218930
218932
218938
218946
218955
218956
218964
218969
218972
218985
218990
218991
218995
219000
219004
219008
219009
219015
219028
219029
219046
219049
219051
219060
219075
219088
219096
219100
219102
219105
219117
219124
219129
219130
219137
219147
219155
219171
219176
219177
219195
219199
219202
219205
219206
219207
219210
219215
219218
219219
219222
219225
219229
219232
219247
219248
219249
219253
219260
219264
219269
219270
219271
219277
219288
219289
219292
219297
219323
219332
219335
219343
219353
219354
219359
219362
219367
219369
219370
219372
219377
219378
219379
219386
219403
219404
219407
219413
219416
219424
219426
219428
219430
219437
219446
219451
219454
219466
219467
219471
219498
219499
219501
219508
219515
219518
219519
219531
219535
219536
219539
219552
219556
219560
219564
219571
219572
219576
219588
219597
219602
219603
219607
219610
219612
219614
219623
219631
219633
219640
219641
219650
219654
219655
219659
219662
219667
219671
219680
219681
219686
219687
219691
219698
219708
219710
219712
219713
219730
219731
219734
219744
219756
219757
219759
219761
219766
219773
219774
219776
219780
219782
219789
219794
219809
219813
219824
219829
219830
219834
219836
219847
219849
219851
219852
219854
219858
219862
219863
219869
219873
219877
219878
219885
219887
219889
219894
219895
219896
219899
219905
219906
219907
219911
219912
219917
219919
219928
219935
219938
219943
219947
219968
219982
219985
219987
219991
219992
219999
220000
220002
220009
220011
220012
220014
220019
220021
220024
220026
220028
220045
220046
220057
220068
220077
220095
220097
220102
220105
220107
220108
220109
220115
220123
220127
220128
220135
220140
220150
220151
220154
220155
220161
220163
220165
220168
220174
220198
220199
220200
220207
220211
220217
220228
220231
220232
220234
220235
220241
220243
220249
220250
220251
220258
220260
220264
220285
220292
220293
220295
220298
220300
220305
220313
220324
220348
220349
220351
220358
220373
220382
220383
220386
220390
220397
220401
220402
220408
220410
220417
220418
220419
220422
220423
220425
220427
220432
220437
220440
220457
220458
220473
220474
220480
220490
220495
220499
220500
220512
220523
220525
220529
220531
220539
220544
220545
220546
220548
220549
220559
220563
220568
220569
220580
220581
220585
220589
220606
220607
220608
220612
220619
220620
220630
220632
220647
220664
220665
220666
220668
220673
220684
220688
220689
220696
220697
220698
220703
220706
220708
220715
220716
220723
220726
220737
220738
220742
220744
220746
220750
220757
220765
220767
220770
220772
220776
220778
220780
220785
220786
220787
220790
220800
220802
220812
220813
220815
220817
220824
220825
220831
220832
220834
220842
220843
220846
220849
220855
220858
220862
220865
220866
220870
220874
220883
220886
220889
220890
220893
220895
220898
220900
220904
220915
220916
220920
220921
220923
220924
220928
220930
220932
220935
220939
220940
220945
220948
220952
220954
220956
220958
220967
220981
220986
220992
220995
221000
221002
221008
221010
221019
221025
221028
221029
221030
221034
221037
221042
221044
221046
221055
221057
221058
221065
221070
221078
221079
221083
221085
221090
221099
221106
221112
221119
221129
221145
221146
221147
221152
221156
221161
221163
221169
221171
221172
221174
221176
221180
221185
221194
221199
221201
221217
221223
221238
221243
221245
221247
221249
221254
221259
221260
221263
221267
221273
221274
221283
221284
221286
221287
221291
221301
221304
221305
221315
221316
221329
221335
221350
221351
221361
221376
221377
221388
221394
221404
221408
221415
221419
221426
221428
221430
221431
221434
221436
221441
221448
221460
221466
221474
221485
221486
221503
221505
221510
221514
221516
221528
221529
221532
221535
221541
221552
221556
221565
221574
221578
221583
221588
221601
221604
221606
221608
221615
221618
221622
221625
221630
221632
221634
221636
221638
221649
221651
221655
221660
221666
221676
221680
221682
221685
221694
221695
221697
221698
221705
221708
221710
221712
221717
221722
221728
221730
221732
221736
221738
221741
221742
221747
221754
221757
221758
221760
221765
221767
221770
221773
221780
221783
221786
221793
221794
221797
221810
221822
221829
221835
221836
221839
221843
221845
221851
221852
221856
221859
221860
221861
221862
221863
221866
221869
221882
221891
221892
221893
221894
221898
221912
221917
221925
221935
221938
221939
221942
221944
221948
221958
221960
221963
221966
221969
221970
221971
221975
221977
221979
221982
221983
221990
222005
222010
222023
222038
222041
222045
222048
222049
222054
222057
222068
222074
222076
222088
222089
222090
222094
222096
222098
222099
222101
222102
222111
222112
222122
222123
222125
222128
222133
222142
222155
222163
222167
222173
222177
222181
222182
222185
222191
222197
222199
222205
222216
222219
222220
222225
222234
222236
222239
222243
222251
222255
222257
222261
222278
222279
222282
222284
222287
222296
222306
222307
222318
222322
222324
222325
222328
222329
222332
222333
222343
222347
222348
222366
222377
222378
222388
222389
222394
222398
222399
222403
222411
222413
222420
222429
222431
222437
222448
222449
222452
222455
222457
222458
222460
222464
222465
222469
222473
222474
222477
222479
222481
222488
222493
222503
222512
222515
222516
222517
222523
222527
222528
222531
222533
222535
222537
222541
222543
222547
222553
222561
222572
222573
222576
222580
222585
222586
222587
222588
222593
222598
222605
222606
222607
222618
222638
222639
222644
222649
222657
222661
222663
222666
222672
222678
222683
222691
222695
222704
222705
222710
222720
222727
222735
222738
222744
222749
222755
222758
222764
222768
222778
222779
222782
222793
222797
222798
222804
222805
222818
222830
222839
222847
222861
222870
222872
222881
222888
222889
222906
222914
222917
222920
222922
222925
222927
222928
222929
222938
222939
222941
222942
222945
222951
222952
222953
222955
222964
222967
222978
222980
222989
222992
222993
222994
223001
223010
223012
223016
223019
223024
223028
223029
223032
223033
223035
223041
223047
223049
223059
223062
223066
223067
223068
223076
223083
223084
223085
223088
223092
223093
223094
223100
223104
223110
223119
223128
223132
223139
223140
223141
223163
223166
223169
223173
223175
223179
223182
223188
223193
223198
223200
223207
223225
223226
223231
223236
223240
223255
223257
223258
223270
223273
223274
223278
223280
223294
223303
223311
223312
223314
223323
223324
223326
223327
223331
223341
223347
223350
223363
223366
223368
223376
223379
223380
223381
223385
223390
223394
223400
223418
223433
223436
223445
223448
223451
223459
223462
223465
223468
223476
223481
223491
223500
223506
223507
223511
223512
223514
223517
223525
223532
223533
223535
223536
223552
223562
223588
223591
223600
223609
223613
223618
223621
223625
223627
223628
223633
223644
223646
223647
223651
223654
223655
223658
223659
223667
223668
223670
223672
223688
223692
223696
223702
223705
223706
223711
223715
223721
223729
223732
223738
223750
223751
223753
223755
223765
223773
223778
223780
223794
223796
223807
223808
223811
223813
223840
223842
223843
223848
223849
223850
223864
223865
223879
223890
223906
223915
223920
223927
223928
223934
223936
223937
223938
223950
223951
223954
223955
223957
223961
223985
223987
223992
223993
223997
224006
224031
224033
224039
224051
224053
224054
224061
224062
224069
224081
224082
224085
224096
224099
224110
224111
224116
224127
224128
224130
224131
224136
224139
224143
224146
224147
224150
224152
224153
224157
224161
224173
224175
224178
224179
224187
224195
224197
224199
224226
224229
224230
224232
224235
224236
224237
224246
224247
224264
224268
224270
224274
224279
224281
224284
224292
224294
224302
224307
224312
224315
224334
224350
224356
224363
224365
224367
224390
224392
224393
224395
224398
224401
224419
224429
224438
224439
224457
224463
224467
224484
224491
224494
224495
224502
224506
224507
224510
224513
224531
224533
224534
224535
224537
224539
224543
224558
224561
224563
224568
224571
224575
224577
224578
224582
224586
224587
224588
224589
224596
224597
224600
224609
224610
224613
224620
224622
224623
224629
224631
224646
224656
224658
224661
224666
224673
224674
224677
224679
224681
224686
224695
224698
224700
224707
224713
224721
224731
224734
224739
224752
224754
224760
224762
224764
224773
224776
224778
224780
224797
224801
224804
224808
224814
224836
224837
224838
224845
224847
224850
224852
224853
224855
224856
224864
224867
224868
224880
224886
224895
224900
224902
224914
224923
224925
224928
224929
224933
224934
224940
224946
224952
224954
224956
224965
224967
224968
224974
224975
224976
224978
224983
224984
224985
224999
225008
225010
225016
225034
225043
225051
225052
225053
225064
225067
225071
225072
225079
225080
225089
225092
225099
225103
225104
225108
225110
225111
225112
225115
225120
225124
225129
225130
225136
225143
225149
225152
225153
225154
225162
225166
225168
225174
225177
225180
225189
225190
225201
225210
225211
225219
225223
225237
225254
225257
225267
225268
225272
225274
225276
225279
225286
225288
225293
225312
225319
225322
225325
225326
225329
225333
225337
225345
225353
225362
225364
225365
225368
225375
225376
225393
225394
225396
225404
225405
225416
225419
225420
225422
225423
225429
225433
225443
225444
225455
225456
225463
225465
225468
225470
225472
225480
225483
225487
225493
225502
225504
225505
225511
225513
225519
225526
225530
225531
225539
225540
225541
225549
225551
225560
225562
225563
225565
225567
225569
225571
225577
225578
225581
225585
225590
225593
225602
225605
225610
225624
225625
225627
225628
225642
225649
225654
225657
225662
225665
225671
225678
225680
225684
225692
225694
225697
225704
225706
225715
225719
225723
225727
225733
225745
225747
225760
225764
225767
225769
225778
225784
225785
225792
225807
225810
225811
225814
225816
225817
225821
225825
225826
225827
225828
225831
225834
225835
225847
225849
225856
225857
225859
225865
225869
225871
225874
225876
225880
225884
225885
225889
225890
225893
225896
225909
225911
225913
225915
225922
225927
225929
225932
225936
225937
225938
225942
225944
225947
225954
225956
225958
225960
225961
225962
225964
225967
225971
225976
225978
225979
225988
225989
225994
225998
226004
226011
226015
226019
226020
226023
226029
226031
226032
226039
226046
226062
226067
226068
226069
226081
226084
226085
226090
226092
226097
226101
226115
226116
226122
226124
226126
226133
226135
226137
226139
226142
226145
226148
226152
226156
226158
226159
226163
226164
226170
226183
226187
226190
226193
226195
226206
226211
226218
226221
226223
226225
226232
226233
226244
226246
226256
226263
226265
226278
226285
226287
226291
226292
226295
226299
226322
226326
226328
226329
226334
226339
226346
226347
226349
226391
226393
226400
226403
226407
226410
226411
226437
226444
226458
226459
226460
226464
226467
226472
226475
226476
226488
226490
226493
226497
226498
226501
226509
226512
226514
226516
226528
226532
226537
226541
226544
226547
226548
226550
226552
226553
226554
226555
226557
226558
226560
226561
226565
226577
226586
226588
226590
226594
226595
226599
226608
226611
226626
226639
226642
226643
226645
226648
226652
226663
226664
226665
226676
226679
226688
226690
226691
226705
226706
226710
226714
226716
226719
226724
226731
226739
226740
226745
226750
226778
226780
226785
226791
226793
226796
226805
226807
226810
226817
226836
226841
226842
226845
226847
226857
226864
226869
226875
226876
226878
226885
226891
226906
226909
226928
226933
226937
226941
226942
226944
226954
226960
226963
226974
226975
226981
226993
226994
226996
227001
227004
227007
227014
227015
227022
227026
227033
227036
227039
227042
227052
227055
227065
227066
227068
227069
227072
227074
227078
227083
227087
227094
227095
227097
227102
227105
227111
227115
227117
227119
227124
227131
227138
227143
227144
227146
227156
227157
227161
227162
227169
227170
227181
227183
227189
227195
227206
227210
227215
227216
227220
227222
227240
227241
227248
227262
227263
227265
227268
227269
227272
227283
227290
227294
227296
227300
227305
227308
227312
227324
227326
227328
227339
227347
227350
227362
227368
227369
227370
227372
227374
227375
227376
227386
227389
227392
227394
227405
227408
227414
227416
227420
227423
227424
227426
227449
227452
227453
227462
227479
227485
227487
227489
227495
227500
227507
227509
227515
227521
227530
227534
227536
227547
227548
227549
227550
227554
227555
227563
227566
227567
227579
227589
227594
227595
227597
227599
227601
227602
227606
227609
227611
227615
227622
227627
227630
227640
227645
227650
227657
227659
227662
227663
227665
227692
227702
227705
227706
227707
227717
227729
227732
227733
227735
227740
227746
227748
227752
227755
227758
227769
227770
227772
227773
227779
227783
227786
227788
227791
227793
227796
227807
227813
227814
227815
227816
227817
227825
227833
227839
227840
227845
227846
227853
227854
227856
227859
227862
227863
227871
227874
227875
227877
227878
227887
227892
227893
227897
227901
227908
227909
227917
227925
227926
227927
227929
227930
227933
227940
227947
227958
227963
227969
227975
227979
227990
227992
227993
227999
228002
228008
228020
228024
228025
228031
228033
228035
228042
228043
228052
228053
228057
228059
228060
228063
228064
228070
228072
228073
228075
228079
228087
228091
228096
228118
228119
228120
228131
228135
228141
228144
228146
228148
228159
228160
228174
228175
228188
228194
228203
228210
228212
228232
228237
228242
228259
228262
228266
228267
228277
228279
228287
228290
228293
228294
228303
228309
228312
228313
228322
228341
228345
228346
228355
228356
228358
228365
228367
228370
228371
228373
228374
228378
228401
228410
228414
228415
228427
228433
228441
228442
228443
228445
228447
228449
228450
228452
228457
228458
228459
228464
228480
228497
228498
228514
228519
228524
228527
228528
228530
228532
228548
228550
228554
228563
228581
228586
228592
228593
228597
228600
228602
228607
228611
228614
228615
228621
228622
228627
228629
228634
228637
228642
228643
228646
228652
228655
228662
228664
228673
228675
228681
228685
228696
228704
228710
228714
228723
228728
228732
228734
228741
228742
228744
228745
228747
228751
228755
228758
228772
228781
228782
228785
228787
228794
228799
228802
228806
228808
228810
228818
228822
228838
228846
228850
228856
228857
228861
228862
228863
228866
228872
228875
228877
228878
228880
228885
228887
228889
228895
228904
228907
228914
228927
228928
228938
228948
228949
228955
228960
228961
228970
228975
228976
228989
229012
229036
229038
229047
229054
229060
229066
229067
229075
229080
229082
229084
229088
229091
229095
229097
229100
229110
229119
229120
229124
229125
229136
229152
229153
229157
229158
229161
229166
229174
229177
229180
229185
229186
229189
229191
229197
229199
229200
229203
229210
229217
229222
229225
229234
229240
229241
229258
229262
229268
229269
229271
229272
229273
229276
229279
229291
229302
229309
229329
229332
229339
229342
229346
229354
229356
229359
229363
229366
229374
229384
229385
229402
229406
229417
229421
229423
229425
229428
229430
229442
229452
229455
229456
229459
229469
229470
229472
229481
229498
229500
229502
229504
229505
229514
229515
229518
229527
229528
229541
229548
229550
229554
229557
229558
229566
229567
229569
229570
229586
229589
229595
229596
229600
229601
229608
229616
229617
229618
229623
229629
229630
229639
229647
229648
229650
229653
229657
229668
229669
229670
229675
229676
229682
229686
229693
229698
229701
229704
229705
229707
229716
229719
229730
229731
229749
229760
229764
229765
229770
229771
229783
229785
229795
229805
229806
229809
229813
229817
229820
229831
229845
229856
229862
229867
229876
229878
229890
229894
229899
229911
229913
229916
229922
229925
229926
229927
229934
229939
229948
229950
229960
229965
229972
229978
229983
229987
229994
230002
230005
230009
230022
230027
230030
230039
230042
230047
230052
230059
230070
230073
230077
230078
230079
230080
230096
230103
230111
230118
230119
230120
230130
230134
230136
230138
230143
230146
230150
230170
230180
230205
230206
230212
230225
230228
230233
230238
230242
230245
230262
230265
230274
230282
230292
230296
230302
230308
230311
230319
230320
230330
230333
230340
230352
230353
230361
230364
230366
230369
230371
230373
230374
230380
230382
230383
230392
230400
230405
230409
230415
230418
230420
230422
230425
230429
230430
230435
230440
230448
230455
230459
230470
230477
230485
230492
230494
230498
230512
230514
230519
230520
230534
230536
230537
230540
230544
230552
230554
230564
230567
230578
230579
230580
230584
230585
230594
230599
230605
230607
230614
230617
230619
230625
230635
230637
230639
230644
230654
230655
230658
230664
230672
230675
230689
230691
230693
230694
230707
230714
230716
230718
230722
230731
230735
230741
230758
230798
230802
230810
230818
230828
230833
230843
230850
230851
230853
230855
230857
230885
230886
230887
230903
230908
230911
230921
230925
230951
230954
230958
230968
230975
230976
230981
230983
230985
230989
230991
230997
231000
231003
231004
231006
231007
231011
231016
231024
231031
231034
231041
231043
231044
231047
231051
231061
231063
231072
231081
231085
231095
231098
231099
231106
231111
231118
231119
231121
231124
231134
231163
231166
231168
231170
231174
231182
231192
231193
231196
231202
231204
231211
231217
231218
231230
231236
231238
231242
231244
231255
231257
231260
231262
231266
231267
231273
231276
231285
231294
231298
231302
231308
231317
231318
231319
231322
231327
231330
231340
231341
231350
231363
231364
231371
231373
231378
231387
231388
231396
231401
231402
231406
231409
231411
231413
231414
231416
231418
231420
231431
231432
231435
231437
231440
231443
231445
231446
231448
231449
231451
231454
231459
231462
231465
231467
231474
231483
231486
231489
231504
231512
231513
231515
231517
231537
231540
231541
231542
231543
231546
231547
231548
231555
231572
231575
231577
231580
231586
231587
231590
231591
231595
231600
231603
231609
231627
231628
231635
231637
231643
231656
231658
231668
231672
231673
231678
231680
231683
231686
231692
231694
231695
231702
231712
231713
231720
231729
231730
231734
231738
231740
231747
231755
231759
231761
231763
231772
231774
231784
231785
231788
231789
231792
231798
231801
231802
231805
231813
231817
231819
231829
231834
231840
231841
231843
231859
231861
231865
231867
231870
231876
231877
231883
231894
231911
231912
231915
231916
231920
231926
231936
231939
231940
231941
231943
231947
231948
231955
231956
231967
231970
231973
231975
231984
231999
232000
232003
232021
232031
232038
232053
232065
232070
232075
232079
232087
232099
232103
232113
232117
232121
232122
232123
232127
232129
232130
232135
232139
232144
232147
232150
232160
232163
232166
232168
232172
232174
232179
232198
232200
232205
232209
232214
232218
232221
232222
232223
232225
232226
232231
232252
232254
232255
232258
232264
232269
232274
232276
232277
232284
232290
232291
232296
232297
232298
232299
232307
232312
232319
232320
232323
232327
232328
232335
232338
232347
232354
232358
232359
232370
232379
232380
232381
232384
232387
232389
232392
232397
232403
232416
232418
232422
232434
232438
232439
232447
232450
232455
232456
232466
232469
232473
232480
232489
232491
232492
232493
232498
232506
232511
232513
232519
232522
232524
232542
232544
232549
232557
232560
232570
232573
232576
232582
232594
232596
232601
232605
232606
232615
232619
232630
232635
232641
232644
232655
232666
232669
232670
232673
232675
232680
232683
232685
232698
232701
232703
232710
232711
232720
232721
232726
232733
232736
232739
232740
232741
232744
232752
232753
232762
232766
232767
232772
232773
232777
232779
232783
232786
232794
232810
232812
232816
232819
232830
232833
232836
232837
232839
232842
232846
232848
232849
232852
232853
232857
232862
232868
232871
232874
232875
232880
232886
232891
232892
232894
232895
232902
232909
232913
232917
232921
232922
232923
232926
232927
232929
232931
232932
232938
232943
232944
232946
232961
232964
232965
232972
232974
232978
232980
232982
232984
232985
232991
232993
232994
233005
233009
233010
233012
233013
233023
233025
233031
233044
233084
233085
233086
233091
233097
233108
233113
233119
233120
233129
233135
233137
233138
233142
233148
233150
233151
233159
233165
233166
233169
233170
233178
233180
233204
233207
233216
233220
233222
233223
233230
233234
233246
233265
233271
233282
233284
233294
233295
233296
233301
233309
233311
233315
233322
233328
233331
233334
233338
233358
233366
233373
233399
233407
233420
233423
233428
233430
233431
233437
233439
233446
233452
233455
233465
233480
233482
233493
233497
233501
233506
233511
233526
233530
233540
233547
233550
233555
233557
233574
233576
233577
233583
233595
233599
233600
233601
233604
233608
233626
233628
233632
233634
233655
233658
233666
233677
233678
233679
233686
233688
233693
233698
233706
233709
233711
233712
233716
233727
233729
233737
233745
233750
233751
233758
233759
233766
233769
233771
233775
233778
233784
233786
233795
233802
233804
233812
233818
233820
233823
233827
233834
233842
233854
233857
233860
233868
233883
233884
233888
233895
233896
233899
233903
233905
233912
233917
233923
233934
233938
233939
233942
233944
233946
233952
233969
233972
233976
233985
233991
233994
233996
233999
234002
234007
234008
234011
234014
234018
234023
234027
234030
234035
234038
234040
234048
234049
234063
234067
234068
234071
234072
234089
234094
234101
234104
234118
234119
234121
234125
234126
234128
234140
234142
234145
234147
234150
234155
234163
234165
234166
234177
234179
234181
234182
234195
234198
234199
234202
234206
234209
234211
234215
234217
234220
234224
234226
234252
234254
234255
234257
234258
234262
234263
234267
234270
234275
234281
234286
234296
234298
234312
234314
234315
234333
234338
234342
234344
234345
234346
234349
234353
234359
234360
234364
234365
234367
234370
234374
234379
234381
234382
234386
234389
234391
234402
234409
234417
234420
234421
234424
234427
234428
234430
234437
234441
234443
234449
234456
234463
234465
234471
234479
234481
234489
234498
234501
234507
234521
234526
234527
234535
234541
234543
234544
234545
234550
234553
234556
234559
234567
234569
234572
234573
234574
234583
234584
234586
234597
234599
234601
234602
234604
234610
234614
234622
234625
234630
234633
234634
234635
234644
234645
234646
234651
234653
234660
234663
234670
234671
234684
234693
234694
234703
234705
234706
234707
234720
234726
234739
234751
234754
234767
234777
234778
234780
234782
234785
234787
234788
234796
234798
234806
234809
234812
234814
234820
234823
234824
234829
234834
234836
234840
234847
234849
234877
234879
234885
234887
234892
234902
234903
234905
234908
234909
234916
234917
234920
234921
234928
234934
234937
234938
234940
234944
234954
234969
234972
234973
234975
234977
234994
235000
235006
235007
235012
235014
235021
235031
235035
235037
235038
235047
235051
235053
235065
235067
235068
235076
235077
235078
235079
235083
235086
235094
235102
235109
235119
235121
235133
235147
235151
235156
235167
235169
235171
235173
235174
235175
235176
235178
235179
235186
235187
235188
235202
235206
235211
235216
235224
235227
235238
235239
235242
235255
235260
235266
235267
235270
235276
235280
235281
235285
235290
235291
235302
235318
235322
235330
235337
235346
235359
235361
235364
235382
235386
235388
235391
235400
235401
235403
235410
235412
235414
235417
235423
235430
235438
235440
235444
235445
235446
235448
235451
235456
235458
235460
235468
235469
235471
235472
235478
235479
235490
235495
235499
235501
235503
235506
235507
235509
235512
235517
235521
235522
235524
235536
235540
235543
235545
235548
235560
235563
235571
235576
235577
235587
235591
235601
235603
235606
235608
235620
235634
235637
235641
235643
235646
235657
235659
235662
235663
235664
235671
235673
235674
235682
235689
235692
235702
235703
235705
235707
235711
235718
235727
235729
235735
235736
235738
235741
235748
235750
235753
235755
235762
235767
235768
235774
235775
235779
235784
235785
235787
235796
235800
235803
235807
235809
235821
235826
235829
235833
235839
235840
235843
235844
235845
235849
235850
235854
235864
235865
235866
235875
235880
235882
235887
235893
235901
235903
235904
235911
235913
235929
235939
235942
235943
235945
235948
235949
235952
235954
235956
235960
235971
235978
235989
235990
235991
235992
235997
236004
236006
236010
236012
236025
236034
236041
236043
236046
236048
236049
236054
236055
236056
236067
236077
236086
236089
236092
236101
236102
236107
236110
236113
236117
236122
236129
236151
236152
236159
236164
236166
236183
236186
236188
236195
236197
236204
236209
236215
236234
236237
236239
236243
236244
236253
236254
236256
236260
236261
236266
236268
236298
236302
236307
236309
236311
236312
236314
236317
236324
236337
236338
236342
236344
236346
236350
236359
236363
236370
236389
236393
236398
236401
236403
236409
236415
236418
236422
236423
236424
236430
236452
236465
236468
236478
236483
236493
236496
236499
236506
236511
236512
236518
236522
236523
236532
236534
236537
236541
236543
236545
236558
236560
236563
236564
236571
236580
236582
236584
236585
236598
236602
236610
236613
236620
236622
236625
236631
236651
236653
236657
236658
236662
236663
236671
236679
236680
236684
236686
236688
236717
236726
236727
236728
236733
236755
236769
236772
236773
236775
236776
236785
236793
236798
236803
236805
236807
236808
236814
236818
236822
236827
236832
236835
236841
236844
236855
236867
236869
236871
236877
236879
236882
236887
236888
236889
236892
236902
236903
236911
236913
236914
236922
236925
236926
236933
236941
236944
236952
236954
236966
236972
236973
236982
236983
236987
236988
237005
237015
237022
237026
237027
237034
237040
237041
237044
237048
237055
237064
237074
237077
237079
237085
237094
237102
237106
237107
237114
237115
237120
237121
237124
237126
237127
237138
237144
237147
237149
237157
237160
237167
237185
237192
237194
237205
237220
237245
237246
237251
237256
237260
237263
237268
237272
237275
237279
237281
237295
237296
237297
237302
237307
237318
237319
237320
237324
237327
237329
237333
237334
237335
237338
237345
237346
237347
237350
237357
237369
237372
237374
237375
237377
237380
237386
237391
237397
237398
237403
237411
237413
237417
237423
237432
237444
237451
237459
237462
237467
237475
237480
237487
237489
237494
237498
237500
237519
237521
237524
237526
237530
237543
237546
237552
237555
237557
237560
237564
237565
237568
237569
237576
237580
237584
237590
237593
237594
237598
237609
237612
237615
237617
237625
237627
237628
237633
237636
237642
237648
237649
237653
237664
237682
237683
237685
237687
237691
237700
237702
237705
237715
237721
237724
237725
237736
237744
237748
237749
237751
237754
237756
237757
237768
237770
237772
237773
237780
237788
237794
237801
237802
237803
237806
237809
237817
237822
237828
237841
237861
237865
237866
237867
237871
237881
237889
237899
237900
237903
237914
237927
237929
237933
237940
237950
237956
237957
237961
237966
237970
237976
237980
237981
237982
237983
237993
237996
237999
238004
238011
238014
238023
238024
238032
238034
238037
238038
238045
238049
238050
238052
238054
238058
238068
238078
238082
238087
238090
238093
238094
238101
238106
238112
238116
238117
238130
238144
238163
238164
238165
238168
238171
238178
238183
238189
238190
238199
238202
238217
238218
238227
238228
238232
238234
238236
238237
238238
238239
238240
238241
238246
238250
238255
238265
238269
238274
238283
238290
238298
238299
238304
238308
238316
238318
238334
238337
238340
238352
238368
238370
238374
238375
238378
238384
238385
238398
238405
238408
238415
238421
238423
238442
238449
238450
238451
238455
238456
238461
238471
238472
238476
238486
238490
238492
238493
238498
238504
238510
238515
238516
238519
238521
238532
238548
238556
238565
238590
238600
238601
238615
238619
238622
238636
238638
238639
238642
238643
238653
238654
238660
238672
238673
238680
238696
238703
238706
238710
238714
238721
238728
238732
238742
238751
238766
238799
238813
238823
238830
238833
238846
238849
238851
238868
238875
238878
238880
238882
238886
238887
238889
238892
238898
238899
238903
238917
238921
238922
238925
238932
238936
238938
238951
238953
238957
238961
238965
238969
238977
238987
238993
238994
238996
239003
239008
239010
239013
239016
239018
239019
239021
239023
239030
239031
239037
239042
239051
239053
239067
239073
239080
239082
239083
239089
239097
239099
239100
239101
239103
239107
239114
239115
239123
239124
239127
239130
239132
239133
239144
239150
239166
239170
239175
239178
239179
239192
239196
239210
239212
239217
239222
239224
239226
239237
239256
239266
239277
239284
239285
239287
239289
239290
239294
239295
239306
239307
239308
239309
239313
239319
239320
239321
239332
239333
239335
239357
239362
239366
239369
239377
239382
239388
239398
239402
239406
239407
239408
239409
239416
239419
239425
239432
239434
239446
239448
239450
239463
239465
239469
239476
239487
239491
239498
239511
239513
239515
239520
239523
239532
239536
239556
239563
239565
239566
239581
239587
239588
239589
239590
239594
239602
239604
239606
239607
239608
239613
239621
239627
239631
239634
239636
239650
239652
239658
239663
239671
239674
239675
239682
239685
239687
239688
239690
239699
239709
239712
239713
239715
239716
239725
239726
239728
239729
239738
239743
239745
239750
239758
239759
239776
239778
239779
239780
239788
239789
239802
239808
239811
239816
239821
239822
239834
239841
239848
239850
239854
239856
239857
239859
239866
239869
239874
239885
239895
239901
239902
239905
239908
239913
239918
239920
239936
239937
239940
239945
239951
239954
239957
239958
239960
239965
239970
239986
239989
239993
239996
239997
240001
240003
240004
240005
240014
240018
240032
240037
240040
240046
240048
240050
240054
240055
240056
240059
240077
240080
240086
240094
240106
240107
240111
240115
240125
240126
240129
240131
240136
240137
240138
240144
240145
240147
240157
240158
240159
240161
240169
240175
240176
240182
240187
240188
240189
240196
240213
240216
240217
240219
240222
240232
240235
240242
240247
240248
240249
240256
240265
240274
240280
240283
240288
240289
240292
240302
240303
240306
240307
240308
240309
240315
240318
240329
240331
240333
240339
240340
240341
240345
240353
240354
240356
240373
240375
240379
240385
240387
240388
240389
240398
240411
240413
240416
240419
240420
240423
240425
240435
240437
240441
240443
240448
240450
240458
240462
240466
240475
240480
240482
240488
240491
240501
240502
240503
240514
240521
240523
240525
240530
240535
240536
240552
240558
240561
240563
240565
240573
240576
240587
240588
240590
240594
240595
240598
240600
240601
240604
240613
240631
240633
240638
240639
240642
240648
240649
240655
240664
240677
240678
240680
240689
240692
240693
240695
240700
240702
240705
240707
240708
240721
240728
240729
240730
240733
240736
240737
240747
240749
240750
240756
240759
240763
240764
240766
240767
240780
240784
240788
240792
240794
240806
240807
240809
240811
240815
240817
240823
240826
240831
240838
240842
240869
240872
240873
240878
240883
240885
240886
240887
240904
240905
240907
240910
240911
240912
240914
240915
240919
240921
240942
240946
240950
240951
240952
240953
240956
240965
240968
240971
240979
240985
240990
240994
240995
240998
241003
241007
241010
241015
241020
241021
241027
241029
241031
241039
241048
241049
241055
241065
241066
241067
241074
241075
241084
241085
241087
241100
241104
241114
241115
241118
241122
241123
241127
241135
241142
241146
241155
241156
241172
241175
241191
241217
241218
241237
241238
241243
241250
241254
241276
241284
241286
241293
241294
241297
241298
241299
241304
241305
241306
241310
241312
241322
241324
241325
241337
241348
241365
241377
241381
241389
241396
241402
241413
241417
241424
241432
241438
241440
241449
241451
241452
241462
241465
241476
241477
241485
241486
241489
241493
241504
241513
241517
241518
241520
241521
241522
241524
241528
241531
241539
241546
241547
241550
241552
241554
241568
241577
241579
241583
241586
241587
241589
241591
241592
241598
241600
241614
241623
241625
241627
241629
241633
241638
241644
241646
241648
241654
241656
241657
241664
241666
241678
241680
241683
241685
241692
241695
241706
241707
241715
241718
241719
241725
241728
241730
241733
241768
241778
241793
241801
241802
241803
241808
241814
241819
241820
241821
241823
241827
241840
241844
241845
241847
241848
241852
241860
241862
241871
241881
241883
241891
241897
241899
241913
241919
241934
241936
241942
241948
241949
241958
241962
241965
241978
241979
241980
241984
241986
241998
242003
242013
242016
242020
242025
242031
242034
242039
242040
242046
242047
242050
242051
242056
242059
242061
242066
242072
242086
242091
242095
242100
242114
242120
242129
242131
242146
242149
242156
242157
242158
242166
242170
242172
242179
242180
242190
242195
242197
242199
242200
242203
242207
242212
242218
242219
242231
242244
242247
242253
242256
242268
242269
242280
242287
242289
242290
242295
242300
242302
242303
242310
242313
242316
242319
242322
242326
242334
242340
242341
242343
242349
242356
242362
242367
242377
242379
242381
242387
242389
242391
242397
242399
242402
242406
242407
242408
242411
242421
242423
242428
242435
242438
242440
242444
242447
242448
242458
242459
242460
242463
242466
242471
242477
242481
242482
242483
242487
242491
242493
242496
242500
242502
242505
242511
242513
242514
242518
242519
242535
242555
242556
242559
242563
242567
242577
242581
242582
242588
242594
242606
242611
242620
242627
242634
242645
242646
242647
242655
242660
242661
242662
242663
242668
242671
242680
242682
242685
242690
242691
242704
242706
242709
242710
242712
242716
242719
242723
242731
242736
242742
242743
242746
242752
242761
242762
242765
242774
242784
242788
242793
242796
242797
242800
242813
242817
242819
242825
242838
242847
242852
242858
242866
242870
242872
242873
242877
242885
242888
242890
242897
242899
242904
242905
242915
242920
242922
242931
242951
242962
242963
242978
242981
242982
242996
242997
243002
243009
243016
243020
243027
243028
243030
243042
243044
243047
243054
243059
243060
243072
243081
243082
243089
243090
243096
243098
243100
243104
243107
243111
243115
243128
243135
243142
243154
243159
243162
243168
243176
243177
243181
243185
243193
243195
243197
243203
243209
243211
243217
243231
243234
243237
243247
243248
243255
243257
243267
243276
243282
243286
243290
243294
243306
243309
243317
243323
243330
243332
243333
243335
243336
243343
243345
243346
243350
243355
243357
243364
243368
243370
243377
243379
243390
243404
243408
243411
243414
243417
243422
243431
243435
243491
243496
243500
243515
243521
243532
243536
243538
243539
243545
243561
243571
243575
243580
243598
243601
243602
243603
243606
243614
243615
243627
243634
243638
243639
243640
243648
243659
243665
243668
243669
243675
243677
243686
243687
243695
243703
243705
243706
243711
243713
243717
243720
243726
243729
243735
243738
243742
243747
243749
243751
243758
243765
243772
243774
243775
243776
243785
243793
243795
243799
243810
243813
243822
243833
243844
243846
243848
243849
243854
243861
243863
243867
243872
243875
243876
243877
243884
243893
243905
243915
243931
243938
243943
243948
243949
243955
243958
243964
243965
243972
243974
243975
243977
243984
243996
244000
244001
244003
244017
244018
244030
244037
244039
244047
244061
244066
244079
244082
244086
244091
244095
244097
244102
244105
244106
244109
244121
244122
244131
244135
244151
244155
244161
244165
244170
244173
244175
244184
244188
244193
244197
244209
244211
244217
244222
244230
244231
244234
244235
244238
244243
244244
244250
244259
244262
244264
244270
244279
244283
244285
244286
244295
244296
244298
244300
244303
244304
244309
244311
244313
244314
244315
244316
244322
244327
244333
244340
244349
244350
244355
244356
244361
244368
244372
244395
244402
244403
244404
244405
244406
244407
244408
244411
244423
244425
244433
244437
244441
244443
244445
244446
244448
244450
244452
244455
244466
244469
244471
244473
244474
244482
244483
244485
244488
244497
244498
244500
244514
244526
244527
244530
244534
244540
244549
244551
244567
244573
244574
244584
244589
244592
244600
244601
244603
244605
244606
244626
244630
244637
244638
244640
244641
244647
244650
244662
244663
244665
244671
244683
244693
244694
244713
244725
244726
244728
244735
244737
244740
244745
244747
244756
244759
244760
244763
244764
244765
244766
244771
244783
244800
244805
244806
244807
244808
244809
244817
244820
244826
244827
244844
244847
244863
244864
244867
244870
244871
244874
244883
244888
244890
244896
244902
244903
244907
244909
244911
244917
244918
244925
244927
244940
244942
244950
244957
244964
244966
244967
244969
244970
244976
244978
245002
245003
245004
245008
245009
245013
245017
245021
245023
245026
245032
245043
245045
245046
245047
245056
245059
245060
245067
245068
245070
245071
245072
245076
245080
245081
245083
245088
245089
245099
245101
245102
245108
245110
245114
245120
245134
245135
245136
245139
245143
245155
245156
245170
245174
245175
245177
245182
245183
245185
245186
245192
245195
245197
245198
245199
245208
245211
245220
245221
245224
245225
245231
245232
245233
245244
245245
245248
245252
245254
245256
245259
245264
245265
245267
245270
245289
245291
245302
245303
245305
245308
245313
245318
245319
245323
245328
245329
245336
245343
245346
245349
245351
245358
245363
245373
245379
245386
245388
245389
245395
245402
245404
245413
245416
245417
245418
245421
245424
245431
245440
245444
245446
245451
245461
245473
245499
245504
245507
245511
245513
245515
245521
245534
245539
245548
245550
245551
245555
245560
245564
245577
245590
245604
245612
245614
245617
245622
245623
245624
245629
245634
245637
245648
245651
245652
245653
245659
245662
245666
245669
245670
245673
245675
245679
245685
245687
245692
245713
245720
245723
245726
245728
245729
245738
245741
245743
245748
245751
245754
245756
245762
245770
245771
245773
245774
245780
245792
245801
245811
245815
245818
245819
245820
245826
245848
245856
245859
245861
245867
245882
245886
245889
245893
245905
245914
245924
245925
245927
245940
245942
245947
245954
245959
245961
245965
245966
245969
245971
245983
245994
246006
246030
246033
246055
246059
246060
246062
246063
246072
246076
246091
246093
246099
246113
246122
246123
246126
246138
246140
246141
246148
246151
246154
246160
246161
246171
246172
246174
246180
246182
246189
246205
246209
246217
246219
246231
246240
246243
246250
246263
246267
246268
246270
246278
246281
246286
246287
246292
246297
246300
246306
246310
246311
246312
246319
246340
246341
246346
246360
246366
246371
246390
246392
246402
246407
246408
246422
246428
246435
246436
246441
246442
246444
246454
246460
246461
246468
246473
246476
246479
246483
246488
246489
246492
246502
246504
246516
246525
246527
246530
246531
246543
246544
246550
246555
246563
246565
246575
246579
246586
246589
246592
246598
246600
246602
246612
246614
246621
246627
246638
246648
246649
246655
246663
246664
246666
246673
246689
246691
246693
246694
246704
246705
246707
246710
246711
246716
246719
246727
246730
246742
246746
246748
246759
246762
246764
246766
246769
246770
246773
246776
246781
246787
246788
246795
246797
246800
246802
246803
246812
246813
246818
246820
246821
246825
246828
246840
246841
246868
246872
246873
246878
246887
246893
246898
246903
246909
246918
246919
246931
246939
246950
246951
246957
246960
246964
246968
246971
246973
246974
246985
247003
247005
247008
247021
247023
247025
247030
247040
247045
247048
247050
247051
247052
247070
247079
247080
247085
247090
247093
247106
247109
247116
247117
247119
247125
247127
247132
247147
247151
247152
247153
247155
247167
247168
247176
247179
247180
247189
247194
247198
247206
247212
247213
247215
247226
247235
247236
247238
247245
247248
247249
247261
247281
247288
247289
247298
247302
247308
247309
247311
247321
247325
247330
247333
247338
247342
247343
247348
247353
247359
247364
247368
247372
247387
247396
247404
247406
247409
247413
247421
247424
247426
247429
247435
247450
247458
247459
247469
247472
247478
247479
247491
247503
247518
247530
247536
247539
247543
247545
247546
247552
247558
247560
247567
247571
247573
247577
247583
247585
247587
247588
247594
247602
247606
247610
247613
247618
247619
247620
247621
247623
247629
247638
247639
247641
247642
247652
247654
247656
247663
247665
247667
247671
247690
247693
247705
247716
247720
247726
247749
247753
247754
247759
247763
247766
247776
247780
247784
247785
247786
247788
247790
247795
247803
247810
247815
247817
247820
247827
247830
247851
247854
247856
247863
247864
247870
247874
247875
247891
247896
247900
247901
247906
247909
247917
247938
247942
247946
247948
247955
247962
247968
247977
247982
247991
247992
247997
247998
248005
248012
248014
248017
248019
248023
248028
248036
248040
248042
248045
248047
248055
248060
248062
248067
248073
248075
248076
248078
248088
248100
248103
248106
248112
248113
248122
248123
248125
248129
248136
248137
248140
248147
248149
248153
248157
248167
248191
248192
248193
248196
248200
248201
248202
248203
248207
248211
248212
248219
248222
248235
248239
248255
248257
248262
248267
248268
248272
248282
248284
248286
248295
248315
248316
248322
248324
248326
248327
248329
248331
248340
248354
248356
248364
248365
248376
248389
248391
248405
248406
248407
248411
248415
248420
248431
248438
248452
248456
248458
248470
248477
248486
248494
248497
248498
248502
248504
248509
248510
248511
248515
248518
248530
248533
248537
248539
248544
248553
248559
248568
248569
248578
248579
248582
248590
248591
248598
248601
248603
248607
248608
248613
248630
248633
248638
248640
248642
248646
248649
248657
248664
248665
248677
248683
248685
248689
248693
248697
248705
248713
248723
248724
248725
248727
248729
248733
248740
248751
248753
248755
248762
248766
248775
248783
248786
248790
248795
248796
248797
248801
248802
248803
248805
248807
248811
248819
248825
248837
248839
248841
248843
248844
248852
248856
248859
248870
248874
248875
248877
248878
248881
248890
248892
248900
248901
248905
248907
248909
248938
248953
248954
248958
248965
248967
248972
248974
248979
248982
248986
248988
248993
249001
249015
249017
249028
249043
249059
249063
249074
249108
249109
249112
249113
249114
249122
249141
249142
249149
249153
249155
249157
249168
249178
249182
249197
249201
249207
249214
249223
249224
249226
249228
249232
249236
249241
249243
249251
249258
249265
249266
249267
249270
249278
249286
249287
249289
249297
249298
249301
249302
249304
249313
249315
249321
249322
249329
249331
249334
249336
249339
249340
249352
249357
249359
249364
249375
249381
249386
249390
249394
249399
249404
249439
249441
249450
249459
249467
249469
249471
249480
249486
249487
249490
249492
249493
249495
249496
249498
249503
249506
249522
249523
249525
249548
249549
249552
249563
249567
249578
249589
249591
249592
249594
249596
249600
249606
249607
249616
249625
249626
249629
249631
249634
249636
249639
249646
249647
249662
249664
249670
249673
249674
249679
249684
249689
249693
249712
249717
249718
249730
249732
249735
249737
249739
249757
249758
249759
249762
249768
249769
249770
249773
249781
249784
249790
249793
249817
249824
249829
249831
249837
249841
249845
249847
249849
249854
249862
249867
249877
249889
249892
249906
249912
249915
249917
249920
249922
249925
249929
249930
249932
249940
249948
249950
249959
249962
249964
249972
249974
249976
249980
249985
249989
249994
249997
249999
250012
250019
250022
250031
250040
250041
250048
250051
250054
250055
250056
250058
250059
250067
250076
250082
250084
250085
250086
250088
250093
250094
250100
250103
250109
250111
250116
250117
250124
250137
250141
250143
250149
250156
250157
250159
250161
250163
250169
250172
250173
250180
250187
250194
250195
250198
250200
250203
250209
250220
250230
250236
250245
250249
250257
250259
250264
250270
250276
250278
250281
250283
250287
250291
250293
250300
250313
250317
250325
250334
250335
250338
250339
250341
250342
250343
250347
250349
250353
250364
250374
250380
250381
250387
250389
250401
250407
250408
250410
250413
250415
250418
250430
250433
250438
250441
250442
250446
250450
250470
250476
250480
250492
250508
250514
250516
250528
250537
250538
250552
250561
250575
250577
250578
250579
250586
250593
250599
250604
250611
250612
250616
250627
250629
250632
250633
250636
250638
250659
250663
250668
250672
250680
250691
250705
250707
250708
250718
250720
250721
250740
250741
250743
250745
250749
250752
250753
250757
250766
250769
250779
250785
250794
250797
250799
250801
250807
250814
250817
250819
250820
250821
250827
250831
250837
250838
250841
250851
250858
250859
250864
250866
250868
250876
250885
250888
250898
250906
250914
250921
250926
250942
250955
250956
250962
250966
250968
250971
250973
250975
250988
250990
250993
250994
250995
250996
251001
251003
251006
251010
251019
251023
251025
251027
251035
251036
251050
251053
251062
251069
251070
251077
251082
251089
251091
251094
251100
251101
251104
251106
251108
251117
251120
251124
251135
251137
251139
251147
251151
251153
251158
251162
251169
251183
251190
251195
251203
251206
251213
251214
251219
251221
251226
251229
251231
251233
251254
251256
251266
251269
251272
251277
251280
251281
251287
251288
251290
251292
251295
251302
251306
251310
251315
251326
251328
251338
251356
251359
251362
251363
251369
251380
251382
251383
251388
251389
251395
251407
251409
251410
251413
251420
251429
251441
251442
251446
251448
251456
251457
251460
251464
251467
251469
251474
251476
251478
251488
251490
251497
251501
251503
251505
251506
251508
251509
251514
251520
251522
251524
251525
251530
251534
251547
251548
251553
251558
251567
251572
251575
251579
251583
251585
251589
251594
251598
251603
251614
251626
251635
251636
251645
251649
251656
251660
251667
251672
251673
251674
251676
251678
251679
251681
251685
251686
251691
251721
251723
251732
251738
251749
251760
251761
251772
251773
251778
251784
251787
251793
251797
251802
251815
251816
251819
251820
251827
251828
251830
251835
251836
251839
251840
251844
251850
251858
251860
251863
251868
251871
251875
251877
251879
251884
251885
251887
251890
251892
251894
251895
251901
251904
251906
251911
251913
251915
251921
251925
251927
251931
251936
251939
251940
251942
251952
251959
251965
251966
251967
251971
251972
251974
251982
251986
251989
252019
252028
252030
252034
252036
252042
252043
252044
252045
252046
252048
252049
252050
252051
252052
252053
252054
252063
252072
252074
252075
252079
252083
252089
252094
252098
252099
252104
252105
252110
252113
252115
252117
252118
252121
252138
252145
252147
252148
252153
252155
252162
252165
252166
252169
252177
252182
252189
252190
252192
252194
252200
252208
252226
252230
252251
252260
252261
252263
252266
252271
252272
252281
252283
252285
252286
252287
252288
252294
252301
252304
252310
252317
252323
252339
252342
252346
252358
252359
252363
252364
252379
252380
252381
252382
252388
252393
252394
252395
252403
252404
252408
252414
252420
252423
252429
252432
252433
252434
252436
252443
252456
252461
252462
252468
252474
252476
252480
252487
252493
252494
252505
252506
252516
252517
252518
252534
252537
252543
252544
252545
252547
252553
252558
252564
252574
252575
252579
252584
252586
252587
252598
252599
252613
252619
252624
252629
252633
252639
252644
252655
252658
252667
252672
252683
252696
252704
252709
252710
252715
252717
252719
252730
252738
252739
252740
252743
252762
252764
252766
252767
252769
252781
252785
252786
252791
252794
252798
252801
252804
252807
252811
252812
252813
252822
252823
252827
252828
252831
252836
252837
252842
252846
252847
252849
252856
252859
252867
252868
252874
252876
252881
252884
252890
252895
252899
252901
252902
252903
252908
252910
252925
252929
252933
252937
252944
252946
252949
252950
252953
252954
252957
252959
252966
252968
252969
252971
252977
252978
252994
252997
253000
253006
253019
253030
253032
253034
253035
253042
253054
253066
253069
253072
253077
253079
253085
253114
253118
253120
253126
253133
253139
253151
253160
253164
253171
253172
253173
253182
253187
253190
253193
253194
253201
253217
253221
253222
253227
253231
253238
253245
253249
253267
253269
253271
253276
253282
253283
253289
253298
253304
253306
253317
253319
253320
253321
253325
253330
253335
253340
253341
253345
253353
253358
253359
253365
253366
253387
253388
253392
253395
253403
253407
253411
253416
253418
253422
253431
253432
253439
253444
253451
253453
253456
253457
253461
253475
253483
253485
253491
253495
253502
253503
253506
253507
253509
253510
253515
253519
253521
253522
253537
253539
253540
253542
253547
253550
253552
253558
253564
253565
253569
253573
253582
253587
253591
253593
253597
253603
253607
253610
253616
253617
253618
253620
253623
253626
253627
253629
253632
253635
253642
253644
253647
253651
253653
253658
253669
253677
253682
253683
253685
253686
253687
253689
253694
253695
253706
253712
253714
253728
253735
253736
253737
253739
253742
253743
253744
253757
253768
253771
253774
253778
253783
253788
253797
253798
253799
253802
253806
253808
253815
253817
253818
253826
253832
253834
253842
253846
253847
253850
253852
253856
253858
253873
253877
253879
253885
253914
253921
253926
253930
253935
253936
253937
253940
253957
253960
253965
253967
253968
253971
253975
254009
254021
254022
254051
254064
254070
254072
254076
254086
254090
254102
254103
254106
254109
254124
254125
254134
254137
254145
254146
254157
254161
254163
254170
254171
254178
254179
254188
254189
254191
254200
254205
254211
254212
254234
254237
254242
254244
254245
254251
254253
254256
254259
254260
254262
254266
254285
254289
254296
254310
254320
254322
254323
254327
254329
254330
254331
254337
254338
254340
254349
254353
254355
254361
254363
254367
254384
254387
254394
254399
254415
254419
254421
254429
254430
254438
254454
254457
254460
254463
254470
254472
254474
254475
254477
254479
254480
254483
254488
254489
254491
254495
254499
254505
254517
254520
254525
254528
254536
254547
254549
254554
254565
254566
254567
254572
254575
254576
254577
254579
254583
254584
254591
254594
254597
254613
254615
254617
254618
254620
254627
254637
254640
254646
254649
254651
254657
254658
254666
254669
254670
254688
254690
254693
254695
254696
254700
254703
254704
254708
254712
254714
254718
254720
254723
254724
254732
254740
254745
254753
254755
254756
254770
254772
254773
254781
254789
254793
254797
254799
254800
254809
254811
254817
254826
254834
254835
254836
254840
254844
254845
254851
254852
254853
254856
254857
254866
254868
254869
254877
254883
254888
254892
254895
254897
254902
254903
254908
254910
254915
254930
254937
254940
254949
254953
254954
254961
254962
254966
254967
254987
254988
254994
255001
255006
255014
255015
255016
255017
255019
255021
255025
255031
255045
255049
255058
255062
255063
255066
255070
255083
255087
255106
255118
255120
255125
255126
255142
255143
255147
255157
255160
255163
255165
255168
255175
255176
255178
255187
255189
255191
255198
255199
255201
255202
255203
255205
255211
255214
255221
255224
255235
255244
255256
255260
255263
255269
255271
255273
255276
255280
255286
255293
255294
255297
255299
255308
255311
255317
255323
255324
255326
255329
255332
255333
255339
255340
255342
255343
255344
255345
255361
255363
255367
255373
255376
255379
255386
255391
255404
255405
255413
255417
255420
255421
255428
255442
255449
255453
255457
255460
255461
255463
255466
255468
255475
255478
255485
255491
255493
255497
255504
255507
255510
255513
255515
255522
255524
255532
255534
255539
255540
255542
255543
255548
255560
255561
255566
255572
255573
255574
255580
255587
255589
255590
255596
255597
255599
255606
255619
255623
255629
255631
255635
255637
255643
255646
255659
255662
255664
255665
255674
255682
255691
255695
255696
255705
255709
255710
255716
255721
255724
255728
255735
255737
255743
255744
255745
255751
255756
255762
255766
255769
255776
255786
255787
255790
255795
255797
255804
255812
255819
255822
255824
255825
255829
255830
255865
255869
255870
255876
255877
255878
255880
255881
255882
255883
255884
255885
255886
255890
255896
255899
255909
255918
255926
255928
255932
255950
255959
255962
255968
255978
255979
255985
255988
255991
255993
256001
256009
256016
256017
256020
256028
256029
256034
256042
256052
256055
256064
256066
256067
256070
256079
256084
256085
256092
256094
256095
256104
256106
256112
256124
256126
256130
256137
256140
256153
256154
256156
256160
256166
256169
256173
256175
256180
256185
256191
256206
256220
256224
256229
256230
256234
256235
256245
256247
256249
256258
256259
256260
256265
256267
256282
256285
256286
256287
256290
256291
256294
256297
256301
256302
256311
256312
256318
256324
256333
256350
256364
256366
256367
256368
256371
256374
256392
256404
256419
256424
256442
256445
256450
256463
256466
256467
256469
256476
256484
256487
256495
256496
256506
256512
256515
256532
256536
256539
256540
256542
256552
256558
256562
256563
256565
256566
256574
256579
256580
256583
256589
256592
256593
256596
256600
256605
256616
256619
256623
256624
256625
256632
256633
256635
256651
256666
256680
256690
256697
256709
256714
256718
256720
256731
256751
256756
256758
256761
256774
256775
256778
256790
256792
256794
256796
256800
256803
256805
256806
256807
256814
256820
256821
256832
256839
256850
256851
256857
256860
256866
256867
256872
256874
256876
256881
256883
256887
256889
256895
256899
256901
256904
256915
256934
256935
256937
256944
256946
256949
256954
256955
256958
256962
256964
256968
256973
256977
256994
257000
257004
257006
257010
257013
257015
257016
257023
257028
257032
257044
257050
257058
257065
257066
257076
257077
257078
257082
257092
257097
257110
257119
257124
257125
257126
257127
257129
257138
257139
257142
257147
257154
257156
257157
257159
257166
257169
257170
257172
257173
257181
257182
257188
257189
257190
257195
257203
257227
257228
257232
257234
257235
257239
257241
257246
257247
257256
257262
257263
257266
257281
257283
257289
257291
257296
257301
257303
257305
257307
257314
257317
257319
257322
257330
257331
257332
257341
257342
257344
257347
257349
257367
257371
257372
257381
257390
257397
257402
257409
257411
257414
257419
257421
257424
257426
257427
257428
257432
257436
257440
257442
257448
257460
257463
257464
257475
257478
257483
257485
257486
257504
257508
257512
257525
257527
257528
257531
257533
257539
257543
257547
257548
257557
257558
257568
257570
257580
257585
257589
257592
257593
257594
257597
257599
257600
257601
257608
257609
257617
257619
257620
257628
257634
257637
257639
257649
257652
257654
257656
257657
257661
257665
257671
257684
257686
257687
257689
257692
257693
257694
257702
257705
257711
257715
257722
257731
257734
257736
257747
257752
257756
257757
257761
257790
257803
257804
257805
257807
257813
257829
257830
257831
257838
257839
257844
257846
257858
257861
257879
257885
257888
257897
257900
257901
257902
257903
257904
257906
257916
257917
257928
257930
257936
257942
257950
257952
257953
257960
257964
257965
257967
257968
257992
257995
257996
258006
258013
258025
258034
258036
258038
258040
258045
258049
258051
258054
258063
258081
258083
258084
258088
258094
258095
258100
258103
258107
258118
258123
258133
258134
258145
258151
258152
258168
258177
258183
258184
258185
258195
258196
258200
258202
258203
258208
258210
258228
258230
258233
258235
258241
258247
258249
258250
258251
258252
258254
258255
258256
258261
258265
258266
258271
258281
258282
258300
258303
258320
258332
258335
258337
258338
258356
258358
258359
258385
258397
258398
258405
258406
258414
258422
258425
258433
258436
258437
258439
258444
258453
258458
258460
258463
258464
258472
258493
258496
258497
258499
258508
258522
258523
258525
258529
258538
258548
258554
258559
258566
258581
258583
258590
258597
258598
258599
258610
258611
258613
258614
258615
258617
258624
258628
258631
258635
258637
258652
258668
258670
258671
258676
258686
258695
258697
258701
258705
258707
258708
258737
258739
258740
258749
258759
258768
258777
258781
258786
258787
258789
258791
258801
258802
258807
258808
258811
258815
258821
258829
258832
258835
258837
258838
258839
258841
258881
258882
258891
258899
258908
258913
258920
258921
258931
258932
258936
258941
258942
258950
258952
258953
258955
258972
258986
258989
258991
258994
259000
259008
259009
259012
259013
259018
259019
259030
259037
259042
259044
259056
259058
259070
259090
259091
259096
259097
259102
259110
259132
259135
259137
259139
259141
259151
259155
259163
259170
259178
259180
259182
259185
259189
259190
259191
259213
259220
259221
259234
259235
259237
259240
259246
259247
259253
259264
259265
259269
259282
259283
259286
259290
259307
259310
259315
259316
259325
259328
259331
259333
259334
259336
259338
259340
259341
259351
259352
259355
259356
259361
259365
259368
259378
259380
259383
259386
259391
259399
259401
259402
259404
259405
259408
259411
259416
259418
259435
259440
259443
259448
259453
259465
259468
259471
259475
259478
259481
259487
259489
259492
259493
259501
259506
259508
259510
259512
259513
259522
259535
259536
259539
259543
259544
259547
259551
259558
259561
259566
259572
259579
259583
259586
259589
259590
259591
259596
259612
259615
259616
259621
259623
259624
259625
259631
259637
259644
259661
259665
259672
259674
259678
259688
259693
259694
259710
259717
259724
259728
259746
259752
259757
259759
259764
259777
259779
259783
259787
259789
259797
259807
259817
259820
259821
259823
259827
259828
259841
259848
259849
259859
259866
259871
259874
259875
259876
259882
259884
259885
259886
259891
259893
259894
259896
259899
259900
259904
259910
259921
259928
259931
259938
259949
259951
259956
259960
259961
259962
259972
259980
259982
259988
259990
259999
260003
260005
260019
260022
260033
260035
260036
260037
260042
260045
260056
260058
260071
260074
260079
260081
260086
260090
260095
260106
260117
260125
260130
260140
260167
260175
260187
260190
260192
260203
260208
260217
260219
260220
260222
260223
260224
260225
260226
260228
260234
260236
260237
260239
260245
260248
260249
260275
260277
260278
260285
260293
260294
260300
260302
260317
260320
260321
260324
260325
260330
260338
260343
260344
260348
260352
260356
260364
260373
260377
260382
260389
260392
260399
260400
260404
260406
260412
260418
260429
260430
260437
260438
260450
260451
260457
260459
260470
260471
260483
260517
260520
260524
260527
260528
260536
260547
260560
260562
260565
260567
260568
260574
260582
260584
260587
260596
260605
260606
260612
260615
260621
260622
260624
260633
260645
260649
260658
260661
260665
260670
260673
260674
260680
260685
260700
260706
260712
260720
260730
260732
260735
260740
260742
260746
260749
260755
260764
260774
260776
260777
260778
260781
260786
260789
260792
260793
260798
260799
260804
260808
260811
260817
260834
260839
260842
260845
260846
260866
260869
260874
260876
260886
260903
260909
260915
260920
260921
260923
260924
260929
260936
260939
260947
260951
260955
260959
260963
260970
260978
260985
260993
260997
261017
261021
261024
261029
261033
261038
261041
261044
261051
261055
261059
261060
261062
261067
261070
261081
261083
261085
261086
261089
261095
261100
261108
261127
261137
261140
261141
261143
261147
261150
261155
261157
261167
261168
261170
261172
261174
261177
261183
261195
261207
261211
261212
261214
261216
261220
261226
261229
261230
261234
261238
261246
261248
261256
261257
261278
261286
261288
261289
261293
261298
261305
261311
261315
261321
261323
261324
261327
261332
261342
261353
261357
261361
261365
261383
261386
261401
261406
261417
261419
261420
261421
261424
261432
261433
261435
261437
261441
261442
261444
261454
261461
261464
261466
261467
261484
261487
261489
261495
261500
261505
261509
261510
261511
261512
261517
261521
261523
261524
261526
261539
261546
261548
261549
261561
261565
261569
261574
261577
261578
261579
261583
261586
261588
261597
261602
261622
261623
261631
261632
261657
261662
261671
261672
261675
261676
261681
261686
261690
261691
261698
261703
261709
261710
261719
261721
261724
261726
261760
261764
261769
261773
261778
261782
261801
261804
261806
261807
261812
261813
261822
261824
261827
261834
261848
261856
261863
261869
261870
261871
261885
261887
261905
261910
261928
261931
261934
261937
261943
261946
261950
261957
261962
261964
261981
261987
261994
262000
262001
262003
262018
262025
262030
262037
262048
262050
262052
262053
262057
262058
262072
262082
262085
262090
262092
262098
262099
262101
262120
262125
262128
262129
262132
262137
262138
262139
262143
262154
262158
262160
262168
262169
262172
262175
262177
262179
262190
262202
262203
262205
262206
262214
262221
262224
262225
262226
262227
262230
262235
262237
262250
262278
262286
262291
262300
262304
262312
262315
262320
262327
262331
262336
262338
262339
262341
262342
262347
262348
262349
262354
262360
262362
262368
262369
262396
262401
262403
262404
262407
262408
262409
262410
262420
262428
262436
262447
262448
262458
262460
262463
262468
262475
262477
262482
262485
262488
262489
262491
262495
262498
262501
262502
262506
262507
262510
262511
262512
262516
262517
262518
262520
262523
262532
262534
262536
262542
262544
262548
262553
262556
262568
262569
262571
262574
262576
262577
262580
262589
262591
262601
262602
262610
262620
262622
262630
262638
262640
262642
262643
262649
262650
262654
262655
262658
262664
262669
262673
262676
262681
262690
262702
262711
262714
262719
262723
262730
262732
262742
262743
262745
262750
262755
262756
262766
262772
262774
262782
262789
262790
262792
262802
262810
262811
262814
262823
262824
262831
262833
262849
262850
262851
262864
262868
262872
262882
262893
262914
262915
262918
262923
262924
262937
262940
262944
262945
262951
262963
262967
262974
262975
262981
262984
262987
262988
262990
262991
262992
262994
262999
263000
263001
263004
263006
263008
263009
263013
263016
263026
263027
263028
263036
263041
263050
263054
263056
263060
263065
263067
263083
263087
263094
263096
263100
263104
263105
263109
263117
263132
263142
263147
263150
263161
263163
263165
263170
263174
263180
263182
263189
263191
263192
263194
263207
263229
263231
263233
263239
263243
263247
263256
263257
263261
263266
263270
263271
263277
263289
263302
263303
263305
263317
263318
263323
263324
263340
263344
263347
263353
263368
263377
263378
263379
263382
263386
263390
263419
263422
263425
263427
263430
263441
263446
263450
263451
263452
263459
263473
263480
263482
263485
263486
263498
263500
263504
263506
263514
263519
263524
263533
263534
263537
263540
263549
263553
263555
263556
263559
263562
263568
263585
263587
263594
263609
263613
263614
263620
263623
263634
263640
263641
263651
263658
263662
263668
263670
263671
263677
263682
263688
263690
263694
263695
263697
263703
263711
263722
263724
263725
263745
263747
263753
263754
263760
263763
263767
263769
263774
263777
263781
263786
263788
263794
263804
263806
263811
263819
263825
263829
263831
263844
263857
263866
263872
263879
263880
263885
263886
263892
263894
263895
263906
263909
263918
263922
263928
263930
263942
263943
263960
263961
263976
263979
263985
263988
263993
263994
263995
263996
263998
264003
264008
264012
264013
264020
264023
264026
264027
264035
264036
264038
264041
264053
264069
264070
264078
264084
264093
264098
264100
264101
264108
264114
264119
264121
264124
264132
264139
264141
264146
264147
264151
264154
264159
264160
264164
264166
264172
264175
264176
264182
264185
264190
264200
264216
264221
264227
264240
264246
264248
264252
264259
264266
264269
264271
264274
264281
264286
264288
264294
264297
264309
264317
264319
264323
264325
264326
264341
264347
264351
264356
264359
264363
264370
264384
264385
264390
264393
264396
264398
264411
264412
264414
264424
264428
264432
264433
264435
264442
264444
264452
264453
264455
264457
264466
264467
264473
264476
264477
264479
264490
264498
264515
264520
264522
264525
264526
264535
264542
264551
264552
264564
264565
264570
264590
264592
264599
264600
264603
264612
264613
264631
264634
264642
264644
264646
264647
264649
264653
264660
264663
264670
264678
264682
264690
264696
264698
264700
264706
264709
264713
264716
264717
264743
264744
264749
264754
264760
264762
264768
264769
264774
264780
264792
264814
264820
264821
264822
264829
264834
264838
264840
264846
264849
264856
264866
264868
264875
264881
264886
264888
264892
264898
264905
264909
264912
264916
264919
264921
264922
264924
264942
264944
264946
264953
264957
264963
264984
264987
265004
265010
265011
265014
265027
265032
265040
265043
265053
265062
265069
265070
265074
265083
265091
265092
265096
265107
265109
265123
265128
265129
265132
265133
265138
265139
265148
265152
265155
265161
265165
265167
265175
265178
265192
265199
265201
265203
265208
265209
265212
265213
265216
265218
265224
265227
265264
265274
265277
265279
265285
265290
265291
265296
265297
265301
265306
265307
265309
265317
265322
265326
265337
265341
265347
265349
265354
265355
265367
265369
265375
265387
265392
265393
265398
265403
265406
265408
265410
265420
265425
265428
265437
265441
265443
265445
265447
265449
265464
265468
265482
265488
265501
265503
265508
265511
265515
265518
265524
265530
265531
265539
265543
265546
265549
265550
265559
265575
265579
265582
265604
265614
265616
265620
265625
265627
265635
265640
265645
265659
265660
265669
265671
265672
265676
265685
265687
265691
265693
265696
265697
265701
265703
265706
265716
265720
265728
265730
265732
265746
265752
265760
265765
265769
265776
265781
265784
265789
265791
265792
265804
265807
265819
265827
265828
265833
265841
265843
265848
265880
265883
265884
265891
265892
265895
265911
265914
265915
265916
265917
265922
265933
265944
265946
265961
265962
265970
265971
265975
265977
265979
265980
265996
266010
266016
266017
266020
266024
266029
266031
266033
266036
266038
266043
266045
266062
266066
266070
266073
266087
266094
266098
266102
266108
266128
266134
266135
266137
266141
266142
266145
266156
266157
266158
266171
266178
266180
266181
266183
266185
266190
266193
266196
266197
266199
266208
266213
266222
266225
266232
266237
266240
266251
266255
266260
266261
266263
266268
266270
266271
266273
266276
266279
266282
266284
266287
266296
266300
266301
266302
266305
266310
266318
266323
266325
266332
266341
266344
266348
266360
266375
266380
266381
266386
266392
266394
266415
266418
266428
266432
266439
266445
266447
266451
266462
266471
266472
266474
266475
266479
266482
266487
266490
266494
266503
266516
266518
266521
266527
266531
266535
266537
266541
266545
266553
266560
266561
266566
266574
266589
266590
266591
266597
266602
266603
266604
266606
266610
266612
266619
266622
266627
266628
266636
266655
266657
266659
266661
266664
266666
266668
266675
266685
266686
266694
266703
266705
266706
266707
266708
266724
266740
266744
266756
266765
266775
266784
266790
266795
266797
266802
266805
266810
266812
266813
266816
266821
266824
266833
266836
266837
266843
266853
266860
266861
266870
266872
266875
266885
266889
266892
266897
266900
266903
266904
266907
266921
266926
266930
266931
266933
266942
266948
266953
266960
266966
266968
266969
266978
266988
266999
267003
267004
267011
267028
267033
267042
267046
267048
267055
267057
267063
267065
267066
267071
267074
267079
267097
267100
267101
267106
267110
267113
267114
267127
267139
267141
267142
267158
267162
267164
267166
267175
267181
267192
267207
267208
267212
267213
267217
267224
267226
267228
267231
267249
267250
267251
267254
267256
267263
267264
267271
267272
267274
267277
267287
267288
267295
267296
267302
267310
267311
267317
267320
267323
267328
267329
267332
267337
267340
267345
267346
267359
267361
267368
267375
267386
267389
267398
267402
267404
267406
267423
267427
267435
267437
267443
267446
267448
267449
267454
267456
267457
267461
267474
267479
267483
267486
267490
267508
267512
267514
267515
267516
267526
267527
267535
267565
267567
267572
267574
267577
267581
267583
267589
267596
267617
267630
267631
267632
267641
267649
267656
267660
267664
267674
267677
267680
267681
267686
267689
267691
267694
267700
267702
267717
267723
267726
267729
267735
267737
267738
267742
267746
267748
267749
267753
267757
267762
267764
267776
267780
267783
267794
267795
267796
267799
267809
267812
267819
267822
267826
267827
267833
267851
267852
267855
267856
267857
267859
267861
267868
267869
267871
267873
267885
267888
267895
267898
267906
267908
267912
267919
267925
267940
267944
267949
267950
267952
267966
267981
267982
267984
267988
267990
268005
268019
268021
268023
268024
268039
268040
268043
268049
268055
268063
268071
268073
268075
268082
268089
268091
268093
268097
268115
268119
268129
268151
268152
268153
268162
268165
268181
268184
268186
268192
268193
268199
268210
268211
268226
268239
268240
268245
268246
268250
268256
268257
268262
268265
268266
268273
268279
268287
268288
268293
268294
268297
268303
268306
268311
268315
268318
268323
268336
268342
268348
268350
268354
268370
268379
268384
268387
268391
268404
268405
268406
268409
268418
268426
268438
268441
268442
268443
268448
268451
268452
268459
268462
268473
268477
268493
268494
268496
268497
268499
268503
268508
268512
268518
268520
268522
268530
268531
268536
268540
268543
268555
268560
268561
268563
268569
268579
268591
268595
268599
268601
268604
268609
268617
268621
268623
268631
268634
268640
268645
268647
268650
268662
268667
268671
268675
268676
268679
268684
268694
268699
268700
268701
268707
268726
268727
268730
268734
268738
268751
268770
268783
268789
268792
268797
268804
268807
268809
268810
268811
268823
268827
268833
268839
268843
268845
268847
268852
268864
268868
268880
268881
268882
268885
268886
268893
268896
268898
268900
268902
268903
268906
268913
268917
268927
268930
268934
268938
268939
268950
268960
268962
268965
268968
268969
268970
268971
268978
268982
268987
268991
268992
269015
269023
269026
269027
269028
269033
269037
269039
269045
269050
269055
269056
269057
269064
269065
269067
269075
269077
269078
269085
269086
269100
269109
269121
269124
269125
269127
269129
269131
269135
269140
269141
269142
269143
269150
269152
269155
269162
269172
269174
269194
269197
269198
269207
269210
269211
269213
269215
269221
269222
269226
269227
269229
269232
269240
269244
269250
269251
269256
269257
269258
269260
269263
269265
269266
269276
269306
269314
269348
269349
269353
269367
269368
269371
269373
269376
269378
269385
269386
269387
269388
269392
269398
269399
269401
269406
269410
269414
269415
269416
269423
269431
269434
269441
269450
269459
269462
269469
269474
269476
269477
269479
269484
269487
269490
269504
269506
269516
269529
269532
269536
269538
269539
269540
269541
269548
269556
269566
269567
269573
269577
269581
269594
269604
269606
269624
269630
269640
269644
269646
269647
269648
269657
269658
269667
269668
269670
269672
269674
269678
269681
269683
269687
269701
269707
269713
269720
269721
269722
269737
269739
269741
269744
269751
269757
269765
269768
269776
269778
269785
269790
269794
269796
269797
269798
269802
269804
269811
269814
269818
269821
269826
269835
269840
269841
269844
269846
269852
269854
269857
269862
269866
269869
269871
269872
269875
269880
269881
269884
269892
269899
269901
269906
269911
269912
269917
269923
269925
269926
269927
269929
269932
269941
269944
269948
269953
269955
269965
269979
269980
269984
269985
270010
270016
270020
270032
270034
270038
270042
270051
270055
270057
270068
270072
270079
270088
270089
270107
270108
270114
270125
270127
270130
270136
270144
270145
270146
270148
270150
270151
270152
270157
270158
270167
270173
270177
270191
270204
270218
270219
270221
270234
270237
270244
270245
270251
270253
270262
270269
270278
270280
270281
270282
270283
270294
270303
270305
270321
270323
270328
270330
270348
270352
270355
270366
270367
270368
270370
270373
270375
270379
270381
270385
270388
270393
270401
270403
270412
270413
270414
270422
270427
270432
270437
270439
270442
270451
270468
270469
270480
270497
270499
270512
270513
270515
270522
270527
270530
270534
270542
270545
270547
270553
270563
270564
270570
270577
270578
270579
270584
270590
270608
270614
270616
270620
270623
270632
270634
270636
270641
270644
270649
270670
270684
270691
270693
270712
270714
270725
270731
270732
270736
270741
270745
270747
270749
270753
270757
270758
270759
270761
270768
270771
270775
270776
270777
270778
270782
270788
270796
270801
270803
270830
270834
270835
270837
270850
270852
270860
270861
270866
270879
270881
270882
270892
270895
270903
270904
270908
270920
270921
270922
270928
270929
270930
270934
270937
270940
270948
270958
270959
270960
270961
270971
270974
270987
270991
270992
270993
270996
270997
271004
271006
271014
271018
271024
271028
271030
271032
271033
271040
271046
271050
271057
271071
271076
271078
271086
271093
271102
271104
271116
271118
271120
271123
271128
271133
271145
271151
271154
271160
271161
271165
271176
271177
271179
271183
271184
271190
271193
271199
271202
271209
271210
271228
271240
271257
271259
271263
271266
271267
271272
271276
271283
271284
271287
271289
271290
271295
271296
271303
271308
271328
271332
271337
271342
271345
271357
271362
271365
271372
271388
271400
271416
271418
271420
271425
271428
271429
271435
271441
271453
271462
271463
271468
271473
271477
271480
271481
271487
271491
271492
271495
271504
271506
271512
271524
271531
271539
271547
271549
271554
271562
271563
271570
271572
271584
271590
271600
271625
271635
271636
271646
271649
271650
271659
271663
271674
271683
271691
271692
271697
271703
271705
271712
271715
271716
271721
271725
271747
271751
271752
271756
271765
271772
271773
271778
271783
271785
271788
271799
271800
271801
271810
271815
271816
271819
271826
271827
271836
271843
271845
271848
271849
271853
271859
271866
271871
271884
271887
271889
271896
271912
271914
271917
271920
271926
271941
271945
271950
271957
271964
271966
271970
271980
271993
272001
272013
272018
272021
272029
272030
272031
272035
272036
272046
272053
272062
272067
272068
272072
272077
272085
272086
272088
272091
272092
272094
272102
272104
272105
272107
272108
272115
272128
272130
272136
272139
272149
272152
272156
272157
272160
272168
272174
272175
272176
272179
272188
272190
272214
272221
272229
272233
272234
272236
272240
272244
272250
272259
272262
272271
272272
272275
272276
272279
272296
272297
272298
272305
272307
272311
272316
272325
272332
272333
272339
272343
272347
272358
272366
272369
272395
272401
272408
272410
272411
272414
272420
272421
272424
272427
272429
272434
272444
272445
272447
272462
272472
272475
272478
272480
272485
272486
272487
272503
272505
272511
272514
272515
272521
272529
272539
272546
272553
272561
272567
272570
272576
272580
272587
272588
272590
272596
272599
272601
272607
272609
272610
272611
272612
272613
272617
272623
272625
272627
272640
272642
272648
272650
272652
272655
272656
272665
272666
272668
272694
272695
272697
272700
272716
272718
272726
272727
272729
272735
272736
272741
272747
272749
272753
272754
272756
272771
272774
272780
272781
272786
272792
272798
272802
272818
272824
272826
272830
272831
272845
272848
272853
272861
272863
272871
272878
272893
272897
272900
272903
272904
272906
272909
272933
272935
272936
272941
272945
272946
272960
272961
272962
272968
272973
272985
272988
272996
272999
273000
273004
273007
273011
273016
273026
273028
273036
273037
273039
273046
273054
273056
273082
273088
273089
273098
273099
273102
273109
273110
273113
273115
273122
273133
273135
273140
273144
273151
273164
273165
273187
273189
273192
273195
273197
273201
273203
273206
273208
273210
273211
273219
273220
273225
273226
273247
273251
273252
273262
273268
273269
273271
273272
273277
273280
273283
273285
273287
273295
273296
273297
273310
273313
273325
273328
273335
273340
273347
273348
273350
273352
273354
273359
273362
273369
273377
273378
273383
273392
273396
273402
273403
273404
273418
273422
273424
273426
273429
273430
273431
273432
273433
273439
273443
273448
273452
273462
273465
273471
273483
273487
273497
273503
273504
273507
273518
273519
273525
273543
273546
273547
273551
273552
273560
273563
273574
273576
273580
273585
273593
273597
273600
273605
273625
273627
273628
273629
273630
273634
273636
273641
273644
273646
273650
273656
273659
273665
273670
273683
273696
273699
273702
273705
273714
273721
273729
273732
273733
273734
273735
273737
273738
273746
273753
273754
273758
273765
273770
273771
273772
273774
273776
273779
273781
273792
273794
273804
273806
273821
273829
273839
273851
273857
273865
273871
273878
273886
273890
273894
273899
273906
273908
273909
273911
273925
273927
273932
273939
273942
273943
273946
273959
273972
273981
273984
273987
273993
274006
274007
274008
274009
274012
274015
274017
274018
274022
274023
274036
274037
274043
274045
274046
274057
274065
274073
274077
274082
274087
274093
274101
274103
274108
274110
274116
274118
274124
274125
274129
274132
274134
274141
274144
274149
274156
274159
274161
274165
274188
274195
274200
274224
274237
274239
274244
274253
274265
274267
274270
274275
274278
274279
274280
274281
274286
274293
274294
274299
274306
274307
274309
274313
274315
274316
274318
274319
274322
274324
274330
274331
274334
274336
274337
274343
274350
274351
274367
274371
274377
274382
274383
274398
274399
274405
274412
274413
274418
274422
274424
274425
274436
274450
274461
274465
274467
274475
274482
274493
274494
274509
274511
274512
274514
274529
274532
274533
274535
274537
274553
274557
274561
274564
274565
274569
274577
274580
274582
274585
274598
274610
274613
274615
274620
274629
274633
274635
274640
274654
274655
274656
274657
274666
274674
274677
274682
274683
274684
274685
274687
274688
274704
274707
274732
274738
274746
274759
274762
274763
274767
274771
274774
274775
274782
274790
274796
274798
274801
274802
274804
274806
274824
274830
274833
274850
274854
274855
274860
274863
274873
274878
274890
274891
274905
274906
274911
274912
274918
274924
274931
274932
274936
274943
274944
274955
274979
274980
274990
274997
274999
275000
275002
275004
275011
275013
275015
275023
275031
275032
275037
275042
275046
275050
275051
275052
275058
275091
275106
275110
275119
275123
275127
275137
275139
275142
275144
275147
275149
275162
275169
275179
275191
275198
275199
275201
275203
275207
275209
275213
275220
275227
275235
275239
275240
275242
275248
275253
275254
275261
275268
275272
275273
275277
275283
275285
275287
275292
275293
275296
275300
275303
275304
275305
275308
275314
275316
275320
275327
275338
275345
275359
275361
275364
275367
275378
275386
275388
275392
275399
275400
275401
275405
275413
275420
275422
275424
275426
275428
275434
275439
275442
275461
275478
275481
275485
275490
275491
275496
275497
275499
275503
275514
275515
275522
275527
275528
275535
275538
275544
275545
275546
275548
275559
275570
275571
275582
275587
275592
275594
275598
275600
275611
275613
275615
275616
275617
275635
275636
275639
275640
275642
275663
275665
275669
275670
275678
275679
275698
275718
275726
275730
275733
275737
275740
275747
275749
275750
275759
275760
275761
275765
275767
275774
275778
275786
275787
275789
275792
275795
275797
275802
275806
275818
275820
275822
275828
275829
275831
275832
275838
275841
275846
275859
275860
275869
275871
275880
275884
275892
275898
275900
275901
275902
275906
275908
275909
275912
275915
275916
275918
275936
275940
275941
275945
275950
275954
275960
275968
275972
275979
275988
275992
275996
276000
276010
276014
276015
276016
276019
276021
276022
276024
276027
276029
276035
276043
276045
276054
276058
276062
276063
276064
276077
276079
276082
276083
276085
276096
276116
276118
276122
276135
276137
276143
276145
276149
276154
276158
276160
276168
276178
276190
276191
276194
276202
276205
276206
276210
276218
276220
276222
276223
276238
276248
276257
276262
276269
276271
276278
276281
276288
276296
276300
276309
276315
276324
276325
276333
276336
276341
276344
276350
276353
276356
276366
276371
276372
276373
276377
276391
276393
276394
276403
276422
276423
276425
276427
276428
276433
276437
276445
276448
276452
276454
276463
276465
276467
276481
276484
276487
276490
276501
276505
276514
276521
276524
276525
276529
276544
276545
276552
276560
276561
276564
276571
276572
276575
276580
276581
276585
276589
276593
276595
276599
276616
276617
276621
276627
276628
276631
276634
276664
276670
276671
276675
276678
276681
276683
276686
276692
276696
276698
276699
276703
276704
276711
276715
276716
276722
276723
276727
276729
276733
276735
276737
276750
276751
276770
276773
276776
276780
276792
276797
276798
276803
276816
276820
276823
276824
276826
276828
276831
276834
276839
276841
276843
276847
276850
276869
276876
276877
276880
276882
276887
276890
276891
276895
276897
276898
276902
276904
276910
276913
276918
276925
276927
276929
276944
276954
276959
276962
276963
276965
276966
276970
276972
276974
276978
276979
276992
276993
276995
277002
277003
277006
277007
277008
277011
277015
277017
277022
277026
277033
277036
277045
277046
277047
277050
277055
277061
277065
277066
277092
277097
277102
277108
277114
277115
277117
277119
277123
277128
277129
277131
277135
277137
277139
277140
277141
277146
277152
277163
277166
277174
277184
277187
277194
277197
277203
277204
277215
277217
277221
277222
277232
277233
277234
277247
277253
277254
277258
277269
277274
277285
277291
277299
277313
277316
277323
277326
277330
277331
277338
277346
277347
277349
277350
277351
277352
277353
277354
277365
277367
277370
277371
277372
277374
277381
277382
277386
277387
277392
277406
277413
277417
277426
277427
277434
277439
277444
277447
277453
277454
277456
277468
277472
277475
277481
277488
277492
277515
277523
277524
277527
277529
277531
277532
277542
277544
277551
277557
277567
277573
277576
277581
277583
277593
277594
277597
277599
277602
277605
277607
277613
277615
277618
277623
277641
277643
277647
277650
277652
277654
277662
277663
277667
277668
277672
277673
277674
277678
277680
277681
277684
277687
277693
277694
277700
277701
277706
277712
277718
277725
277728
277731
277744
277747
277748
277766
277775
277779
277782
277783
277785
277786
277789
277790
277811
277814
277816
277818
277827
277828
277838
277844
277849
277855
277856
277859
277869
277875
277885
277887
277890
277896
277897
277898
277904
277905
277906
277913
277914
277917
277927
277929
277931
277933
277934
277947
277958
277971
277987
277994
277999
278001
278008
278018
278019
278022
278023
278029
278035
278040
278046
278052
278053
278057
278065
278068
278075
278077
278082
278083
278084
278088
278093
278103
278109
278110
278112
278116
278122
278125
278132
278134
278137
278140
278141
278150
278153
278156
278162
278164
278165
278168
278172
278181
278192
278200
278203
278204
278205
278224
278225
278233
278240
278243
278251
278253
278258
278260
278265
278266
278267
278268
278272
278273
278274
278278
278292
278293
278295
278296
278297
278306
278309
278310
278312
278313
278320
278321
278325
278335
278337
278338
278350
278355
278356
278358
278359
278372
278375
278379
278381
278382
278393
278394
278400
278404
278405
278415
278418
278419
278431
278432
278433
278438
278440
278441
278450
278455
278460
278461
278463
278465
278468
278470
278478
278485
278490
278493
278497
278498
278500
278503
278505
278507
278508
278515
278518
278521
278524
278526
278527
278528
278536
278538
278540
278543
278544
278555
278556
278559
278560
278562
278568
278570
278579
278589
278597
278600
278604
278607
278609
278615
278622
278624
278625
278635
278639
278644
278659
278664
278666
278673
278674
278680
278681
278685
278688
278691
278694
278696
278702
278714
278716
278722
278726
278733
278737
278743
278752
278753
278766
278769
278776
278784
278785
278786
278790
278799
278805
278808
278809
278828
278830
278834
278848
278849
278853
278855
278858
278863
278870
278871
278875
278879
278881
278882
278884
278889
278900
278906
278912
278913
278916
278923
278927
278928
278930
278933
278935
278944
278951
278955
278956
278965
278967
278969
278972
278976
278984
278995
278996
278999
279000
279007
279011
279021
279023
279024
279030
279038
279042
279067
279071
279076
279086
279088
279089
279095
279099
279100
279104
279107
279116
279119
279124
279133
279135
279137
279141
279143
279146
279149
279151
279152
279154
279157
279159
279176
279180
279183
279184
279196
279201
279210
279215
279216
279220
279228
279229
279239
279240
279241
279248
279254
279255
279266
279267
279274
279287
279292
279295
279296
279301
279304
279308
279310
279315
279325
279336
279337
279338
279339
279341
279343
279347
279348
279355
279356
279366
279367
279373
279381
279384
279388
279389
279390
279393
279397
279411
279412
279416
279419
279421
279424
279431
279435
279444
279454
279457
279464
279465
279466
279478
279480
279483
279485
279489
279490
279491
279493
279500
279507
279520
279524
279527
279530
279535
279541
279559
279561
279564
279572
279573
279575
279581
279583
279586
279589
279592
279597
279601
279607
279616
279621
279623
279629
279631
279635
279636
279638
279641
279653
279657
279659
279667
279670
279673
279677
279678
279680
279681
279686
279698
279699
279705
279709
279711
279715
279716
279720
279725
279732
279748
279753
279761
279766
279770
279773
279776
279777
279782
279784
279785
279786
279788
279790
279791
279792
279794
279795
279797
279800
279802
279804
279811
279818
279822
279825
279826
279829
279835
279837
279838
279840
279847
279849
279850
279866
279869
279878
279883
279886
279888
279889
279896
279909
279917
279924
279927
279928
279931
279933
279937
279944
279945
279946
279948
279949
279950
279951
279968
279969
279971
279979
279985
279988
279989
279993
280002
280008
280011
280018
280020
280023
280025
280027
280034
280036
280041
280043
280048
280062
280064
280066
280067
280073
280074
280078
280081
280085
280092
280098
280101
280102
280105
280113
280121
280128
280141
280145
280147
280159
280161
280169
280174
280177
280185
280186
280203
280207
280216
280221
280227
280234
280235
280236
280241
280243
280248
280252
280254
280260
280264
280266
280271
280272
280275
280285
280287
280298
280306
280308
280328
280329
280352
280358
280362
280379
280380
280386
280390
280391
280392
280393
280395
280408
280429
280430
280445
280450
280453
280456
280476
280478
280483
280488
280489
280493
280495
280502
280511
280513
280523
280526
280527
280528
280529
280530
280531
280532
280543
280545
280546
280547
280548
280550
280552
280554
280556
280562
280564
280565
280566
280567
280569
280573
280580
280582
280590
280596
280602
280607
280618
280625
280627
280629
280630
280638
280640
280641
280642
280650
280655
280657
280664
280666
280667
280671
280675
280677
280678
280679
280690
280700
280708
280721
280723
280725
280727
280732
280733
280761
280764
280765
280766
280770
280771
280774
280781
280782
280803
280804
280806
280810
280812
280819
280820
280821
280841
280849
280850
280857
280859
280860
280862
280867
280874
280876
280882
280885
280895
280903
280905
280907
280912
280921
280925
280926
280933
280942
280944
280945
280950
280958
280962
280968
280971
280980
280981
280983
280984
280985
280987
280988
281002
281007
281008
281016
281019
281020
281026
281034
281041
281042
281044
281061
281065
281068
281075
281084
281085
281088
281091
281094
281095
281100
281105
281117
281123
281126
281127
281133
281135
281141
281144
281146
281149
281150
281156
281162
281163
281170
281174
281175
281178
281179
281181
281185
281190
281196
281197
281201
281205
281209
281211
281213
281216
281230
281252
281259
281264
281266
281267
281269
281272
281274
281277
281283
281284
281289
281291
281292
281296
281298
281317
281328
281332
281334
281337
281344
281361
281364
281366
281367
281371
281374
281381
281382
281393
281396
281398
281401
281409
281420
281430
281446
281448
281456
281458
281461
281463
281466
281475
281479
281488
281497
281504
281506
281508
281511
281521
281522
281523
281525
281527
281539
281564
281565
281567
281575
281576
281585
281588
281590
281593
281606
281607
281613
281617
281621
281643
281649
281651
281652
281656
281660
281669
281671
281672
281678
281682
281683
281704
281707
281724
281728
281733
281734
281742
281750
281753
281754
281755
281762
281764
281770
281771
281774
281785
281787
281789
281793
281798
281801
281811
281813
281816
281820
281824
281827
281829
281843
281844
281845
281848
281849
281850
281856
281860
281862
281866
281876
281877
281883
281891
281893
281897
281898
281899
281903
281904
281905
281908
281917
281924
281925
281928
281929
281935
281938
281953
281956
281960
281962
281965
281968
281970
281982
281993
281994
281995
281997
282000
282002
282003
282007
282012
282018
282023
282033
282035
282037
282040
282041
282046
282050
282052
282066
282067
282069
282070
282074
282075
282078
282079
282081
282087
282089
282092
282100
282102
282109
282113
282117
282120
282121
282126
282127
282129
282132
282137
282154
282155
282156
282158
282160
282163
282170
282175
282179
282182
282189
282192
282194
282195
282203
282205
282208
282210
282211
282213
282227
282228
282231
282245
282246
282260
282281
282284
282286
282287
282295
282298
282299
282300
282310
282311
282316
282318
282322
282326
282327
282330
282334
282335
282336
282345
282350
282351
282353
282356
282358
282363
282380
282381
282388
282389
282390
282395
282398
282405
282407
282412
282425
282435
282443
282445
282447
282450
282454
282456
282461
282469
282477
282478
282487
282498
282501
282502
282503
282530
282531
282532
282536
282537
282538
282546
282550
282551
282555
282558
282559
282563
282564
282568
282572
282579
282583
282584
282590
282603
282606
282617
282619
282621
282626
282629
282630
282637
282638
282644
282651
282665
282674
282676
282677
282694
282695
282696
282701
282709
282713
282715
282718
282724
282730
282732
282736
282750
282757
282760
282762
282765
282767
282772
282775
282778
282780
282787
282788
282792
282796
282797
282799
282810
282819
282837
282843
282844
282846
282854
282859
282860
282862
282877
282887
282890
282892
282896
282916
282927
282931
282934
282938
282945
282957
282966
282979
282997
283002
283003
283006
283007
283009
283022
283024
283027
283028
283032
283044
283055
283056
283057
283058
283059
283061
283069
283073
283076
283079
283082
283086
283088
283095
283096
283100
283104
283113
283117
283131
283134
283136
283139
283140
283150
283156
283158
283161
283163
283170
283184
283187
283192
283204
283207
283210
283218
283224
283225
283234
283244
283254
283261
283266
283274
283276
283281
283284
283285
283297
283301
283303
283319
283328
283330
283341
283348
283372
283374
283375
283377
283378
283379
283382
283386
283388
283391
283397
283402
283408
283420
283423
283425
283427
283437
283440
283447
283450
283452
283454
283461
283462
283463
283467
283471
283472
283473
283477
283481
283489
283491
283494
283495
283500
283502
283505
283506
283510
283515
283519
283520
283523
283525
283527
283530
283533
283540
283546
283548
283574
283577
283578
283585
283587
283593
283606
283607
283609
283611
283612
283614
283616
283629
283636
283638
283645
283647
283649
283655
283656
283660
283663
283665
283670
283671
283675
283678
283685
283688
283689
283691
283693
283694
283696
283700
283709
283716
283717
283718
283721
283722
283726
283734
283735
283738
283742
283752
283759
283772
283777
283778
283779
283781
283783
283792
283797
283798
283800
283805
283806
283812
283814
283818
283822
283824
283825
283827
283828
283832
283837
283841
283850
283854
283865
283871
283878
283892
283895
283899
283900
283901
283903
283906
283916
283923
283926
283932
283935
283939
283944
283947
283951
283953
283955
283957
283966
283968
283973
283974
283987
283997
284002
284005
284011
284015
284019
284020
284026
284028
284033
284051
284053
284062
284064
284067
284068
284071
284072
284077
284095
284096
284098
284100
284107
284120
284135
284140
284143
284145
284155
284166
284175
284182
284187
284196
284200
284202
284203
284206
284207
284216
284223
284227
284232
284238
284244
284254
284259
284260
284266
284270
284277
284299
284301
284303
284305
284314
284315
284327
284329
284331
284340
284343
284354
284357
284361
284365
284382
284384
284387
284389
284390
284392
284394
284397
284405
284407
284419
284428
284429
284430
284435
284437
284440
284460
284461
284465
284469
284471
284473
284485
284491
284494
284499
284508
284515
284516
284523
284534
284536
284541
284542
284543
284555
284568
284571
284573
284577
284580
284582
284584
284586
284591
284592
284606
284607
284610
284618
284628
284636
284640
284642
284652
284655
284659
284665
284670
284680
284681
284682
284683
284690
284696
284698
284700
284710
284715
284718
284726
284729
284730
284732
284735
284737
284745
284748
284755
284761
284764
284766
284767
284770
284774
284790
284792
284794
284795
284796
284797
284798
284801
284809
284813
284817
284825
284834
284841
284843
284853
284855
284858
284860
284862
284865
284875
284889
284891
284892
284897
284904
284909
284916
284920
284921
284925
284926
284929
284932
284940
284953
284962
284965
284975
284980
284987
284992
284993
284994
285001
285004
285007
285016
285017
285020
285025
285034
285035
285036
285037
285041
285056
285067
285068
285069
285102
285104
285110
285112
285114
285121
285126
285128
285133
285134
285144
285146
285151
285154
285155
285157
285159
285168
285172
285175
285177
285180
285192
285205
285206
285222
285224
285225
285227
285230
285238
285249
285261
285269
285277
285288
285291
285306
285311
285318
285325
285331
285337
285348
285349
285350
285361
285364
285368
285370
285385
285386
285387
285388
285389
285392
285393
285399
285407
285408
285412
285416
285417
285424
285427
285429
285438
285450
285452
285457
285463
285466
285468
285472
285477
285478
285481
285485
285488
285497
285502
285507
285514
285517
285519
285530
285535
285536
285546
285551
285554
285556
285558
285559
285572
285574
285576
285577
285581
285584
285590
285591
285596
285606
285623
285624
285625
285634
285638
285643
285649
285655
285656
285662
285663
285676
285684
285687
285688
285690
285697
285709
285710
285711
285718
285721
285728
285729
285730
285739
285741
285742
285752
285763
285769
285770
285774
285775
285785
285791
285793
285801
285802
285808
285811
285815
285817
285820
285826
285833
285835
285845
285857
285875
285879
285882
285885
285899
285902
285904
285905
285908
285916
285935
285940
285941
285945
285952
285953
285954
285960
285979
285985
286000
286007
286008
286011
286021
286026
286032
286040
286054
286057
286063
286090
286093
286105
286107
286109
286111
286118
286122
286123
286131
286134
286136
286137
286140
286141
286143
286148
286173
286179
286189
286190
286203
286204
286206
286212
286217
286224
286227
286234
286235
286240
286249
286252
286263
286265
286269
286272
286275
286283
286284
286287
286299
286301
286304
286305
286306
286316
286318
286326
286338
286339
286341
286348
286350
286356
286357
286360
286363
286367
286369
286373
286375
286376
286382
286403
286405
286407
286413
286426
286435
286440
286448
286449
286460
286463
286477
286478
286481
286491
286498
286499
286500
286501
286507
286508
286510
286519
286523
286524
286526
286530
286535
286536
286544
286547
286556
286561
286563
286569
286570
286571
286573
286578
286582
286593
286604
286607
286613
286623
286639
286643
286646
286651
286653
286654
286658
286665
286666
286678
286691
286712
286713
286715
286716
286719
286727
286737
286738
286739
286746
286756
286758
286761
286762
286764
286767
286771
286779
286781
286782
286787
286788
286791
286795
286796
286801
286806
286819
286822
286823
286829
286831
286849
286851
286854
286869
286878
286879
286880
286884
286893
286903
286907
286909
286914
286915
286920
286927
286932
286943
286970
286975
286976
286977
286983
286988
286993
286995
286997
287001
287018
287020
287026
287030
287047
287071
287072
287076
287077
287078
287079
287089
287098
287099
287104
287108
287112
287116
287118
287126
287127
287129
287133
287135
287139
287141
287142
287150
287154
287162
287164
287168
287172
287183
287188
287192
287197
287207
287212
287213
287222
287229
287230
287241
287248
287254
287264
287265
287268
287272
287281
287282
287292
287293
287294
287306
287307
287309
287312
287318
287330
287331
287335
287347
287348
287363
287365
287370
287377
287382
287390
287391
287394
287405
287414
287423
287436
287438
287441
287445
287451
287457
287458
287481
287490
287494
287498
287502
287506
287521
287524
287529
287533
287536
287537
287541
287542
287544
287549
287554
287555
287561
287563
287565
287568
287573
287576
287577
287581
287587
287589
287594
287596
287600
287603
287604
287605
287610
287612
287613
287615
287620
287621
287649
287654
287655
287656
287660
287664
287666
287673
287676
287677
287678
287683
287684
287686
287692
287696
287700
287702
287711
287713
287717
287721
287722
287723
287728
287731
287732
287752
287754
287766
287768
287778
287783
287784
287793
287798
287802
287811
287816
287819
287826
287829
287835
287839
287842
287845
287850
287855
287856
287864
287866
287872
287886
287896
287900
287904
287910
287913
287916
287922
287926
287927
287932
287935
287942
287944
287947
287948
287949
287951
287958
287959
287968
287973
287975
287979
287990
287995
288000
288014
288023
288024
288025
288028
288031
288037
288039
288040
288054
288055
288056
288060
288061
288063
288085
288087
288100
288105
288108
288112
288113
288114
288117
288122
288136
288139
288141
288150
288158
288166
288170
288174
288175
288178
288180
288181
288187
288188
288191
288194
288196
288199
288201
288203
288210
288211
288214
288219
288223
288227
288228
288233
288234
288235
288237
288242
288244
288255
288261
288263
288265
288269
288271
288285
288288
288291
288295
288297
288299
288301
288303
288323
288329
288335
288340
288343
288349
288360
288362
288363
288377
288378
288382
288384
288391
288395
288403
288404
288417
288420
288425
288427
288431
288436
288437
288442
288446
288454
288458
288460
288471
288474
288477
288480
288481
288489
288491
288495
288504
288507
288516
288517
288520
288526
288529
288530
288532
288533
288538
288550
288552
288555
288556
288558
288560
288569
288576
288578
288579
288586
288589
288593
288599
288603
288611
288615
288621
288634
288647
288651
288662
288665
288667
288669
288672
288674
288677
288679
288680
288686
288693
288698
288699
288704
288717
288723
288724
288727
288728
288732
288742
288750
288751
288757
288760
288764
288767
288770
288773
288778
288783
288787
288791
288797
288798
288801
288802
288808
288821
288824
288827
288831
288834
288838
288854
288867
288869
288871
288881
288883
288885
288891
288892
288898
288906
288908
288911
288918
288934
288935
288940
288941
288944
288948
288949
288957
288962
288964
288966
288972
288973
288983
288988
288994
289009
289012
289013
289014
289015
289028
289030
289035
289036
289043
289056
289061
289066
289071
289072
289073
289076
289080
289090
289094
289095
289100
289105
289107
289110
289113
289118
289119
289125
289129
289138
289139
289141
289142
289147
289148
289151
289152
289156
289159
289167
289174
289179
289189
289195
289196
289204
289206
289208
289211
289220
289235
289243
289257
289266
289273
289284
289291
289298
289299
289302
289303
289304
289305
289308
289311
289323
289324
289325
289327
289333
289341
289342
289344
289347
289357
289366
289373
289375
289377
289382
289390
289391
289395
289396
289399
289404
289409
289411
289417
289420
289426
289428
289432
289434
289443
289445
289452
289454
289458
289476
289479
289488
289489
289494
289499
289501
289509
289513
289523
289535
289538
289539
289540
289542
289551
289554
289562
289571
289573
289578
289579
289584
289593
289594
289595
289603
289608
289611
289612
289613
289614
289621
289640
289643
289644
289646
289649
289656
289661
289665
289669
289670
289677
289678
289679
289686
289687
289690
289692
289696
289701
289707
289708
289717
289719
289721
289725
289735
289741
289744
289747
289752
289754
289755
289759
289761
289768
289770
289776
289778
289792
289795
289803
289805
289818
289825
289826
289831
289836
289839
289843
289854
289867
289870
289872
289878
289889
289895
289896
289898
289900
289901
289905
289913
289929
289937
289942
289958
289964
289968
289969
289975
289978
289979
289981
289987
289989
289993
289995
289999
290002
290006
290009
290011
290012
290016
290044
290045
290048
290053
290059
290061
290062
290075
290077
290079
290085
290093
290095
290098
290105
290122
290128
290129
290132
290149
290158
290163
290166
290167
290173
290181
290190
290192
290200
290201
290202
290209
290217
290221
290222
290224
290235
290238
290240
290241
290245
290246
290250
290255
290256
290257
290258
290264
290269
290270
290271
290276
290284
290288
290300
290304
290308
290317
290319
290323
290330
290333
290337
290338
290342
290349
290351
290353
290356
290363
290364
290371
290373
290375
290384
290393
290399
290400
290405
290411
290415
290426
290432
290433
290434
290435
290451
290455
290460
290470
290471
290475
290480
290482
290486
290493
290497
290500
290501
290503
290506
290509
290514
290515
290518
290520
290521
290522
290533
290535
290538
290539
290540
290544
290547
290551
290560
290563
290566
290575
290578
290581
290585
290588
290599
290608
290612
290622
290628
290629
290632
290636
290638
290649
290664
290667
290668
290676
290680
290693
290699
290707
290708
290712
290721
290725
290738
290746
290749
290753
290756
290763
290768
290776
290777
290782
290783
290787
290795
290805
290807
290816
290817
290826
290829
290838
290841
290844
290845
290846
290847
290848
290854
290861
290867
290875
290880
290884
290885
290888
290890
290895
290897
290908
290909
290910
290919
290920
290944
290957
290960
290966
290971
290981
290982
290991
290992
290997
291003
291018
291020
291021
291022
291024
291025
291027
291028
291033
291037
291038
291042
291047
291048
291049
291052
291059
291070
291075
291076
291114
291116
291117
291121
291125
291127
291128
291135
291136
291137
291145
291157
291168
291173
291181
291183
291188
291197
291199
291209
291216
291223
291229
291239
291241
291265
291267
291271
291272
291274
291291
291295
291297
291305
291307
291313
291316
291328
291330
291353
291358
291365
291366
291371
291375
291381
291386
291388
291389
291393
291396
291416
291428
291430
291439
291451
291456
291463
291467
291468
291472
291474
291482
291492
291506
291509
291510
291517
291521
291525
291527
291530
291532
291538
291539
291553
291558
291565
291577
291579
291580
291585
291587
291594
291595
291598
291603
291604
291605
291618
291630
291632
291634
291635
291640
291645
291647
291656
291657
291661
291667
291675
291678
291682
291683
291685
291691
291692
291701
291710
291717
291719
291725
291730
291731
291736
291738
291747
291749
291751
291765
291766
291771
291781
291783
291788
291789
291792
291799
291809
291817
291826
291832
291835
291839
291844
291852
291853
291866
291867
291870
291873
291878
291887
291892
291896
291900
291907
291908
291911
291912
291928
291943
291944
291946
291960
291963
291965
291971
291973
291976
291985
291990
291992
291994
291995
292009
292030
292033
292035
292044
292048
292049
292050
292053
292054
292058
292062
292063
292066
292072
292076
292084
292095
292101
292102
292104
292110
292111
292115
292120
292125
292136
292138
292139
292143
292154
292155
292176
292182
292193
292202
292203
292205
292211
292220
292223
292230
292231
292233
292238
292239
292247
292249
292251
292267
292272
292276
292283
292300
292305
292306
292322
292326
292333
292336
292337
292339
292352
292363
292366
292380
292385
292388
292392
292393
292400
292401
292403
292407
292414
292415
292430
292436
292437
292451
292454
292461
292463
292474
292476
292483
292488
292489
292490
292509
292512
292527
292534
292537
292538
292542
292546
292551
292554
292560
292563
292574
292576
292587
292591
292592
292593
292594
292597
292600
292604
292607
292610
292611
292618
292620
292622
292624
292625
292628
292636
292637
292646
292654
292655
292658
292664
292668
292671
292672
292673
292675
292676
292677
292682
292683
292697
292699
292701
292703
292704
292712
292720
292722
292729
292733
292746
292747
292751
292755
292760
292767
292770
292776
292781
292784
292787
292807
292830
292840
292853
292854
292855
292858
292859
292868
292874
292879
292908
292913
292915
292922
292925
292932
292966
292968
292969
292970
292972
292979
292980
292993
292995
293001
293012
293013
293027
293028
293031
293033
293038
293043
293044
293048
293051
293061
293066
293073
293083
293084
293088
293089
293099
293101
293109
293112
293115
293117
293122
293125
293135
293136
293138
293140
293147
293164
293171
293176
293181
293184
293188
293189
293193
293194
293199
293208
293211
293214
293220
293231
293241
293245
293254
293257
293262
293263
293265
293270
293271
293273
293274
293282
293284
293286
293293
293297
293298
293306
293307
293309
293312
293316
293320
293321
293323
293327
293334
293353
293359
293360
293361
293368
293380
293394
293395
293406
293415
293417
293418
293420
293429
293431
293432
293444
293447
293448
293456
293458
293459
293469
293472
293473
293474
293479
293482
293483
293488
293490
293492
293494
293496
293497
293508
293511
293512
293520
293525
293532
293539
293541
293542
293544
293548
293555
293559
293571
293572
293575
293578
293583
293603
293606
293623
293624
293627
293631
293636
293642
293651
293659
293664
293669
293673
293688
293693
293698
293700
293701
293704
293705
293712
293713
293716
293717
293720
293722
293723
293727
293741
293747
293748
293753
293763
293767
293771
293773
293783
293787
293788
293790
293791
293797
293800
293802
293816
293827
293829
293830
293831
293844
293856
293858
293861
293862
293863
293864
293876
293886
293893
293894
293899
293907
293916
293923
293928
293929
293931
293943
293945
293948
293953
293954
293955
293956
293958
293962
293970
293971
293977
293978
293979
293984
293993
293994
293996
293997
293999
294002
294005
294012
294015
294022
294023
294024
294043
294045
294047
294048
294049
294051
294053
294058
294065
294073
294075
294079
294088
294096
294099
294102
294107
294113
294115
294118
294119
294121
294122
294123
294132
294138
294143
294144
294145
294150
294155
294157
294169
294183
294184
294192
294193
294196
294200
294202
294206
294208
294209
294219
294226
294227
294229
294230
294232
294235
294242
294245
294248
294273
294284
294289
294292
294300
294301
294306
294307
294310
294313
294314
294328
294341
294343
294344
294345
294346
294349
294351
294354
294355
294358
294359
294364
294366
294371
294372
294377
294381
294392
294393
294399
294400
294406
294408
294411
294414
294415
294418
294426
294430
294445
294450
294453
294461
294462
294494
294497
294503
294515
294520
294526
294528
294541
294547
294549
294552
294553
294562
294576
294578
294584
294588
294591
294592
294595
294598
294601
294604
294615
294620
294638
294639
294646
294655
294661
294674
294685
294686
294687
294689
294691
294695
294701
294707
294710
294716
294717
294724
294727
294729
294730
294734
294737
294742
294750
294759
294766
294767
294782
294787
294789
294790
294807
294808
294811
294816
294820
294822
294835
294837
294840
294843
294844
294845
294848
294854
294858
294859
294863
294870
294871
294879
294880
294882
294885
294893
294896
294898
294906
294917
294926
294931
294937
294949
294951
294955
294962
294967
294974
294982
294990
294995
294996
295002
295010
295011
295012
295022
295037
295038
295048
295062
295078
295082
295086
295088
295090
295094
295099
295101
295105
295110
295115
295116
295124
295126
295129
295135
295141
295143
295153
295159
295163
295166
295168
295177
295181
295186
295187
295188
295192
295194
295204
295205
295208
295213
295218
295222
295228
295229
295241
295242
295249
295255
295259
295261
295262
295263
295266
295267
295269
295270
295274
295276
295280
295281
295285
295290
295295
295304
295305
295310
295316
295319
295323
295337
295362
295365
295371
295372
295375
295387
295392
295399
295400
295403
295404
295406
295418
295420
295424
295432
295435
295439
295444
295447
295448
295460
295469
295470
295476
295488
295493
295500
295501
295503
295509
295511
295512
295517
295520
295523
295530
295541
295542
295550
295558
295559
295588
295590
295598
295616
295618
295622
295626
295629
295630
295635
295637
295638
295648
295656
295667
295679
295681
295685
295687
295696
295698
295700
295704
295705
295707
295708
295709
295719
295730
295731
295733
295740
295741
295759
295760
295761
295764
295768
295781
295793
295814
295816
295818
295820
295824
295827
295830
295832
295835
295836
295849
295851
295853
295859
295860
295864
295865
295870
295878
295886
295890
295897
295903
295911
295918
295920
295923
295941
295942
295949
295954
295957
295964
295966
295976
295980
295986
295988
295991
295994
295999
296000
296004
296009
296015
296019
296025
296028
296033
296037
296039
296057
296068
296070
296073
296087
296090
296093
296095
296100
296117
296121
296137
296145
296148
296155
296157
296158
296163
296165
296166
296171
296175
296179
296180
296182
296189
296192
296193
296197
296199
296202
296204
296245
296257
296261
296263
296265
296266
296267
296269
296271
296272
296274
296278
296279
296288
296291
296296
296300
296302
296312
296324
296326
296327
296328
296329
296333
296339
296341
296342
296354
296356
296366
296372
296376
296378
296380
296383
296392
296393
296395
296396
296412
296414
296418
296428
296430
296432
296450
296463
296466
296476
296478
296482
296495
296503
296504
296505
296520
296532
296541
296542
296544
296545
296547
296552
296566
296567
296571
296575
296577
296583
296593
296594
296595
296607
296609
296611
296614
296617
296623
296631
296634
296635
296645
296646
296656
296660
296662
296664
296667
296670
296671
296675
296677
296685
296697
296698
296709
296711
296714
296718
296719
296728
296735
296736
296737
296755
296757
296758
296760
296762
296765
296772
296777
296779
296783
296787
296788
296790
296796
296801
296808
296811
296814
296819
296820
296824
296825
296832
296836
296839
296850
296853
296859
296871
296872
296894
296897
296911
296922
296927
296929
296933
296934
296938
296947
296951
296956
296959
296962
296963
296972
296977
297008
297017
297018
297030
297039
297040
297041
297053
297056
297060
297061
297071
297075
297077
297082
297086
297090
297092
297093
297094
297105
297109
297122
297125
297131
297136
297142
297154
297155
297158
297163
297164
297198
297199
297205
297218
297227
297229
297232
297245
297257
297258
297260
297261
297264
297273
297277
297281
297282
297283
297294
297296
297302
297307
297308
297322
297323
297328
297330
297333
297341
297347
297348
297349
297350
297351
297355
297367
297369
297370
297373
297375
297381
297384
297386
297392
297393
297397
297405
297406
297420
297423
297426
297432
297433
297438
297439
297444
297450
297451
297462
297464
297473
297474
297480
297506
297512
297517
297523
297527
297528
297534
297544
297551
297554
297555
297564
297567
297569
297570
297577
297583
297588
297592
297594
297595
297597
297602
297612
297613
297618
297621
297623
297626
297629
297632
297633
297635
297637
297638
297639
297640
297641
297647
297649
297651
297653
297656
297659
297665
297668
297669
297674
297688
297700
297702
297704
297706
297715
297716
297719
297720
297724
297725
297734
297737
297740
297744
297746
297753
297755
297760
297763
297764
297765
297766
297767
297771
297774
297779
297781
297795
297796
297799
297802
297805
297812
297818
297820
297829
297833
297836
297866
297867
297872
297879
297880
297887
297893
297897
297899
297901
297904
297905
297920
297921
297922
297928
297942
297944
297947
297951
297954
297961
297978
297983
297985
297987
297990
297994
297998
298002
298015
298016
298026
298031
298035
298037
298041
298044
298046
298047
298050
298051
298054
298068
298074
298075
298077
298078
298079
298080
298089
298098
298109
298121
298123
298141
298143
298145
298149
298157
298165
298169
298181
298182
298183
298186
298188
298192
298196
298205
298207
298222
298224
298234
298235
298254
298257
298261
298263
298270
298284
298285
298289
298293
298314
298319
298322
298323
298328
298330
298331
298351
298352
298354
298355
298357
298363
298364
298365
298371
298376
298379
298384
298402
298403
298408
298409
298410
298422
298430
298431
298438
298443
298444
298450
298453
298454
298455
298459
298464
298465
298468
298476
298479
298490
298491
298493
298513
298521
298531
298534
298535
298544
298550
298552
298554
298561
298569
298578
298579
298584
298587
298588
298590
298597
298598
298602
298607
298608
298611
298613
298615
298621
298623
298627
298641
298642
298649
298652
298656
298660
298670
298673
298674
298684
298689
298690
298696
298717
298726
298732
298744
298748
298751
298753
298758
298762
298765
298776
298778
298779
298781
298784
298787
298790
298793
298794
298800
298803
298807
298809
298818
298826
298828
298834
298835
298837
298838
298839
298845
298867
298870
298871
298874
298880
298885
298886
298888
298897
298918
298924
298926
298928
298931
298933
298939
298947
298964
298969
298973
298974
298978
298982
298985
298989
298992
298994
298999
299000
299001
299006
299014
299017
299021
299026
299031
299039
299042
299044
299045
299046
299049
299051
299057
299062
299064
299065
299068
299070
299073
299078
299079
299080
299085
299088
299089
299103
299108
299109
299113
299114
299116
299119
299120
299124
299126
299131
299133
299135
299136
299137
299144
299150
299153
299159
299160
299161
299163
299171
299173
299174
299178
299183
299192
299198
299199
299204
299205
299213
299221
299222
299231
299232
299240
299245
299250
299260
299266
299267
299275
299278
299279
299288
299289
299293
299295
299306
299307
299315
299318
299321
299322
299323
299324
299329
299334
299335
299350
299354
299360
299371
299376
299381
299384
299391
299392
299395
299400
299407
299414
299416
299433
299436
299440
299447
299448
299453
299454
299461
299469
299470
299476
299479
299486
299487
299489
299503
299504
299507
299515
299519
299520
299525
299530
299532
299536
299537
299541
299551
299565
299574
299587
299588
299591
299593
299596
299598
299600
299608
299609
299617
299635
299636
299638
299653
299654
299655
299666
299670
299679
299680
299681
299685
299686
299687
299689
299695
299696
299705
299707
299714
299715
299729
299731
299742
299770
299776
299778
299800
299801
299809
299810
299815
299820
299822
299824
299833
299841
299843
299855
299859
299868
299881
299882
299891
299896
299898
299901
299902
299904
299907
299913
299924
299932
299942
299946
299956
299964
299969
299971
299977
299980
299991
300000
300005
300007
300013
300018
300019
300021
300024
300036
300038
300044
300047
300052
300059
300065
300074
300077
300079
300082
300088
300089
300090
300095
300109
300110
300111
300112
300114
300120
300125
300129
300130
300137
300139
300147
300150
300151
300159
300163
300170
300171
300184
300200
300203
300206
300207
300208
300216
300219
300220
300221
300226
300237
300238
300242
300243
300250
300252
300254
300260
300271
300274
300283
300284
300286
300293
300301
300304
300305
300319
300328
300333
300340
300344
300353
300358
300360
300368
300370
300382
300386
300387
300389
300390
300399
300401
300409
300410
300424
300425
300435
300439
300443
300455
300461
300464
300468
300474
300491
300492
300493
300508
300509
300520
300524
300532
300536
300561
300562
300566
300573
300583
300599
300600
300601
300609
300612
300613
300623
300627
300630
300636
300638
300642
300649
300653
300654
300662
300663
300664
300668
300687
300691
300695
300712
300722
300725
300730
300737
300749
300751
300755
300761
300763
300771
300772
300777
300778
300787
300798
300809
300810
300816
300819
300820
300823
300831
300834
300837
300838
300844
300856
300857
300860
300862
300870
300876
300882
300885
300892
300897
300899
300914
300920
300921
300924
300926
300932
300933
300943
300945
300992
300994
300996
300999
301007
301011
301012
301016
301017
301022
301023
301026
301028
301034
301035
301039
301040
301041
301044
301052
301054
301056
301063
301070
301076
301084
301090
301094
301098
301101
301103
301106
301112
301113
301114
301118
301120
301121
301125
301129
301131
301132
301136
301142
301144
301147
301153
301161
301165
301174
301175
301179
301180
301181
301188
301193
301194
301197
301201
301214
301216
301223
301236
301243
301244
301245
301249
301254
301261
301264
301266
301267
301270
301283
301285
301299
301300
301305
301307
301308
301312
301318
301325
301337
301339
301345
301359
301367
301373
301377
301389
301391
301397
301411
301414
301417
301418
301419
301426
301441
301453
301457
301459
301463
301465
301468
301474
301476
301486
301491
301497
301503
301507
301508
301516
301537
301540
301543
301550
301562
301567
301572
301577
301584
301587
301592
301593
301594
301596
301597
301615
301627
301644
301645
301646
301652
301657
301658
301659
301671
301686
301687
301699
301701
301710
301714
301718
301719
301722
301724
301726
301734
301741
301756
301763
301774
301780
301804
301814
301816
301822
301825
301831
301833
301839
301840
301842
301859
301881
301883
301885
301890
301892
301895
301906
301908
301909
301912
301914
301915
301917
301937
301938
301942
301955
301961
301972
301974
301977
301983
301990
301993
301996
301997
302002
302003
302005
302020
302021
302024
302025
302034
302052
302055
302056
302058
302062
302063
302064
302070
302074
302080
302083
302086
302091
302101
302109
302117
302126
302130
302131
302132
302134
302136
302148
302151
302156
302162
302173
302177
302185
302191
302192
302195
302199
302211
302213
302218
302222
302223
302224
302225
302231
302239
302245
302247
302249
302254
302255
302260
302261
302262
302270
302274
302277
302282
302283
302285
302286
302297
302304
302307
302322
302329
302335
302353
302355
302369
302373
302378
302384
302394
302401
302403
302405
302422
302427
302430
302438
302448
302449
302453
302454
302458
302459
302465
302467
302477
302489
302495
302496
302511
302523
302529
302536
302539
302547
302552
302554
302557
302560
302561
302568
302572
302591
302596
302600
302605
302608
302611
302612
302624
302626
302629
302630
302641
302642
302649
302659
302664
302672
302674
302675
302682
302695
302696
302716
302719
302721
302730
302731
302739
302743
302748
302749
302757
302758
302760
302763
302768
302773
302780
302790
302792
302800
302810
302815
302818
302821
302825
302830
302836
302837
302845
302852
302853
302854
302858
302868
302875
302876
302881
302886
302888
302891
302892
302897
302899
302901
302908
302909
302924
302928
302933
302936
302937
302938
302943
302945
302951
302963
302964
302971
302978
302979
302988
302992
302994
303004
303008
303031
303032
303033
303039
303041
303047
303053
303070
303071
303072
303076
303078
303080
303083
303086
303099
303104
303110
303115
303116
303117
303120
303121
303122
303127
303129
303132
303138
303142
303144
303154
303157
303160
303162
303164
303170
303171
303172
303178
303204
303214
303217
303221
303231
303233
303235
303238
303239
303247
303253
303270
303272
303277
303278
303280
303281
303288
303289
303290
303292
303298
303299
303301
303304
303308
303309
303311
303317
303318
303320
303321
303323
303326
303329
303332
303341
303344
303348
303350
303356
303368
303371
303373
303378
303382
303383
303384
303390
303391
303399
303412
303414
303415
303417
303423
303433
303436
303442
303446
303456
303464
303469
303471
303473
303477
303480
303482
303483
303492
303494
303496
303499
303500
303508
303514
303518
303520
303527
303529
303530
303534
303539
303542
303546
303547
303551
303559
303562
303563
303564
303565
303576
303580
303581
303584
303592
303599
303600
303605
303614
303615
303620
303623
303624
303630
303635
303647
303648
303649
303651
303654
303655
303656
303673
303676
303682
303684
303685
303686
303690
303691
303708
303714
303719
303723
303724
303728
303729
303743
303750
303759
303768
303773
303779
303786
303798
303800
303803
303815
303816
303821
303823
303824
303832
303834
303836
303838
303840
303842
303845
303848
303851
303852
303864
303866
303867
303875
303893
303895
303896
303900
303904
303908
303909
303910
303924
303930
303937
303946
303948
303949
303950
303953
303955
303959
303960
303963
303970
303971
303976
303981
303995
303997
304000
304011
304015
304017
304023
304029
304035
304036
304037
304042
304043
304044
304051
304055
304057
304072
304074
304079
304081
304083
304090
304093
304096
304101
304105
304108
304116
304120
304124
304126
304134
304137
304144
304149
304164
304167
304174
304179
304180
304183
304195
304200
304204
304216
304222
304227
304231
304236
304246
304249
304257
304260
304261
304275
304278
304283
304284
304295
304296
304308
304315
304318
304328
304334
304341
304344
304346
304361
304362
304370
304373
304374
304379
304384
304386
304400
304402
304406
304418
304421
304425
304430
304431
304435
304437
304440
304448
304451
304455
304461
304464
304466
304468
304470
304474
304478
304483
304484
304486
304489
304495
304512
304515
304521
304522
304527
304532
304539
304544
304545
304552
304555
304557
304558
304560
304564
304566
304568
304569
304577
304593
304596
304605
304613
304615
304616
304625
304628
304629
304632
304635
304639
304641
304647
304648
304653
304654
304655
304659
304680
304684
304689
304697
304706
304707
304708
304715
304725
304728
304729
304731
304732
304738
304746
304747
304765
304768
304769
304770
304773
304777
304786
304787
304790
304799
304802
304808
304809
304810
304817
304824
304827
304828
304830
304837
304839
304846
304847
304855
304861
304862
304864
304872
304873
304880
304889
304894
304897
304899
304902
304906
304908
304911
304916
304923
304939
304959
304965
304969
304970
304981
305005
305006
305010
305024
305027
305039
305042
305043
305048
305051
305052
305056
305067
305068
305077
305085
305086
305089
305090
305102
305107
305112
305114
305123
305127
305146
305152
305156
305158
305159
305168
305184
305188
305194
305201
305202
305209
305210
305219
305236
305244
305247
305258
305259
305260
305272
305274
305280
305284
305286
305287
305292
305294
305297
305298
305307
305325
305327
305329
305334
305337
305346
305358
305360
305364
305375
305383
305386
305388
305389
305390
305394
305395
305402
305408
305411
305416
305417
305426
305434
305435
305438
305442
305445
305446
305462
305463
305465
305470
305471
305473
305493
305495
305498
305505
305510
305511
305533
305541
305542
305547
305551
305552
305554
305557
305558
305561
305562
305563
305572
305575
305576
305582
305587
305589
305594
305596
305600
305614
305615
305619
305625
305629
305636
305639
305644
305653
305655
305670
305672
305674
305677
305678
305679
305692
305694
305697
305701
305716
305720
305722
305726
305737
305743
305745
305750
305760
305768
305780
305781
305783
305794
305802
305807
305812
305827
305828
305830
305833
305838
305841
305847
305851
305853
305856
305860
305861
305865
305876
305877
305879
305895
305902
305908
305916
305921
305929
305931
305932
305935
305938
305941
305944
305945
305953
305955
305967
305980
305983
305987
305990
306013
306019
306025
306026
306042
306050
306051
306053
306073
306076
306082
306087
306088
306090
306092
306094
306101
306102
306103
306108
306110
306114
306116
306117
306121
306123
306125
306126
306128
306136
306142
306145
306155
306156
306158
306159
306164
306167
306170
306172
306173
306176
306193
306199
306206
306210
306211
306216
306220
306228
306233
306239
306256
306262
306266
306267
306269
306276
306284
306287
306288
306295
306298
306306
306318
306322
306328
306329
306343
306346
306348
306349
306352
306354
306355
306368
306370
306372
306375
306377
306382
306394
306399
306410
306424
306426
306427
306429
306430
306436
306437
306438
306449
306450
306460
306461
306475
306490
306498
306499
306509
306510
306513
306516
306525
306534
306537
306544
306546
306547
306548
306556
306559
306564
306565
306569
306574
306577
306578
306584
306589
306596
306597
306598
306604
306607
306608
306610
306613
306624
306630
306638
306641
306645
306655
306669
306675
306685
306687
306693
306695
306704
306706
306709
306714
306715
306720
306727
306741
306744
306749
306751
306758
306772
306779
306780
306784
306789
306791
306796
306800
306801
306803
306811
306830
306831
306859
306865
306882
306885
306889
306902
306904
306905
306908
306910
306915
306919
306922
306923
306924
306926
306935
306942
306944
306954
306957
306961
306965
306968
306969
306971
306972
306984
306988
306989
306992
306995
306998
307003
307022
307031
307032
307033
307035
307041
307043
307045
307047
307058
307060
307062
307065
307068
307070
307071
307079
307086
307091
307093
307099
307101
307105
307106
307122
307125
307130
307139
307156
307158
307160
307164
307165
307177
307179
307182
307183
307195
307196
307205
307213
307214
307216
307217
307220
307226
307227
307235
307242
307245
307250
307251
307254
307261
307263
307266
307272
307274
307275
307279
307280
307281
307288
307298
307303
307322
307331
307332
307336
307338
307349
307354
307358
307361
307362
307374
307376
307384
307397
307398
307401
307407
307412
307425
307428
307435
307440
307445
307451
307477
307478
307483
307485
307486
307488
307489
307498
307507
307510
307512
307520
307522
307525
307526
307527
307529
307531
307532
307534
307547
307559
307564
307571
307576
307577
307581
307584
307591
307596
307612
307621
307623
307631
307642
307643
307656
307672
307696
307705
307706
307708
307710
307711
307720
307722
307723
307735
307736
307738
307746
307751
307754
307763
307782
307792
307793
307805
307807
307811
307813
307817
307820
307823
307824
307832
307837
307841
307849
307850
307859
307867
307869
307872
307874
307885
307890
307893
307898
307899
307901
307921
307923
307924
307936
307940
307949
307952
307955
307957
307961
307962
307964
307971
307979
307982
307986
307993
307995
308000
308003
308008
308011
308016
308027
308039
308040
308056
308059
308063
308083
308094
308095
308100
308106
308127
308129
308134
308144
308150
308151
308164
308169
308174
308175
308177
308178
308180
308197
308199
308208
308210
308211
308248
308252
308258
308260
308272
308274
308283
308286
308292
308295
308307
308309
308325
308329
308332
308339
308341
308343
308347
308356
308371
308378
308379
308380
308382
308383
308386
308390
308394
308395
308402
308419
308425
308435
308436
308445
308446
308448
308456
308458
308468
308469
308478
308480
308485
308490
308496
308499
308501
308502
308507
308511
308515
308520
308521
308529
308532
308545
308546
308549
308552
308553
308561
308562
308571
308577
308578
308580
308585
308595
308599
308601
308603
308605
308608
308623
308627
308629
308632
308636
308638
308640
308643
308645
308646
308647
308660
308675
308680
308681
308684
308686
308694
308700
308701
308706
308707
308712
308717
308728
308736
308741
308744
308745
308749
308750
308752
308755
308756
308764
308770
308773
308776
308778
308779
308781
308796
308799
308817
308820
308834
308837
308846
308847
308863
308864
308870
308888
308898
308904
308907
308908
308919
308923
308932
308960
308961
308969
308978
308981
308985
308986
308989
308995
309020
309021
309028
309034
309050
309052
309053
309060
309063
309067
309070
309073
309074
309076
309080
309088
309089
309095
309097
309107
309110
309113
309116
309117
309122
309123
309125
309126
309138
309140
309142
309144
309147
309153
309155
309157
309166
309167
309169
309173
309175
309180
309186
309195
309197
309201
309207
309226
309231
309232
309234
309235
309236
309237
309248
309252
309258
309266
309273
309279
309292
309304
309316
309325
309331
309333
309347
309349
309350
309354
309355
309361
309364
309369
309375
309380
309385
309387
309395
309398
309400
309411
309414
309415
309417
309418
309419
309433
309436
309444
309446
309449
309453
309454
309462
309463
309464
309469
309471
309479
309484
309490
309492
309499
309501
309509
309513
309514
309516
309518
309521
309524
309530
309531
309541
309543
309550
309557
309561
309568
309577
309579
309591
309596
309598
309600
309602
309611
309615
309619
309625
309627
309638
309641
309645
309650
309651
309657
309658
309667
309669
309671
309673
309675
309681
309682
309685
309686
309688
309693
309700
309707
309709
309710
309712
309714
309715
309724
309737
309742
309744
309745
309752
309754
309757
309758
309770
309772
309779
309780
309782
309787
309788
309792
309793
309794
309795
309796
309804
309805
309809
309811
309813
309817
309829
309843
309844
309857
309865
309868
309879
309901
309906
309909
309910
309919
309940
309941
309952
309960
309968
309972
309973
309975
309978
309980
309993
310000
310001
310007
310017
310021
310023
310031
310032
310035
310042
310044
310051
310060
310064
310065
310070
310077
310078
310085
310086
310088
310101
310111
310116
310119
310121
310131
310143
310145
310149
310150
310156
310161
310164
310165
310166
310168
310176
310182
310188
310191
310194
310198
310200
310201
310204
310207
310208
310212
310214
310232
310236
310243
310262
310267
310272
310273
310277
310286
310289
310302
310304
310306
310309
310315
310324
310328
310344
310356
310357
310365
310369
310373
310375
310385
310387
310394
310413
310416
310419
310420
310422
310426
310427
310431
310433
310438
310439
310441
310442
310444
310445
310452
310466
310467
310473
310475
310477
310478
310479
310482
310490
310491
310503
310507
310512
310524
310529
310537
310538
310543
310544
310550
310552
310554
310561
310563
310566
310569
310570
310571
310573
310581
310585
310590
310592
310593
310594
310595
310597
310600
310602
310604
310606
310607
310608
310616
310618
310621
310625
310640
310644
310645
310656
310662
310663
310665
310667
310669
310673
310677
310681
310691
310698
310714
310718
310719
310721
310727
310738
310739
310743
310745
310754
310760
310766
310767
310772
310776
310781
310798
310799
310800
310803
310813
310815
310817
310833
310835
310837
310840
310843
310852
310853
310859
310863
310868
310872
310878
310879
310880
310887
310890
310898
310900
310902
310904
310906
310907
310912
310919
310923
310928
310936
310941
310953
310956
310958
310962
310963
310965
310971
310973
310978
310993
310994
310997
311000
311001
311002
311006
311009
311013
311017
311033
311048
311051
311066
311071
311072
311079
311080
311086
311094
311096
311102
311115
311119
311121
311125
311126
311134
311140
311148
311149
311155
311156
311159
311160
311162
311167
311168
311169
311181
311184
311199
311200
311202
311205
311210
311211
311221
311226
311235
311240
311242
311245
311251
311254
311259
311261
311263
311264
311267
311268
311289
311291
311306
311309
311311
311315
311324
311325
311331
311338
311350
311358
311371
311397
311399
311409
311420
311423
311425
311431
311442
311443
311444
311448
311453
311458
311463
311468
311476
311479
311482
311483
311495
311497
311499
311500
311502
311506
311507
311512
311520
311524
311535
311538
311545
311549
311554
311562
311571
311578
311590
311599
311607
311620
311622
311626
311630
311631
311633
311635
311636
311646
311647
311651
311655
311656
311662
311674
311675
311678
311697
311698
311699
311700
311705
311708
311722
311726
311730
311731
311732
311733
311734
311735
311745
311749
311753
311758
311762
311764
311774
311780
311784
311785
311786
311787
311790
311795
311796
311799
311802
311803
311804
311806
311812
311819
311827
311842
311844
311845
311855
311857
311859
311864
311871
311873
311874
311875
311876
311877
311878
311882
311886
311888
311889
311892
311909
311910
311914
311920
311921
311923
311928
311929
311934
311938
311941
311942
311947
311957
311960
311978
311982
311989
311990
312001
312006
312011
312014
312016
312035
312045
312051
312052
312055
312059
312069
312095
312097
312102
312106
312110
312115
312118
312119
312120
312124
312131
312132
312138
312152
312160
312176
312184
312187
312192
312206
312211
312212
312217
312218
312219
312224
312242
312248
312251
312253
312258
312259
312261
312268
312270
312273
312274
312279
312280
312281
312287
312288
312296
312302
312303
312308
312317
312319
312323
312327
312334
312342
312347
312361
312374
312377
312384
312388
312390
312393
312396
312397
312399
312400
312418
312420
312423
312427
312428
312435
312444
312445
312449
312452
312466
312481
312491
312493
312506
312507
312509
312511
312513
312517
312522
312523
312527
312528
312529
312542
312544
312553
312563
312568
312569
312572
312573
312580
312582
312587
312598
312608
312612
312615
312616
312617
312623
312628
312630
312644
312651
312659
312664
312680
312681
312684
312687
312703
312706
312723
312727
312731
312738
312742
312748
312754
312755
312757
312764
312765
312768
312769
312777
312787
312795
312796
312811
312816
312825
312835
312836
312837
312841
312855
312857
312867
312871
312879
312885
312891
312892
312900
312907
312911
312912
312916
312921
312922
312929
312931
312946
312949
312951
312953
312958
312963
312979
312985
312989
313021
313034
313035
313040
313049
313050
313052
313053
313055
313078
313090
313091
313092
313094
313097
313102
313128
313131
313136
313138
313140
313141
313149
313154
313156
313161
313168
313171
313174
313187
313192
313198
313203
313205
313208
313215
313218
313228
313234
313236
313244
313247
313253
313261
313267
313271
313274
313277
313279
313282
313285
313286
313289
313293
313306
313312
313316
313319
313320
313329
313332
313340
313346
313355
313358
313366
313369
313372
313373
313374
313379
313382
313384
313389
313397
313399
313417
313419
313423
313426
313428
313435
313438
313439
313441
313444
313445
313446
313454
313460
313465
313472
313476
313478
313482
313490
313491
313497
313510
313518
313525
313526
313527
313535
313537
313541
313548
313558
313559
313562
313566
313569
313575
313585
313588
313596
313597
313604
313606
313607
313611
313625
313627
313628
313636
313654
313660
313668
313674
313676
313708
313715
313728
313733
313735
313760
313770
313772
313773
313777
313790
313792
313793
313794
313803
313805
313810
313823
313830
313835
313836
313840
313847
313860
313861
313870
313871
313879
313880
313887
313888
313896
313899
313900
313902
313919
313921
313926
313934
313940
313949
313955
313956
313963
313986
313997
314014
314027
314032
314035
314040
314045
314048
314052
314056
314062
314063
314072
314073
314076
314077
314083
314085
314087
314089
314099
314101
314103
314106
314109
314110
314114
314115
314120
314124
314135
314139
314142
314143
314146
314153
314154
314160
314176
314177
314181
314185
314191
314202
314207
314223
314224
314236
314245
314252
314262
314263
314265
314268
314269
314271
314274
314277
314282
314296
314300
314311
314319
314320
314321
314336
314337
314343
314344
314350
314355
314358
314364
314372
314374
314379
314384
314396
314401
314406
314407
314409
314420
314421
314435
314441
314443
314444
314447
314452
314457
314458
314462
314476
314485
314492
314493
314494
314498
314502
314503
314510
314514
314522
314529
314537
314538
314539
314540
314555
314556
314573
314574
314576
314579
314580
314590
314591
314599
314600
314601
314602
314618
314632
314634
314647
314650
314651
314655
314656
314667
314668
314688
314695
314696
314699
314700
314707
314708
314721
314725
314726
314734
314738
314740
314742
314747
314750
314754
314758
314765
314768
314783
314784
314785
314790
314793
314794
314799
314813
314819
314821
314828
314829
314834
314835
314836
314840
314845
314846
314847
314851
314853
314854
314855
314862
314868
314872
314885
314887
314892
314894
314901
314912
314925
314934
314937
314939
314940
314943
314951
314963
314966
314969
314970
314981
314985
314989
314993
314994
314996
314999
315004
315005
315007
315012
315014
315016
315019
315026
315028
315029
315036
315038
315048
315050
315054
315061
315062
315065
315066
315068
315074
315075
315080
315086
315092
315093
315096
315098
315102
315103
315107
315112
315119
315120
315122
315125
315128
315133
315135
315144
315147
315148
315163
315165
315170
315172
315178
315184
315188
315196
315201
315206
315208
315214
315224
315232
315238
315246
315248
315254
315256
315267
315271
315274
315279
315280
315281
315287
315289
315300
315301
315303
315317
315327
315335
315338
315349
315353
315354
315356
315364
315377
315379
315383
315398
315399
315404
315411
315412
315418
315419
315420
315422
315423
315428
315432
315437
315438
315442
315443
315445
315461
315481
315487
315491
315497
315498
315500
315502
315504
315511
315512
315516
315522
315525
315530
315532
315533
315535
315536
315542
315544
315555
315561
315576
315578
315587
315593
315598
315599
315608
315612
315615
315622
315625
315628
315629
315636
315637
315644
315645
315649
315654
315660
315666
315672
315673
315675
315684
315688
315690
315694
315696
315704
315711
315715
315718
315719
315727
315737
315738
315740
315746
315749
315750
315753
315759
315761
315763
315776
315777
315780
315781
315789
315792
315795
315811
315812
315816
315821
315823
315827
315832
315835
315839
315840
315841
315844
315846
315848
315854
315858
315862
315868
315869
315870
315878
315879
315883
315884
315885
315887
315892
315903
315905
315914
315919
315923
315924
315927
315934
315935
315936
315940
315946
315951
315952
315953
315962
315969
315973
315985
316001
316007
316011
316018
316023
316034
316046
316064
316067
316069
316074
316079
316088
316097
316103
316104
316105
316107
316110
316111
316128
316132
316140
316143
316150
316151
316159
316160
316167
316176
316178
316179
316185
316186
316193
316199
316202
316217
316225
316236
316248
316257
316273
316274
316276
316277
316280
316292
316295
316302
316306
316318
316328
316348
316354
316355
316360
316364
316371
316374
316380
316404
316407
316409
316411
316421
316423
316431
316432
316441
316445
316451
316462
316463
316464
316467
316472
316473
316475
316477
316487
316490
316491
316494
316496
316498
316499
316501
316506
316511
316517
316520
316526
316528
316533
316537
316539
316548
316549
316557
316565
316571
316572
316586
316593
316594
316598
316602
316605
316607
316611
316613
316618
316619
316620
316621
316624
316632
316634
316637
316639
316643
316654
316658
316660
316667
316670
316672
316673
316675
316679
316693
316697
316698
316700
316703
316704
316709
316710
316712
316714
316717
316728
316730
316733
316735
316736
316738
316746
316757
316761
316762
316766
316770
316772
316774
316791
316796
316797
316800
316802
316810
316815
316821
316830
316832
316834
316844
316855
316862
316870
316873
316876
316878
316880
316881
316883
316886
316896
316901
316902
316907
316910
316916
316919
316921
316945
316951
316953
316966
316967
316969
316973
316976
316984
316992
317005
317007
317014
317015
317019
317021
317034
317035
317049
317051
317052
317066
317069
317071
317072
317073
317079
317087
317089
317093
317099
317100
317108
317116
317119
317120
317124
317125
317128
317130
317136
317140
317141
317142
317143
317149
317151
317157
317160
317162
317168
317176
317182
317199
317211
317212
317214
317218
317231
317245
317248
317255
317258
317267
317268
317275
317287
317290
317297
317299
317301
317302
317318
317320
317321
317329
317332
317335
317337
317343
317344
317359
317363
317365
317366
317378
317385
317397
317410
317418
317425
317433
317437
317438
317444
317448
317450
317453
317454
317458
317460
317464
317469
317474
317477
317483
317486
317488
317493
317497
317504
317505
317510
317514
317515
317517
317518
317520
317527
317535
317537
317543
317549
317554
317565
317572
317578
317579
317582
317583
317588
317591
317599
317602
317627
317635
317642
317645
317654
317657
317659
317662
317664
317666
317669
317672
317679
317684
317689
317692
317695
317701
317702
317715
317717
317721
317722
317724
317738
317752
317753
317754
317758
317759
317760
317764
317766
317768
317780
317783
317787
317793
317809
317815
317816
317825
317831
317834
317836
317841
317850
317858
317865
317866
317871
317872
317883
317884
317889
317890
317894
317896
317901
317903
317914
317915
317929
317931
317943
317948
317954
317957
317961
317965
317971
317975
317977
317985
317986
317987
317989
317991
317994
318004
318014
318016
318018
318021
318028
318030
318047
318051
318056
318059
318074
318077
318079
318082
318094
318101
318104
318107
318109
318112
318121
318131
318132
318135
318138
318141
318142
318143
318149
318150
318151
318152
318157
318158
318163
318166
318171
318177
318180
318181
318189
318193
318194
318200
318201
318202
318204
318215
318221
318223
318225
318228
318230
318234
318236
318242
318255
318256
318262
318263
318269
318271
318280
318287
318295
318297
318299
318301
318307
318315
318318
318321
318322
318332
318334
318337
318342
318349
318354
318361
318362
318365
318368
318371
318378
318380
318382
318390
318392
318395
318404
318409
318411
318412
318414
318417
318426
318428
318450
318454
318466
318467
318469
318479
318484
318487
318488
318490
318497
318498
318514
318516
318517
318518
318526
318537
318538
318542
318544
318545
318556
318559
318565
318572
318574
318579
318588
318619
318620
318622
318633
318634
318635
318638
318639
318640
318641
318656
318675
318683
318685
318693
318699
318703
318712
318714
318716
318725
318726
318735
318736
318740
318741
318747
318750
318755
318766
318768
318771
318775
318777
318791
318792
318796
318799
318801
318802
318806
318813
318821
318822
318825
318834
318835
318836
318840
318843
318850
318855
318861
318864
318872
318874
318877
318882
318887
318892
318905
318908
318919
318921
318928
318929
318931
318932
318933
318935
318954
318957
318958
318960
318964
318966
318979
318983
318984
318986
318987
318990
318999
319006
319011
319027
319036
319039
319047
319056
319059
319069
319082
319088
319090
319106
319107
319112
319114
319127
319136
319139
319142
319147
319150
319164
319167
319186
319187
319199
319203
319205
319206
319230
319233
319235
319236
319243
319246
319248
319271
319273
319278
319279
319293
319294
319299
319303
319308
319309
319310
319314
319321
319333
319352
319353
319357
319363
319371
319373
319390
319392
319393
319405
319424
319436
319444
319446
319447
319450
319451
319458
319464
319470
319472
319473
319479
319483
319484
319486
319488
319489
319494
319500
319508
319509
319518
319519
319522
319530
319531
319537
319540
319544
319545
319546
319553
319556
319574
319591
319593
319598
319610
319614
319615
319617
319620
319624
319629
319631
319635
319642
319654
319657
319665
319669
319671
319672
319674
319679
319680
319683
319689
319697
319700
319701
319708
319709
319712
319717
319721
319724
319729
319733
319735
319738
319753
319755
319771
319790
319791
319813
319820
319821
319823
319830
319831
319833
319836
319840
319843
319850
319858
319877
319883
319885
319893
319894
319901
319903
319907
319912
319918
319924
319927
319932
319942
319947
319950
319956
319959
319962
319963
319964
319976
319982
319984
319985
319988
319991
320002
320003
320013
320018
320019
320030
320038
320041
320043
320046
320047
320048
320049
320051
320052
320055
320058
320063
320066
320072
320079
320084
320093
320096
320102
320111
320119
320120
320131
320136
320137
320145
320153
320164
320186
320190
320202
320212
320219
320227
320235
320247
320253
320254
320261
320267
320277
320282
320283
320286
320288
320296
320297
320298
320301
320305
320308
320310
320311
320313
320320
320323
320329
320333
320337
320340
320348
320351
320361
320362
320365
320368
320371
320374
320378
320391
320396
320398
320401
320410
320414
320415
320419
320424
320425
320428
320442
320452
320457
320464
320469
320471
320473
320476
320484
320487
320489
320494
320496
320502
320505
320517
320520
320526
320527
320530
320536
320543
320546
320562
320563
320578
320580
320587
320598
320600
320602
320605
320608
320611
320613
320622
320624
320630
320641
320644
320645
320653
320654
320655
320662
320666
320670
320673
320679
320682
320687
320695
320698
320702
320714
320716
320717
320729
320730
320732
320734
320736
320737
320739
320741
320746
320748
320766
320775
320776
320783
320791
320804
320805
320807
320817
320823
320826
320831
320833
320836
320838
320839
320843
320848
320857
320860
320876
320883
320885
320886
320890
320899
320902
320903
320904
320912
320919
320925
320932
320938
320940
320947
320951
320955
320958
320967
320970
320975
320976
320978
320980
320983
320985
320991
320992
320994
320996
321007
321008
321010
321023
321026
321031
321037
321045
321049
321050
321052
321055
321057
321060
321063
321068
321072
321079
321085
321092
321095
321101
321104
321107
321108
321111
321112
321113
321115
321119
321120
321123
321127
321143
321171
321174
321176
321182
321186
321194
321195
321203
321214
321220
321221
321223
321224
321228
321237
321248
321250
321253
321268
321269
321272
321280
321281
321285
321286
321292
321304
321309
321311
321314
321315
321317
321318
321325
321327
321332
321333
321338
321340
321348
321354
321355
321363
321368
321369
321371
321374
321394
321398
321413
321414
321417
321427
321433
321441
321459
321473
321476
321481
321483
321500
321518
321520
321525
321530
321531
321539
321547
321556
321567
321584
321588
321589
321590
321591
321596
321597
321598
321601
321602
321606
321609
321616
321617
321624
321626
321629
321630
321634
321636
321643
321645
321651
321665
321678
321686
321687
321693
321694
321709
321710
321714
321719
321721
321723
321728
321733
321739
321751
321756
321763
321766
321770
321771
321776
321784
321797
321802
321807
321810
321825
321833
321838
321841
321848
321849
321861
321862
321864
321867
321868
321869
321870
321876
321878
321880
321882
321899
321901
321905
321909
321925
321929
321931
321932
321949
321954
321955
321959
321962
321973
321977
321988
322020
322021
322025
322030
322035
322040
322054
322056
322058
322060
322061
322066
322069
322070
322071
322074
322077
322079
322095
322107
322110
322113
322114
322115
322118
322123
322127
322132
322140
322142
322144
322146
322150
322152
322154
322157
322158
322178
322180
322184
322189
322207
322216
322217
322219
322221
322222
322224
322226
322229
322238
322244
322248
322250
322273
322275
322279
322285
322286
322288
322289
322299
322307
322310
322312
322313
322314
322320
322329
322336
322337
322347
322349
322350
322353
322360
322377
322382
322391
322407
322414
322416
322419
322421
322427
322429
322432
322454
322458
322470
322472
322486
322487
322499
322500
322504
322519
322528
322531
322535
322537
322540
322548
322553
322557
322560
322564
322566
322573
322575
322578
322595
322597
322607
322628
322631
322632
322635
322637
322645
322652
322659
322662
322666
322670
322681
322684
322686
322689
322700
322709
322717
322727
322730
322732
322735
322737
322740
322741
322743
322748
322753
322754
322764
322766
322772
322778
322788
322789
322792
322812
322825
322826
322828
322834
322835
322838
322854
322858
322862
322870
322873
322874
322877
322883
322885
322888
322896
322899
322901
322913
322917
322923
322938
322946
322948
322949
322957
322958
322959
322962
322963
322970
322972
322974
322977
322978
322981
322982
322987
322995
322996
323002
323007
323014
323016
323019
323026
323031
323040
323042
323046
323055
323062
323063
323064
323067
323070
323071
323078
323086
323091
323095
323096
323098
323105
323111
323114
323115
323116
323117
323120
323122
323132
323135
323140
323141
323143
323152
323161
323164
323169
323170
323174
323178
323179
323183
323192
323200
323201
323207
323211
323212
323217
323220
323222
323227
323234
323240
323247
323249
323268
323270
323271
323277
323282
323288
323290
323292
323293
323295
323296
323315
323337
323338
323340
323342
323343
323344
323346
323348
323349
323359
323360
323367
323369
323372
323373
323374
323376
323379
323387
323392
323400
323405
323414
323421
323427
323429
323434
323435
323440
323449
323451
323486
323491
323499
323503
323505
323513
323517
323524
323527
323536
323543
323553
323555
323557
323565
323569
323571
323579
323581
323587
323588
323606
323612
323621
323625
323629
323634
323638
323643
323644
323649
323659
323661
323671
323673
323676
323688
323693
323697
323698
323709
323713
323720
323722
323725
323730
323739
323744
323748
323766
323769
323771
323772
323776
323782
323788
323790
323793
323800
323804
323811
323815
323823
323829
323835
323836
323850
323857
323859
323863
323867
323870
323876
323877
323879
323883
323891
323892
323894
323897
323899
323900
323916
323918
323929
323931
323933
323938
323943
323944
323948
323949
323957
323962
323965
323966
323983
324005
324007
324008
324012
324014
324016
324025
324029
324030
324036
324042
324047
324049
324055
324071
324085
324086
324090
324094
324097
324104
324111
324120
324122
324125
324126
324127
324133
324134
324148
324154
324156
324159
324160
324162
324169
324176
324177
324188
324190
324198
324206
324216
324224
324225
324230
324231
324232
324243
324249
324253
324254
324258
324260
324264
324269
324271
324273
324278
324281
324287
324290
324300
324303
324304
324310
324313
324316
324317
324321
324326
324330
324336
324340
324341
324347
324348
324349
324357
324362
324363
324364
324365
324371
324372
324374
324375
324376
324379
324383
324389
324390
324401
324411
324414
324424
324431
324433
324439
324441
324447
324449
324450
324452
324457
324477
324486
324492
324495
324496
324499
324510
324513
324516
324517
324524
324529
324530
324532
324537
324538
324541
324546
324547
324552
324556
324557
324560
324569
324570
324576
324584
324590
324593
324602
324613
324632
324634
324646
324648
324654
324658
324661
324665
324670
324672
324675
324678
324682
324693
324697
324699
324700
324705
324716
324721
324734
324735
324738
324742
324747
324752
324753
324761
324762
324770
324780
324787
324790
324793
324794
324796
324802
324808
324809
324813
324818
324822
324825
324827
324830
324832
324839
324840
324848
324863
324865
324870
324871
324872
324878
324897
324899
324901
324902
324905
324921
324924
324925
324926
324927
324928
324929
324930
324932
324934
324938
324952
324957
324958
324963
324970
324975
324990
324998
325005
325006
325011
325015
325017
325025
325029
325032
325036
325041
325046
325047
325048
325050
325052
325064
325067
325081
325084
325087
325095
325116
325119
325126
325129
325131
325133
325136
325137
325139
325147
325169
325184
325188
325198
325208
325216
325217
325221
325223
325232
325233
325236
325238
325240
325241
325246
325251
325254
325256
325261
325273
325279
325280
325285
325294
325306
325314
325315
325319
325335
325337
325347
325354
325355
325367
325369
325374
325376
325378
325383
325388
325393
325394
325400
325403
325406
325415
325417
325420
325426
325430
325433
325435
325443
325447
325462
325463
325464
325466
325481
325483
325484
325486
325494
325503
325506
325509
325511
325513
325514
325519
325521
325523
325525
325530
325534
325538
325551
325573
325578
325584
325585
325589
325603
325607
325610
325612
325615
325621
325623
325629
325636
325638
325639
325640
325659
325660
325661
325662
325663
325672
325673
325675
325677
325680
325682
325689
325696
325707
325718
325726
325730
325739
325746
325747
325753
325766
325768
325771
325776
325782
325784
325785
325792
325815
325816
325824
325828
325835
325839
325842
325843
325850
325854
325858
325860
325861
325864
325885
325888
325889
325894
325900
325910
325911
325912
325915
325918
325922
325924
325926
325937
325949
325956
325971
325973
325974
325980
325988
325992
325997
326001
326005
326011
326014
326018
326023
326040
326042
326049
326054
326056
326057
326064
326076
326081
326083
326086
326092
326099
326100
326105
326109
326110
326126
326128
326130
326139
326144
326145
326147
326155
326163
326167
326169
326170
326172
326176
326195
326209
326212
326223
326227
326228
326237
326238
326243
326249
326252
326253
326261
326279
326286
326291
326297
326300
326303
326306
326309
326318
326319
326322
326327
326331
326332
326336
326340
326350
326359
326366
326373
326375
326381
326385
326391
326392
326399
326401
326402
326406
326416
326418
326419
326420
326423
326433
326440
326444
326453
326457
326458
326461
326465
326474
326480
326492
326498
326500
326503
326511
326517
326518
326522
326523
326527
326531
326543
326545
326550
326560
326564
326577
326605
326606
326614
326617
326620
326623
326624
326625
326638
326641
326642
326648
326650
326657
326669
326674
326680
326682
326686
326695
326718
326720
326721
326729
326731
326733
326735
326737
326743
326747
326748
326749
326757
326762
326764
326770
326780
326781
326791
326795
326796
326799
326809
326819
326826
326829
326836
326842
326845
326849
326851
326857
326859
326861
326866
326867
326872
326873
326874
326880
326884
326901
326917
326935
326941
326943
326950
326957
326958
326975
326979
326985
326988
326994
327009
327011
327017
327019
327020
327021
327044
327046
327061
327062
327065
327070
327078
327081
327083
327088
327093
327094
327099
327104
327108
327109
327114
327127
327130
327132
327141
327143
327144
327154
327155
327162
327164
327170
327183
327186
327188
327189
327194
327198
327211
327218
327223
327224
327225
327226
327241
327255
327259
327275
327282
327286
327289
327292
327294
327295
327297
327300
327312
327314
327319
327326
327330
327331
327346
327348
327349
327350
327353
327364
327365
327370
327371
327381
327390
327393
327396
327439
327441
327446
327452
327454
327461
327463
327477
327480
327489
327491
327493
327519
327533
327542
327543
327553
327558
327562
327565
327568
327572
327579
327590
327593
327595
327602
327609
327613
327614
327616
327617
327620
327623
327624
327627
327632
327637
327638
327648
327653
327656
327659
327661
327665
327668
327671
327674
327682
327703
327704
327705
327708
327719
327724
327729
327735
327736
327744
327747
327750
327752
327756
327758
327767
327770
327772
327778
327791
327810
327814
327830
327832
327839
327844
327846
327858
327860
327866
327870
327881
327884
327887
327888
327889
327890
327891
327892
327896
327900
327901
327903
327905
327906
327909
327910
327912
327913
327916
327917
327922
327931
327937
327952
327954
327959
327968
327972
327976
327981
327983
327990
328002
328003
328011
328028
328029
328030
328041
328042
328068
328095
328098
328099
328101
328102
328107
328109
328111
328112
328113
328124
328126
328130
328136
328138
328139
328140
328141
328143
328150
328152
328154
328162
328163
328171
328180
328183
328195
328198
328204
328205
328206
328211
328214
328215
328218
328220
328223
328226
328234
328241
328242
328250
328253
328254
328266
328271
328274
328277
328284
328291
328294
328305
328313
328319
328329
328331
328334
328335
328337
328339
328346
328347
328355
328357
328362
328363
328365
328372
328373
328383
328384
328387
328390
328393
328394
328402
328403
328404
328411
328429
328435
328437
328441
328442
328443
328444
328446
328447
328450
328451
328454
328457
328458
328468
328479
328481
328483
328489
328496
328503
328510
328514
328519
328530
328538
328540
328558
328564
328567
328570
328573
328575
328581
328585
328589
328591
328594
328595
328599
328606
328617
328619
328622
328633
328634
328635
328640
328643
328660
328668
328669
328670
328675
328679
328687
328695
328707
328713
328727
328728
328730
328731
328740
328742
328743
328750
328752
328753
328754
328755
328758
328760
328773
328777
328779
328781
328782
328787
328788
328789
328797
328798
328799
328802
328803
328804
328806
328810
328814
328829
328831
328836
328856
328873
328874
328879
328883
328904
328913
328916
328922
328924
328929
328930
328935
328938
328939
328944
328950
328953
328957
328965
328968
328971
328972
328980
328982
328989
328993
329003
329007
329018
329024
329027
329030
329037
329041
329042
329047
329048
329054
329055
329085
329088
329102
329105
329106
329110
329115
329116
329118
329125
329134
329135
329136
329139
329154
329163
329178
329183
329184
329187
329188
329190
329196
329197
329198
329199
329201
329203
329220
329221
329224
329234
329247
329249
329250
329252
329256
329257
329261
329274
329277
329279
329280
329282
329286
329291
329306
329307
329309
329314
329324
329326
329327
329339
329341
329359
329370
329376
329384
329389
329391
329393
329409
329416
329428
329429
329433
329437
329438
329462
329477
329480
329481
329485
329489
329496
329513
329523
329534
329545
329548
329554
329556
329561
329566
329572
329574
329586
329590
329594
329599
329600
329607
329613
329614
329615
329619
329623
329626
329628
329629
329632
329641
329647
329650
329651
329653
329659
329660
329673
329675
329683
329690
329696
329699
329700
329705
329706
329718
329731
329742
329749
329753
329760
329763
329768
329777
329786
329791
329792
329801
329817
329818
329823
329829
329842
329845
329847
329848
329850
329851
329852
329861
329863
329864
329867
329872
329880
329882
329891
329896
329905
329907
329925
329941
329946
329953
329971
329979
329980
329987
329994
330000
330001
330002
330005
330007
330009
330017
330022
330029
330035
330042
330043
330049
330051
330061
330094
330096
330124
330132
330138
330140
330145
330146
330150
330155
330156
330157
330160
330165
330167
330168
330172
330175
330177
330178
330179
330180
330182
330184
330195
330197
330200
330205
330210
330219
330220
330225
330226
330234
330237
330245
330260
330264
330271
330272
330279
330286
330287
330296
330297
330302
330303
330307
330311
330314
330318
330322
330325
330328
330329
330345
330346
330351
330354
330366
330376
330382
330396
330405
330409
330411
330417
330425
330426
330429
330440
330443
330459
330468
330473
330474
330482
330489
330493
330496
330500
330501
330502
330508
330509
330510
330514
330522
330531
330534
330535
330536
330539
330547
330551
330556
330566
330567
330594
330604
330605
330606
330607
330614
330616
330617
330618
330619
330620
330623
330652
330653
330663
330666
330670
330674
330681
330686
330692
330694
330695
330697
330708
330712
330724
330732
330733
330739
330746
330754
330756
330766
330776
330777
330788
330790
330798
330803
330805
330806
330814
330816
330817
330831
330833
330834
330838
330840
330844
330848
330851
330869
330877
330879
330880
330883
330888
330892
330899
330902
330903
330914
330923
330925
330939
330941
330945
330946
330966
330971
330972
330976
330977
330984
330989
330997
330998
331003
331007
331012
331015
331020
331033
331042
331044
331047
331051
331054
331069
331070
331074
331076
331077
331082
331091
331093
331096
331105
331115
331120
331121
331127
331128
331131
331134
331140
331146
331176
331180
331182
331186
331191
331196
331201
331208
331211
331246
331249
331256
331259
331265
331270
331271
331272
331289
331293
331297
331311
331318
331326
331331
331339
331340
331341
331346
331352
331354
331357
331370
331374
331377
331385
331386
331390
331392
331400
331409
331419
331420
331421
331437
331443
331449
331451
331453
331454
331463
331466
331469
331476
331479
331482
331497
331503
331511
331517
331532
331533
331536
331538
331542
331567
331582
331589
331593
331595
331612
331619
331622
331630
331632
331638
331644
331648
331653
331655
331660
331668
331676
331680
331684
331685
331686
331701
331708
331722
331731
331740
331741
331743
331749
331752
331753
331757
331771
331776
331783
331793
331794
331799
331800
331804
331808
331814
331820
331821
331838
331849
331850
331855
331857
331862
331870
331871
331874
331876
331877
331880
331882
331884
331889
331891
331900
331903
331911
331912
331913
331924
331936
331939
331944
331945
331948
331949
331950
331952
331955
331966
331969
331973
331978
331981
331984
331986
331991
331997
332006
332010
332026
332029
332033
332034
332044
332048
332051
332054
332070
332074
332084
332092
332096
332099
332100
332106
332107
332116
332127
332130
332132
332133
332147
332149
332153
332161
332174
332180
332184
332189
332191
332196
332202
332204
332208
332210
332214
332215
332221
332223
332224
332225
332226
332227
332235
332236
332248
332256
332259
332263
332280
332284
332286
332292
332295
332297
332302
332304
332310
332312
332340
332347
332350
332352
332356
332358
332359
332360
332372
332377
332382
332391
332394
332396
332399
332400
332417
332425
332430
332431
332433
332436
332437
332445
332448
332453
332454
332469
332476
332484
332489
332490
332493
332495
332498
332502
332511
332512
332518
332523
332524
332527
332540
332541
332546
332549
332553
332558
332562
332571
332572
332573
332575
332578
332580
332583
332589
332590
332597
332609
332610
332611
332612
332614
332616
332617
332626
332627
332630
332633
332640
332649
332654
332662
332671
332672
332676
332690
332698
332705
332707
332709
332711
332714
332718
332725
332733
332736
332738
332740
332744
332747
332751
332754
332755
332770
332772
332778
332782
332802
332810
332814
332823
332828
332832
332834
332836
332844
332847
332848
332850
332851
332857
332858
332860
332870
332874
332878
332884
332885
332887
332888
332889
332896
332898
332905
332906
332909
332911
332912
332914
332921
332922
332927
332929
332940
332945
332946
332950
332957
332970
332973
332977
332981
332986
332989
332991
332999
333003
333006
333009
333011
333014
333022
333028
333056
333065
333070
333073
333074
333076
333081
333084
333093
333094
333098
333116
333118
333120
333129
333133
333137
333145
333149
333154
333156
333158
333159
333161
333164
333169
333170
333183
333189
333192
333195
333196
333207
333225
333238
333245
333246
333255
333257
333259
333268
333269
333270
333276
333277
333278
333282
333285
333290
333291
333296
333300
333302
333304
333306
333314
333316
333320
333321
333325
333335
333342
333344
333348
333350
333356
333357
333358
333364
333373
333375
333379
333383
333384
333386
333389
333394
333399
333401
333405
333412
333414
333419
333422
333427
333430
333443
333448
333450
333455
333461
333464
333477
333480
333482
333497
333498
333504
333519
333527
333530
333531
333537
333538
333543
333547
333552
333553
333554
333556
333558
333579
333585
333593
333594
333602
333613
333619
333627
333629
333634
333635
333643
333646
333651
333653
333656
333659
333660
333663
333666
333667
333676
333680
333685
333687
333690
333698
333706
333708
333709
333718
333727
333731
333735
333738
333751
333755
333758
333764
333767
333774
333783
333793
333794
333811
333825
333834
333837
333838
333845
333846
333848
333849
333852
333855
333864
333866
333867
333869
333875
333878
333885
333900
333902
333908
333910
333912
333916
333917
333918
333921
333926
333930
333932
333935
333938
333954
333957
333958
333961
333972
333979
333987
333993
333999
334000
334011
334012
334016
334018
334032
334039
334040
334041
334048
334051
334055
334057
334074
334083
334088
334108
334121
334122
334124
334139
334154
334160
334164
334165
334171
334172
334173
334176
334177
334195
334196
334205
334211
334214
334216
334221
334223
334227
334229
334242
334271
334275
334277
334287
334290
334293
334295
334297
334302
334311
334316
334319
334323
334336
334343
334346
334347
334358
334360
334361
334369
334377
334378
334384
334385
334389
334393
334394
334403
334405
334407
334415
334418
334420
334432
334439
334451
334453
334458
334462
334467
334470
334471
334475
334478
334479
334482
334492
334503
334507
334509
334519
334523
334524
334526
334528
334533
334541
334543
334545
334556
334561
334563
334565
334570
334573
334575
334580
334581
334583
334586
334591
334594
334599
334602
334608
334609
334616
334617
334621
334624
334625
334626
334642
334643
334645
334653
334657
334658
334671
334672
334674
334680
334684
334689
334705
334708
334709
334711
334713
334727
334728
334737
334741
334746
334751
334754
334756
334758
334762
334763
334765
334774
334778
334780
334783
334787
334793
334802
334817
334820
334824
334833
334834
334840
334851
334853
334856
