1
2
9
17
21
22
25
26
29
30
37
38
39
42
44
47
48
50
51
54
57
64
65
68
71
75
77
85
86
90
92
93
95
96
97
98
99
101
103
110
112
118
122
124
127
128
129
131
137
144
145
147
151
152
154
156
157
159
164
166
167
169
170
171
176
177
180
185
186
188
189
190
197
199
201
203
204
205
207
209
210
213
218
219
220
222
223
224
225
226
227
230
231
233
235
239
241
243
246
247
252
254
255
258
262
264
268
272
278
280
281
284
289
290
292
293
294
297
298
301
303
304
307
309
311
312
316
317
320
321
323
324
326
327
332
336
338
342
344
345
349
352
354
359
360
364
366
371
372
374
375
377
378
380
381
382
383
385
386
388
389
392
394
398
399
401
403
405
407
408
410
413
415
417
418
421
423
425
430
431
432
433
434
437
438
439
443
446
447
451
453
457
461
466
471
472
473
475
477
478
481
482
484
486
490
494
495
497
500
503
504
518
519
524
526
528
531
533
538
541
542
544
545
546
548
549
552
553
556
559
563
567
568
570
571
572
574
575
576
581
583
587
590
591
593
595
596
598
599
601
602
603
606
608
610
611
613
616
619
626
627
628
629
630
635
637
638
639
647
648
657
661
664
670
671
673
677
679
682
683
684
685
686
687
689
690
693
695
696
697
699
701
702
703
708
709
711
713
714
716
718
726
729
731
732
733
734
736
739
742
743
744
745
748
750
751
752
753
755
756
757
759
760
761
763
764
766
768
769
770
772
774
778
779
780
783
784
785
791
796
797
806
807
813
819
820
824
826
827
828
829
830
832
835
836
837
838
839
840
843
844
847
851
854
855
858
860
862
863
867
871
873
874
875
876
879
882
883
884
885
887
891
892
896
898
899
900
901
902
903
904
905
906
907
909
910
911
912
914
915
916
918
920
921
926
928
929
935
936
937
939
940
942
950
952
953
960
964
965
969
970
971
972
975
977
978
979
981
982
983
984
987
988
990
994
997
1000
1001
1003
1006
1007
1009
1010
1011
1014
1015
1017
1027
1028
1029
1030
1031
1033
1034
1035
1039
1040
1051
1053
1054
1057
1058
1060
1061
1063
1065
1071
1073
1074
1076
1078
1079
1080
1084
1086
1087
1088
1090
1093
1095
1096
1097
1098
1099
1105
1110
1112
1114
1115
1119
1120
1121
1122
1123
1127
1129
1130
1131
1134
1135
1136
1139
1141
1142
1146
1149
1152
1156
1159
1162
1164
1165
1167
1168
1172
1173
1177
1181
1187
1188
1191
1193
1195
1200
1202
1210
1213
1215
1216
1217
1221
1222
1225
1229
1230
1234
1235
1236
1238
1240
1242
1243
1244
1245
1246
1249
1251
1252
1253
1257
1258
1259
1264
1267
1269
1273
1275
1277
1278
1281
1283
1286
1287
1291
1293
1294
1296
1300
1302
1308
1310
1317
1319
1322
1324
1325
1326
1327
1330
1332
1337
1340
1342
1343
1344
1345
1350
1354
1355
1360
1363
1364
1366
1369
1370
1371
1376
1377
1379
1380
1382
1383
1386
1387
1399
1401
1403
1408
1411
1413
1416
1418
1419
1420
1421
1422
1426
1428
1429
1431
1432
1433
1435
1438
1450
1454
1456
1457
1458
1463
1464
1468
1469
1471
1475
1476
1479
1480
1481
1482
1483
1487
1488
1492
1494
1496
1500
1501
1508
1509
1520
1521
1525
1527
1533
1536
1537
1539
1542
1543
1544
1545
1547
1548
1549
1553
1556
1557
1560
1562
1565
1567
1570
1571
1572
1574
1576
1579
1580
1581
1582
1583
1584
1585
1588
1589
1590
1592
1597
1599
1600
1601
1609
1611
1613
1614
1615
1619
1620
1621
1622
1629
1631
1633
1635
1639
1645
1647
1650
1651
1652
1653
1656
1660
1667
1671
1677
1679
1681
1683
1684
1685
1687
1688
1690
1691
1698
1705
1708
1711
1714
1716
1718
1720
1723
1729
1733
1736
1737
1739
1740
1742
1743
1751
1757
1760
1761
1763
1764
1770
1772
1777
1780
1790
1794
1795
1801
1804
1809
1811
1813
1814
1815
1817
1821
1823
1827
1829
1830
1831
1833
1835
1838
1844
1848
1850
1853
1858
1862
1864
1865
1866
1868
1869
1870
1872
1876
1877
1878
1883
1884
1887
1888
1890
1899
1903
1904
1908
1912
1913
1914
1915
1916
1918
1920
1921
1925
1930
1937
1941
1942
1943
1946
1947
1949
1950
1952
1953
1956
1958
1960
1961
1966
1967
1969
1977
1978
1979
1983
1986
1989
1990
1992
1994
1995
1998
1999
2001
2004
2009
2010
2014
2016
2022
2025
2026
2032
2037
2039
2046
2048
2051
2053
2056
2057
2058
2060
2062
2063
2066
2068
2070
2073
2080
2084
2085
2090
2091
2095
2098
2102
2103
2105
2108
2111
2113
2117
2126
2130
2131
2132
2136
2138
2139
2141
2143
2147
2149
2151
2152
2154
2155
2166
2169
2170
2177
2179
2183
2184
2186
2187
2188
2189
2190
2192
2200
2202
2207
2210
2212
2214
2216
2217
2220
2225
2226
2227
2228
2229
2231
2234
2236
2239
2242
2245
2249
2253
2256
2257
2261
2267
2271
2274
2275
2277
2279
2284
2288
2294
2298
2301
2305
2308
2310
2313
2315
2316
2317
2318
2323
2326
2327
2330
2331
2336
2341
2344
2345
2348
2352
2356
2357
2362
2366
2367
2372
2376
2377
2379
2380
2381
2384
2387
2388
2389
2393
2397
2400
2401
2403
2404
2406
2409
2414
2415
2421
2425
2428
2430
2433
2436
2437
2440
2441
2442
2443
2444
2445
2446
2448
2451
2453
2456
2458
2459
2460
2462
2463
2467
2468
2473
2474
2479
2483
2487
2489
2490
2491
2492
2493
2494
2497
2499
2500
2501
2505
2507
2508
2511
2516
2521
2524
2526
2533
2537
2540
2543
2544
2546
2547
2555
2557
2559
2561
2567
2568
2569
2572
2574
2576
2580
2584
2585
2586
2587
2588
2590
2593
2597
2598
2604
2605
2608
2609
2614
2615
2616
2619
2621
2624
2625
2627
2629
2633
2636
2637
2638
2639
2642
2644
2647
2648
2650
2651
2656
2657
2658
2659
2661
2666
2669
2671
2677
2678
2679
2683
2685
2691
2694
2695
2697
2701
2702
2706
2707
2711
2712
2713
2716
2717
2718
2721
2723
2724
2725
2727
2728
2730
2742
2743
2751
2754
2755
2757
2760
2765
2766
2767
2770
2771
2772
2775
2776
2777
2782
2790
2794
2795
2796
2798
2802
2804
2808
2809
2811
2812
2816
2818
2820
2821
2822
2824
2825
2827
2829
2830
2831
2834
2835
2837
2838
2840
2843
2845
2852
2858
2861
2862
2863
2866
2867
2869
2877
2881
2886
2887
2888
2889
2891
2892
2893
2899
2900
2904
2905
2908
2909
2910
2913
2914
2926
2927
2929
2935
2937
2938
2940
2942
2943
2947
2948
2950
2952
2954
2955
2957
2958
2959
2961
2962
2964
2965
2968
2971
2972
2974
2980
2981
2982
2986
2987
2988
2990
2991
2992
2993
2995
2997
2999
3001
3002
3003
3008
3012
3015
3016
3018
3019
3020
3022
3024
3025
3027
3029
3031
3032
3033
3034
3049
3050
3052
3054
3055
3056
3057
3058
3062
3064
3066
3067
3071
3076
3077
3078
3082
3085
3086
3087
3089
3093
3095
3098
3099
3107
3113
3116
3119
3126
3127
3131
3132
3133
3134
3136
3137
3138
3139
3140
3141
3149
3152
3155
3159
3162
3165
3169
3172
3183
3186
3187
3191
3192
3197
3198
3201
3203
3204
3205
3207
3208
3209
3215
3220
3224
3225
3232
3233
3237
3238
3241
3243
3246
3251
3254
3258
3262
3263
3268
3271
3273
3276
3277
3284
3285
3286
3288
3289
3290
3296
3297
3303
3305
3306
3308
3309
3312
3315
3316
3318
3319
3320
3321
3322
3330
3331
3333
3335
3336
3337
3346
3348
3351
3353
3356
3370
3371
3375
3376
3378
3379
3382
3383
3384
3385
3386
3387
3388
3392
3393
3395
3397
3398
3399
3400
3406
3413
3415
3417
3419
3420
3421
3426
3430
3432
3433
3434
3435
3436
3438
3442
3443
3445
3446
3448
3450
3454
3460
3463
3469
3470
3473
3477
3478
3481
3487
3489
3490
3494
3495
3499
3500
3501
3502
3504
3505
3506
3508
3516
3517
3523
3528
3529
3532
3533
3534
3535
3536
3543
3544
3547
3548
3550
3552
3555
3559
3561
3562
3563
3566
3567
3568
3570
3574
3575
3576
3579
3583
3584
3588
3596
3598
3599
3602
3603
3605
3607
3608
3609
3617
3619
3622
3624
3625
3627
3630
3634
3636
3638
3639
3642
3647
3650
3651
3655
3656
3657
3658
3661
3662
3664
3672
3673
3676
3678
3680
3682
3687
3692
3693
3697
3699
3700
3703
3711
3712
3714
3716
3718
3720
3721
3722
3731
3732
3733
3737
3738
3740
3741
3743
3745
3746
3747
3751
3755
3757
3760
3761
3765
3768
3769
3776
3778
3782
3783
3789
3791
3795
3797
3801
3802
3804
3805
3807
3809
3814
3816
3817
3819
3823
3824
3828
3829
3830
3832
3837
3839
3841
3843
3844
3845
3854
3855
3859
3860
3861
3863
3864
3868
3872
3873
3874
3877
3878
3879
3884
3887
3892
3894
3896
3901
3903
3906
3908
3909
3913
3919
3920
3921
3924
3927
3928
3931
3940
3945
3947
3950
3951
3952
3954
3960
3961
3963
3965
3967
3968
3975
3977
3985
3987
3989
3991
3992
3996
3999
4005
4008
4013
4017
4018
4020
4022
4024
4025
4030
4032
4033
4034
4035
4036
4038
4039
4041
4043
4044
4045
4047
4049
4053
4056
4061
4066
4070
4072
4080
4081
4082
4084
4094
4095
4099
4101
4102
4103
4105
4106
4109
4113
4114
4116
4117
4119
4123
4124
4126
4127
4139
4142
4144
4145
4149
4151
4153
4154
4156
4158
4159
4161
4167
4172
4173
4174
4175
4178
4180
4182
4183
4184
4189
4190
4191
4192
4195
4198
4201
4209
4210
4218
4222
4223
4224
4225
4227
4228
4230
4232
4234
4235
4245
4246
4249
4250
4253
4257
4259
4266
4267
4269
4270
4273
4276
4277
4279
4282
4283
4284
4285
4295
4301
4304
4308
4310
4311
4312
4313
4317
4319
4320
4322
4329
4330
4331
4333
4338
4339
4343
4346
4354
4358
4359
4360
4369
4371
4372
4373
4374
4377
4381
4387
4388
4389
4390
4391
4395
4401
4404
4408
4409
4410
4413
4414
4416
4417
4421
4427
4428
4429
4431
4432
4433
4434
4436
4439
4442
4444
4445
4457
4458
4459
4467
4469
4470
4474
4477
4482
4483
4485
4486
4487
4488
4491
4494
4497
4498
4499
4504
4505
4506
4511
4521
4525
4526
4527
4528
4529
4533
4539
4540
4542
4545
4547
4550
4551
4556
4557
4558
4559
4561
4563
4566
4571
4572
4573
4574
4575
4576
4577
4588
4590
4591
4597
4598
4599
4600
4601
4603
4604
4605
4608
4609
4610
4613
4614
4618
4623
4624
4625
4632
4634
4635
4637
4638
4639
4640
4642
4643
4644
4647
4648
4652
4653
4660
4662
4663
4665
4666
4667
4668
4672
4673
4676
4678
4679
4683
4684
4686
4688
4689
4692
4693
4696
4697
4700
4704
4705
4708
4709
4713
4715
4719
4720
4724
4727
4728
4732
4733
4734
4735
4739
4740
4742
4743
4744
4747
4749
4750
4753
4757
4758
4761
4763
4768
4769
4770
4771
4772
4773
4777
4779
4787
4788
4792
4793
4794
4798
4799
4800
4802
4805
4808
4811
4817
4825
4827
4830
4831
4834
4836
4839
4841
4843
4847
4848
4854
4857
4860
4861
4866
4868
4869
4871
4874
4875
4876
4877
4878
4880
4883
4886
4889
4890
4902
4904
4905
4906
4912
4916
4921
4923
4926
4928
4929
4930
4931
4935
4937
4938
4939
4944
4949
4952
4955
4961
4962
4963
4967
4968
4969
4970
4971
4972
4976
4977
4979
4980
4985
4986
4987
4988
4992
4997
4998
5000
5005
5006
5008
5012
5013
5014
5016
5017
5018
5020
5024
5026
5027
5029
5030
5032
5034
5035
5037
5038
5039
5041
5043
5045
5046
5047
5048
5052
5053
5061
5062
5064
5066
5068
5069
5072
5074
5080
5085
5086
5095
5097
5098
5103
5105
5110
5112
5113
5114
5117
5119
5122
5124
5132
5135
5137
5138
5139
5140
5141
5144
5146
5147
5152
5158
5160
5161
5163
5164
5170
5174
5179
5180
5182
5185
5188
5189
5190
5191
5193
5196
5197
5201
5203
5210
5212
5214
5216
5218
5223
5225
5226
5227
5228
5232
5240
5241
5243
5244
5247
5248
5250
5251
5252
5258
5261
5263
5264
5265
5267
5268
5269
5270
5275
5281
5282
5286
5287
5289
5290
5291
5296
5297
5302
5306
5307
5308
5309
5310
5311
5312
5317
5319
5322
5323
5324
5325
5327
5330
5335
5338
5340
5342
5344
5345
5347
5349
5350
5352
5355
5359
5361
5363
5364
5365
5367
5368
5372
5373
5377
5380
5383
5386
5387
5389
5394
5402
5403
5404
5407
5410
5413
5414
5416
5417
5418
5419
5421
5422
5425
5429
5431
5434
5435
5439
5441
5442
5444
5445
5449
5450
5454
5455
5456
5459
5462
5467
5475
5476
5482
5484
5485
5492
5496
5498
5499
5500
5506
5511
5513
5514
5516
5518
5519
5520
5522
5523
5525
5527
5530
5531
5534
5540
5546
5550
5554
5557
5565
5567
5569
5576
5579
5582
5583
5586
5587
5589
5592
5593
5599
5600
5601
5608
5609
5611
5614
5620
5635
5637
5638
5639
5640
5641
5643
5649
5654
5657
5660
5661
5663
5664
5665
5669
5670
5676
5678
5696
5697
5698
5699
5700
5702
5706
5710
5711
5713
5714
5715
5717
5718
5719
5721
5723
5728
5730
5731
5732
5734
5736
5737
5740
5742
5744
5745
5752
5755
5756
5760
5766
5770
5771
5772
5775
5777
5779
5780
5781
5784
5786
5787
5790
5793
5794
5800
5803
5811
5813
5814
5816
5817
5818
5824
5826
5833
5835
5836
5841
5842
5843
5845
5846
5849
5850
5855
5864
5866
5867
5869
5871
5874
5875
5880
5883
5886
5887
5888
5889
5890
5897
5898
5899
5901
5904
5905
5911
5913
5914
5918
5920
5921
5922
5923
5924
5930
5931
5933
5934
5936
5938
5940
5941
5942
5943
5945
5950
5953
5959
5961
5962
5965
5967
5969
5972
5973
5978
5979
5982
5983
5986
5987
5991
5993
5994
5998
5999
6001
6002
6004
6014
6016
6020
6021
6022
6024
6030
6031
6032
6035
6037
6038
6041
6043
6044
6048
6050
6053
6056
6058
6061
6062
6063
6066
6068
6069
6070
6072
6075
6076
6077
6079
6085
6087
6089
6092
6093
6098
6099
6100
6101
6103
6104
6107
6117
6127
6130
6137
6143
6144
6145
6147
6149
6152
6153
6156
6157
6160
6161
6162
6165
6169
6172
6177
6179
6180
6183
6184
6185
6188
6189
6190
6194
6195
6197
6203
6209
6212
6215
6216
6222
6228
6230
6232
6236
6238
6240
6245
6247
6250
6252
6254
6255
6261
6264
6266
6267
6269
6271
6272
6274
6277
6278
6284
6287
6288
6291
6292
6295
6297
6300
6301
6302
6303
6305
6307
6308
6311
6315
6316
6317
6321
6322
6324
6327
6328
6332
6334
6337
6338
6343
6346
6347
6348
6349
6350
6362
6363
6366
6374
6375
6376
6377
6381
6382
6383
6385
6386
6388
6389
6393
6396
6398
6407
6411
6412
6414
6415
6417
6418
6421
6422
6426
6427
6430
6433
6435
6436
6437
6439
6441
6443
6444
6447
6448
6449
6452
6453
6457
6462
6468
6474
6475
6476
6477
6478
6481
6482
6483
6485
6489
6490
6492
6494
6496
6500
6503
6507
6513
6514
6520
6521
6523
6526
6527
6528
6529
6530
6534
6540
6541
6543
6546
6550
6552
6555
6557
6559
6562
6567
6568
6569
6571
6573
6574
6575
6576
6580
6587
6589
6592
6593
6598
6599
6600
6602
6603
6604
6610
6613
6615
6617
6618
6621
6624
6625
6627
6629
6631
6632
6633
6634
6636
6638
6640
6641
6643
6644
6646
6653
6657
6661
6662
6666
6668
6671
6672
6673
6674
6677
6678
6679
6680
6682
6683
6688
6689
6692
6694
6695
6696
6697
6699
6702
6707
6708
6709
6710
6712
6718
6727
6728
6729
6730
6731
6734
6735
6742
6743
6748
6750
6759
6762
6763
6766
6768
6769
6771
6773
6776
6777
6779
6780
6782
6783
6784
6789
6792
6794
6796
6799
6800
6809
6811
6812
6813
6818
6820
6821
6825
6826
6829
6838
6841
6844
6845
6846
6853
6854
6858
6860
6871
6872
6873
6881
6882
6883
6886
6888
6893
6898
6900
6902
6905
6907
6910
6913
6917
6919
6922
6930
6935
6937
6939
6947
6951
6955
6959
6961
6962
6964
6967
6969
6975
6976
6980
6981
6984
6987
6988
6990
6992
6993
6994
6995
6999
7001
7003
7004
7005
7006
7008
7009
7010
7011
7012
7013
7016
7025
7029
7032
7034
7035
7036
7037
7040
7046
7049
7053
7054
7056
7059
7063
7065
7067
7072
7073
7075
7081
7082
7091
7094
7097
7098
7099
7100
7102
7103
7106
7107
7109
7111
7114
7115
7116
7119
7120
7125
7126
7127
7130
7133
7134
7138
7139
7144
7147
7150
7158
7161
7163
7166
7170
7173
7180
7181
7184
7185
7186
7188
7189
7190
7191
7194
7195
7198
7204
7205
7209
7210
7211
7217
7220
7224
7226
7227
7232
7236
7240
7241
7250
7251
7252
7255
7256
7258
7259
7261
7263
7264
7266
7270
7274
7275
7280
7282
7285
7286
7291
7294
7295
7299
7301
7306
7307
7309
7311
7312
7313
7314
7317
7320
7327
7328
7330
7331
7338
7339
7344
7346
7349
7353
7364
7369
7371
7376
7380
7381
7382
7387
7388
7389
7390
7393
7398
7401
7408
7409
7412
7418
7421
7425
7429
7431
7438
7440
7441
7442
7447
7450
7453
7470
7472
7481
7483
7485
7487
7491
7493
7496
7504
7506
7508
7513
7515
7517
7519
7522
7524
7527
7529
7531
7533
7534
7535
7536
7538
7541
7542
7543
7544
7545
7552
7553
7558
7561
7562
7564
7571
7573
7574
7577
7587
7591
7595
7597
7599
7604
7613
7614
7616
7617
7620
7624
7626
7629
7630
7632
7636
7644
7645
7646
7648
7650
7652
7655
7656
7658
7661
7662
7665
7669
7671
7672
7673
7678
7679
7682
7683
7688
7689
7690
7694
7697
7698
7700
7701
7706
7710
7712
7715
7716
7721
7729
7732
7736
7737
7738
7739
7741
7747
7748
7752
7756
7758
7760
7761
7767
7769
7770
7773
7774
7777
7778
7779
7782
7783
7786
7788
7794
7795
7796
7797
7801
7802
7810
7811
7814
7816
7823
7825
7827
7831
7832
7833
7835
7839
7840
7843
7844
7845
7846
7848
7850
7853
7854
7857
7861
7862
7865
7866
7870
7871
7875
7876
7877
7878
7881
7885
7889
7894
7896
7897
7903
7906
7908
7910
7911
7913
7915
7916
7919
7920
7922
7924
7927
7928
7933
7935
7936
7937
7938
7939
7940
7947
7949
7950
7951
7953
7955
7958
7963
7964
7972
7977
7980
7981
7982
7987
7989
7990
7992
7995
8000
8006
8009
8012
8013
8014
8015
8016
8020
8021
8024
8025
8026
8029
8039
8043
8048
8050
8053
8054
8055
8058
8059
8061
8062
8065
8068
8069
8070
8076
8081
8082
8087
8091
8092
8094
8095
8096
8101
8104
8106
8107
8110
8112
8115
8120
8126
8127
8128
8131
8134
8136
8139
8146
8152
8153
8160
8163
8164
8165
8170
8172
8173
8175
8178
8179
8180
8184
8189
8190
8192
8199
8200
8202
8204
8205
8207
8208
8215
8216
8218
8219
8220
8222
8223
8224
8226
8229
8232
8235
8236
8241
8244
8245
8246
8249
8251
8253
8254
8255
8256
8258
8260
8262
8264
8267
8270
8272
8278
8280
8283
8285
8286
8287
8288
8289
8291
8292
8293
8295
8296
8298
8300
8303
8304
8306
8307
8308
8312
8314
8316
8320
8322
8323
8330
8334
8336
8340
8349
8350
8351
8352
8355
8360
8361
8362
8364
8365
8366
8367
8370
8372
8374
8377
8380
8381
8386
8389
8390
8392
8394
8395
8397
8398
8399
8404
8405
8406
8407
8413
8419
8420
8424
8425
8426
8430
8431
8432
8433
8434
8435
8438
8440
8442
8443
8444
8445
8447
8448
8449
8454
8457
8461
8462
8465
8468
8469
8472
8474
8475
8476
8478
8483
8485
8486
8487
8488
8490
8491
8495
8496
8498
8500
8501
8503
8505
8507
8517
8519
8521
8522
8523
8527
8529
8530
8531
8534
8535
8537
8541
8543
8545
8546
8547
8548
8554
8557
8558
8563
8571
8572
8573
8575
8577
8583
8586
8597
8598
8602
8605
8607
8609
8610
8611
8612
8614
8626
8627
8629
8633
8635
8636
8638
8641
8642
8644
8645
8646
8647
8649
8651
8657
8660
8662
8663
8664
8666
8667
8668
8673
8678
8680
8683
8685
8686
8689
8690
8699
8702
8703
8706
8708
8709
8710
8712
8713
8719
8722
8727
8728
8731
8733
8736
8738
8739
8740
8746
8747
8748
8749
8750
8752
8753
8756
8757
8761
8763
8765
8773
8774
8775
8777
8778
8779
8781
8784
8793
8795
8796
8797
8798
8801
8802
8803
8806
8807
8811
8814
8818
8825
8828
8836
8837
8842
8845
8847
8848
8849
8851
8853
8857
8862
8863
8864
8865
8866
8867
8870
8873
8875
8876
8877
8879
8883
8886
8887
8890
8894
8897
8901
8902
8903
8912
8914
8917
8919
8920
8921
8922
8924
8927
8928
8929
8933
8938
8943
8944
8945
8946
8952
8955
8957
8959
8960
8963
8964
8965
8973
8978
8979
8982
8985
8989
8992
8996
8997
8998
9000
9006
9008
9009
9010
9019
9020
9021
9022
9027
9028
9034
9035
9040
9042
9043
9045
9051
9058
9062
9065
9066
9071
9074
9077
9078
9081
9083
9084
9085
9086
9089
9093
9094
9095
9105
9107
9114
9115
9121
9124
9126
9130
9140
9145
9146
9148
9150
9154
9155
9156
9159
9160
9164
9167
9171
9174
9175
9179
9185
9187
9189
9191
9195
9196
9200
9201
9205
9206
9209
9213
9214
9217
9218
9220
9226
9228
9230
9235
9237
9248
9251
9255
9256
9259
9260
9261
9267
9271
9272
9273
9274
9276
9277
9278
9285
9286
9288
9294
9297
9298
9305
9310
9313
9320
9323
9329
9330
9331
9332
9334
9335
9337
9340
9342
9343
9344
9346
9347
9355
9356
9357
9365
9367
9368
9370
9373
9374
9379
9380
9382
9383
9385
9387
9388
9389
9390
9391
9395
9399
9402
9409
9418
9420
9421
9430
9431
9432
9434
9435
9436
9437
9441
9442
9443
9445
9446
9449
9451
9454
9456
9459
9460
9462
9464
9465
9468
9470
9471
9472
9474
9475
9476
9478
9479
9480
9481
9483
9487
9490
9491
9493
9494
9495
9496
9500
9501
9503
9504
9505
9506
9508
9509
9510
9512
9514
9519
9523
9527
9528
9533
9535
9537
9538
9542
9544
9548
9549
9553
9554
9555
9563
9567
9569
9573
9574
9576
9579
9581
9586
9587
9590
9592
9593
9595
9597
9598
9600
9601
9606
9607
9610
9611
9615
9616
9622
9623
9626
9627
9631
9636
9641
9643
9644
9648
9649
9651
9654
9658
9659
9660
9662
9663
9664
9665
9670
9672
9673
9674
9678
9679
9681
9682
9686
9689
9691
9692
9694
9695
9696
9700
9705
9706
9708
9709
9710
9713
9714
9716
9719
9722
9723
9727
9730
9731
9733
9737
9741
9742
9744
9746
9747
9749
9755
9756
9759
9760
9761
9762
9764
9771
9772
9774
9777
9778
9779
9781
9783
9784
9786
9792
9793
9794
9797
9800
9803
9804
9805
9806
9808
9809
9811
9819
9823
9830
9831
9832
9839
9841
9843
9845
9847
9851
9852
9854
9857
9858
9864
9865
9866
9869
9870
9874
9876
9878
9879
9883
9888
9892
9895
9898
9902
9904
9905
9906
9907
9910
9911
9916
9919
9920
9922
9924
9926
9927
9930
9932
9935
9937
9939
9940
9943
9949
9950
9951
9952
9957
9964
9966
9971
9972
9973
9974
9975
9977
9978
9979
9985
9988
9989
9992
9994
9996
9997
10001
10002
10006
10011
10022
10024
10028
10031
10033
10035
10036
10038
10041
10043
10045
10047
10051
10055
10057
10059
10065
10066
10068
10070
10077
10078
10080
10082
10084
10090
10091
10092
10094
10103
10105
10108
10110
10111
10113
10116
10117
10119
10120
10121
10122
10123
10126
10129
10132
10133
10139
10144
10148
10150
10152
10153
10156
10157
10165
10168
10169
10174
10177
10183
10184
10188
10198
10201
10203
10204
10206
10208
10209
10213
10214
10217
10219
10225
10226
10227
10229
10236
10237
10238
10239
10240
10246
10248
10249
10253
10254
10255
10256
10261
10263
10264
10266
10267
10270
10271
10274
10275
10279
10282
10284
10286
10290
10291
10292
10293
10295
10296
10297
10299
10300
10306
10307
10309
10311
10312
10313
10315
10316
10322
10323
10325
10326
10329
10330
10333
10335
10337
10338
10339
10340
10344
10345
10350
10351
10352
10357
10360
10362
10368
10370
10372
10374
10375
10377
10378
10379
10380
10381
10382
10383
10387
10389
10390
10398
10399
10400
10402
10404
10406
10411
10412
10413
10415
10416
10417
10419
10421
10423
10430
10432
10435
10438
10439
10445
10446
10447
10451
10456
10458
10459
10470
10474
10475
10477
10479
10487
10491
10492
10496
10498
10502
10503
10506
10507
10508
10516
10518
10519
10521
10522
10523
10526
10527
10528
10532
10534
10535
10536
10538
10543
10549
10551
10552
10554
10555
10558
10560
10561
10562
10564
10565
10567
10572
10575
10581
10583
10584
10586
10587
10588
10590
10591
10592
10602
10604
10606
10607
10609
10613
10618
10619
10620
10625
10626
10627
10631
10633
10635
10639
10641
10642
10649
10650
10651
10659
10660
10662
10663
10664
10669
10675
10677
10681
10682
10683
10684
10685
10688
10690
10692
10697
10698
10702
10704
10706
10707
10710
10711
10714
10715
10717
10718
10719
10720
10722
10723
10727
10731
10733
10738
10740
10742
10743
10745
10746
10751
10754
10755
10761
10762
10763
10765
10766
10772
10776
10777
10778
10779
10780
10781
10782
10785
10788
10789
10791
10792
10795
10796
10800
10802
10804
10805
10807
10810
10813
10814
10820
10822
10825
10826
10828
10831
10832
10833
10835
10838
10839
10841
10843
10845
10846
10848
10854
10855
10858
10860
10863
10864
10866
10868
10870
10874
10875
10876
10878
10880
10881
10884
10885
10890
10891
10893
10895
10896
10898
10901
10904
10905
10906
10908
10910
10911
10916
10918
10920
10922
10925
10926
10927
10928
10935
10939
10940
10944
10947
10949
10953
10954
10955
10958
10959
10961
10963
10967
10968
10973
10975
10980
10981
10982
10984
10986
10988
10992
10993
10997
11002
11007
11010
11011
11016
11018
11021
11023
11024
11026
11028
11030
11034
11038
11039
11040
11043
11045
11046
11047
11049
11050
11053
11057
11058
11059
11065
11067
11071
11072
11073
11075
11076
11078
11079
11080
11081
11082
11089
11092
11094
11095
11096
11097
11099
11102
11105
11107
11109
11111
11112
11114
11116
11121
11124
11130
11131
11132
11134
11137
11138
11140
11142
11145
11148
11151
11155
11156
11158
11161
11165
11170
11173
11174
11176
11178
11179
11185
11187
11188
11194
11195
11196
11197
11198
11200
11202
11205
11207
11210
11211
11216
11218
11221
11228
11229
11231
11234
11238
11241
11249
11250
11251
11254
11258
11259
11260
11262
11263
11264
11270
11272
11273
11274
11275
11276
11278
11279
11282
11284
11289
11293
11294
11295
11296
11297
11301
11304
11306
11307
11308
11309
11313
11326
11327
11330
11334
11336
11337
11340
11343
11352
11359
11360
11362
11364
11365
11366
11371
11374
11375
11378
11381
11382
11384
11385
11388
11390
11395
11396
11397
11400
11403
11405
11410
11411
11413
11419
11420
11421
11428
11434
11438
11443
11445
11447
11448
11449
11451
11452
11453
11455
11456
11457
11458
11461
11464
11465
11467
11470
11471
11473
11474
11478
11481
11485
11489
11490
11491
11494
11496
11498
11499
11501
11502
11503
11505
11514
11517
11519
11520
11522
11524
11528
11529
11531
11533
11534
11540
11542
11543
11544
11545
11550
11554
11555
11558
11561
11563
11566
11570
11573
11574
11576
11578
11582
11584
11587
11588
11589
11590
11591
11593
11595
11596
11600
11602
11605
11608
11612
11617
11624
11625
11626
11629
11630
11631
11632
11637
11638
11640
11641
11643
11648
11650
11654
11655
11656
11661
11664
11666
11667
11669
11670
11672
11673
11676
11679
11680
11684
11685
11686
11687
11688
11690
11691
11693
11695
11696
11697
11700
11701
11702
11703
11704
11708
11710
11712
11714
11718
11719
11722
11725
11728
11730
11731
11732
11738
11741
11744
11745
11749
11750
11751
11756
11758
11761
11764
11765
11766
11769
11771
11772
11777
11778
11782
11783
11788
11789
11791
11793
11794
11796
11797
11799
11800
11801
11805
11806
11807
11813
11818
11820
11821
11822
11824
11826
11831
11834
11836
11837
11838
11839
11841
11842
11844
11846
11849
11850
11852
11858
11861
11863
11865
11866
11867
11869
11870
11872
11874
11881
11882
11887
11889
11890
11892
11897
11900
11902
11903
11904
11905
11906
11907
11910
11912
11913
11916
11920
11923
11928
11932
11933
11937
11939
11941
11943
11944
11946
11951
11959
11962
11965
11966
11971
11980
11981
11982
11986
11989
11993
11994
11995
11998
12002
12003
12004
12005
12006
12008
12011
12013
12016
12017
12018
12020
12021
12023
12024
12029
12030
12032
12035
12037
12038
12039
12041
12045
12049
12050
12051
12053
12054
12056
12061
12064
12069
12074
12075
12076
12077
12080
12085
12086
12090
12092
12096
12099
12100
12101
12106
12107
12109
12110
12111
12113
12122
12123
12128
12131
12132
12133
12134
12135
12136
12137
12138
12140
12143
12146
12147
12149
12150
12151
12152
12158
12159
12160
12161
12163
12165
12168
12169
12170
12177
12179
12186
12189
12190
12194
12196
12199
12200
12203
12206
12207
12211
12213
12214
12215
12217
12218
12220
12223
12225
12228
12229
12231
12235
12238
12241
12242
12244
12253
12254
12259
12261
12262
12263
12264
12265
12270
12272
12273
12275
12280
12281
12284
12289
12291
12293
12296
12299
12301
12302
12304
12305
12306
12310
12311
12312
12314
12316
12317
12322
12326
12327
12332
12334
12336
12338
12342
12344
12346
12347
12348
12350
12356
12357
12358
12361
12362
12363
12364
12366
12367
12373
12374
12375
12382
12384
12386
12389
12393
12398
12400
12403
12407
12408
12411
12412
12414
12415
12416
12418
12419
12422
12423
12426
12428
12429
12432
12434
12435
12437
12438
12439
12442
12443
12444
12448
12450
12451
12455
12456
12463
12468
12470
12478
12479
12480
12482
12483
12485
12486
12487
12490
12494
12496
12499
12503
12504
12505
12506
12507
12508
12513
12514
12515
12516
12518
12521
12522
12525
12530
12531
12532
12534
12535
12536
12537
12538
12544
12546
12547
12549
12551
12552
12553
12554
12556
12560
12564
12566
12569
12570
12572
12574
12579
12580
12581
12582
12585
12588
12591
12592
12594
12595
12597
12599
12607
12610
12613
12617
12619
12621
12622
12624
12626
12630
12631
12632
12635
12637
12638
12639
12640
12643
12646
12647
12650
12656
12658
12659
12663
12664
12667
12668
12669
12670
12672
12673
12677
12682
12683
12685
12688
12695
12696
12700
12703
12704
12713
12714
12717
12719
12720
12721
12722
12723
12724
12725
12727
12730
12732
12733
12737
12740
12743
12746
12752
12755
12758
12762
12764
12766
12767
12768
12769
12770
12773
12774
12777
12784
12785
12790
12793
12794
12795
12799
12800
12805
12808
12811
12813
12817
12822
12827
12830
12831
12833
12835
12836
12839
12841
12847
12848
12851
12861
12865
12867
12868
12869
12879
12880
12881
12886
12888
12890
12891
12892
12893
12896
12897
12907
12910
12912
12916
12917
12918
12921
12922
12923
12924
12925
12930
12932
12934
12935
12936
12937
12940
12941
12944
12948
12949
12952
12954
12960
12961
12962
12963
12964
12965
12968
12969
12970
12971
12976
12977
12978
12980
12981
12983
12989
12992
12994
12998
13003
13004
13006
13008
13009
13012
13013
13015
13016
13018
13019
13021
13023
13026
13027
13028
13029
13031
13032
13033
13039
13040
13042
13044
13048
13049
13053
13054
13056
13057
13063
13065
13066
13071
13072
13073
13076
13077
13078
13079
13080
13083
13087
13092
13093
13094
13096
13097
13098
13100
13102
13103
13106
13107
13111
13113
13115
13116
13119
13120
13126
13128
13129
13132
13134
13138
13141
13142
13144
13148
13150
13151
13153
13158
13159
13162
13164
13170
13171
13173
13174
13175
13178
13180
13181
13182
13187
13194
13198
13199
13200
13201
13205
13209
13211
13213
13214
13216
13220
13223
13224
13225
13227
13232
13234
13235
13237
13239
13240
13246
13249
13254
13258
13260
13262
13265
13268
13271
13273
13276
13277
13281
13282
13285
13292
13294
13296
13299
13301
13303
13306
13307
13310
13312
13314
13315
13316
13317
13318
13319
13322
13323
13326
13328
13329
13330
13331
13333
13334
13336
13338
13341
13342
13344
13348
13351
13352
13358
13359
13360
13362
13366
13368
13372
13373
13379
13380
13382
13384
13385
13386
13398
13402
13403
13404
13407
13411
13418
13420
13423
13424
13426
13431
13432
13438
13439
13442
13443
13445
13447
13449
13451
13452
13455
13457
13460
13461
13464
13465
13466
13470
13471
13478
13479
13482
13483
13487
13489
13490
13493
13494
13495
13497
13499
13501
13502
13504
13505
13506
13511
13514
13516
13519
13524
13525
13526
13528
13529
13535
13536
13538
13540
13545
13546
13547
13549
13550
13552
13554
13555
13559
13561
13563
13566
13569
13572
13581
13582
13585
13586
13587
13588
13594
13597
13600
13607
13608
13611
13613
13614
13619
13620
13621
13622
13624
13629
13630
13632
13637
13640
13647
13648
13651
13655
13657
13662
13663
13665
13666
13668
13669
13675
13684
13686
13687
13690
13695
13696
13700
13701
13702
13706
13707
13709
13710
13714
13715
13716
13717
13718
13721
13723
13726
13727
13728
13730
13732
13734
13736
13738
13739
13740
13743
13748
13750
13751
13756
13757
13760
13765
13769
13772
13775
13776
13783
13785
13788
13789
13790
13791
13793
13796
13797
13798
13800
13801
13807
13808
13813
13815
13816
13818
13819
13820
13824
13825
13826
13827
13829
13830
13831
13832
13834
13838
13840
13843
13846
13848
13850
13852
13854
13856
13859
13860
13861
13862
13864
13866
13867
13869
13870
13875
13878
13880
13882
13885
13886
13889
13892
13893
13894
13895
13899
13901
13904
13905
13910
13913
13916
13917
13922
13924
13925
13926
13928
13929
13930
13931
13932
13933
13938
13942
13943
13945
13948
13949
13952
13956
13957
13962
13963
13964
13965
13966
13970
13971
13972
13975
13976
13981
13982
13986
13987
13991
13992
13995
14000
14001
14005
14007
14008
14009
14010
14011
14012
14013
14016
14017
14018
14023
14025
14029
14030
14031
14034
14037
14038
14039
14041
14042
14044
14045
14051
14054
14058
14059
14060
14065
14066
14069
14073
14074
14077
14079
14080
14084
14085
14086
14088
14097
14100
14102
14103
14106
14107
14109
14113
14115
14118
14122
14123
14129
14132
14134
14136
14139
14140
14141
14142
14143
14144
14146
14151
14155
14156
14159
14160
14164
14165
14173
14175
14176
14177
14179
14181
14184
14186
14187
14188
14189
14190
14195
14197
14198
14200
14204
14205
14206
14209
14210
14213
14215
14216
14217
14218
14223
14226
14227
14230
14233
14235
14237
14239
14240
14241
14244
14245
14247
14248
14250
14251
14255
14257
14258
14263
14268
14269
14273
14274
14277
14279
14283
14284
14288
14290
14292
14294
14296
14298
14300
14304
14305
14306
14309
14312
14313
14314
14316
14317
14318
14321
14326
14328
14329
14330
14332
14334
14338
14340
14350
14351
14352
14356
14358
14361
14365
14367
14374
14375
14376
14378
14382
14389
14391
14393
14395
14396
14400
14401
14402
14406
14408
14409
14410
14412
14414
14417
14418
14419
14420
14423
14425
14427
14430
14432
14433
14435
14436
14438
14439
14441
14442
14443
14446
14447
14448
14449
14452
14453
14455
14456
14457
14460
14463
14465
14467
14468
14469
14471
14475
14477
14480
14485
14487
14491
14492
14496
14497
14501
14502
14504
14509
14510
14512
14514
14522
14526
14533
14534
14535
14537
14539
14543
14544
14546
14550
14551
14552
14561
14562
14566
14567
14572
14573
14575
14576
14578
14582
14587
14594
14599
14604
14606
14608
14611
14615
14616
14620
14622
14625
14627
14629
14630
14631
14634
14635
14637
14638
14639
14641
14647
14650
14651
14652
14665
14669
14670
14673
14675
14676
14677
14682
14684
14686
14687
14688
14693
14696
14699
14700
14702
14703
14707
14709
14715
14717
14718
14724
14728
14729
14730
14732
14733
14735
14743
14745
14746
14747
14748
14749
14752
14754
14759
14761
14762
14764
14765
14769
14771
14773
14775
14777
14780
14781
14787
14789
14790
14793
14796
14797
14798
14799
14800
14803
14804
14805
14811
14815
14829
14830
14833
14834
14835
14837
14839
14840
14841
14843
14846
14847
14850
14855
14856
14858
14860
14862
14865
14867
14868
14873
14875
14876
14877
14878
14879
14880
14886
14887
14894
14895
14896
14897
14899
14901
14905
14907
14911
14912
14914
14915
14916
14919
14922
14923
14927
14931
14933
14934
14935
14937
14945
14946
14949
14950
14954
14959
14960
14964
14965
14968
14969
14972
14973
14974
14976
14977
14981
14984
14985
14986
14987
14992
14995
14996
14997
15001
15003
15004
15011
15013
15014
15015
15016
15017
15018
15019
15021
15023
15024
15026
15027
15030
15037
15038
15039
15042
15045
15048
15056
15057
15059
15061
15062
15065
15069
15070
15071
15072
15073
15076
15077
15082
15083
15084
15085
15086
15090
15093
15094
15096
15101
15102
15107
15117
15118
15119
15122
15125
15129
15132
15133
15134
15135
15136
15137
15142
15145
15149
15150
15151
15154
15156
15164
15169
15170
15172
15173
15174
15176
15177
15178
15179
15183
15185
15189
15190
15194
15201
15203
15205
15208
15209
15211
15212
15213
15214
15216
15218
15221
15222
15223
15230
15232
15233
15235
15237
15238
15239
15240
15244
15245
15246
15249
15250
15251
15253
15254
15256
15257
15258
15259
15260
15261
15264
15267
15269
15270
15271
15273
15276
15277
15280
15282
15289
15290
15291
15300
15303
15307
15309
15310
15312
15313
15321
15323
15326
15327
15333
15335
15339
15340
15341
15342
15345
15346
15349
15351
15352
15354
15356
15360
15362
15363
15367
15369
15373
15374
15379
15381
15382
15384
15385
15386
15387
15388
15390
15391
15393
15395
15396
15400
15403
15413
15414
15415
15416
15417
15419
15420
15422
15423
15426
15428
15429
15432
15434
15436
15438
15439
15440
15441
15443
15448
15451
15459
15460
15462
15464
15466
15468
15469
15472
15475
15477
15479
15480
15490
15493
15494
15496
15503
15504
15505
15507
15510
15511
15523
15526
15531
15533
15535
15536
15538
15542
15543
15544
15545
15546
15547
15550
15553
15554
15559
15561
15563
15566
15567
15568
15569
15575
15582
15584
15585
15587
15591
15600
15602
15603
15604
15605
15607
15611
15613
15616
15617
15621
15623
15627
15628
15629
15639
15640
15641
15643
15645
15648
15649
15651
15652
15659
15661
15662
15663
15664
15666
15672
15676
15678
15682
15683
15684
15685
15688
15693
15694
15703
15707
15708
15709
15712
15715
15716
15719
15720
15722
15723
15727
15730
15732
15734
15735
15742
15745
15748
15755
15756
15761
15762
15763
15765
15766
15771
15772
15780
15784
15787
15789
15790
15800
15801
15804
15807
15809
15810
15813
15814
15815
15816
15817
15818
15821
15824
15826
15831
15832
15834
15835
15840
15848
15850
15857
15859
15860
15861
15864
15868
15869
15871
15874
15875
15879
15880
15884
15885
15886
15887
15890
15893
15894
15895
15897
15898
15899
15900
15901
15903
15904
15905
15909
15916
15918
15922
15929
15932
15933
15934
15935
15941
15942
15945
15946
15947
15950
15956
15957
15960
15964
15968
15969
15970
15974
15977
15978
15982
15985
15986
15988
15992
15993
15997
15999
16000
16003
16004
16005
16006
16007
16012
16015
16018
16019
16023
16028
16030
16032
16034
16035
16037
16041
16046
16053
16054
16055
16058
16068
16072
16074
16075
16079
16081
16088
16090
16095
16096
16097
16100
16102
16104
16105
16106
16107
16109
16110
16111
16113
16115
16117
16118
16123
16125
16127
16128
16132
16134
16135
16136
16138
16150
16151
16152
16153
16155
16156
16161
16164
16165
16166
16167
16169
16173
16176
16179
16180
16181
16182
16186
16188
16193
16194
16196
16198
16199
16201
16206
16208
16209
16210
16213
16214
16217
16221
16224
16228
16231
16232
16238
16239
16243
16248
16251
16252
16258
16261
16264
16266
16267
16268
16272
16273
16275
16280
16281
16285
16286
16290
16292
16297
16299
16300
16301
16304
16308
16309
16310
16314
16315
16319
16321
16323
16326
16329
16331
16334
16336
16340
16341
16343
16346
16348
16350
16351
16355
16356
16357
16358
16360
16361
16362
16366
16368
16369
16370
16375
16376
16379
16382
16383
16384
16387
16389
16391
16394
16399
16403
16404
16413
16416
16420
16425
16428
16429
16435
16440
16441
16443
16449
16450
16451
16452
16453
16455
16456
16459
16460
16467
16468
16469
16473
16478
16480
16483
16487
16488
16491
16492
16496
16498
16499
16501
16503
16512
16514
16515
16516
16518
16521
16523
16525
16527
16531
16536
16538
16539
16542
16544
16549
16551
16558
16560
16561
16562
16563
16565
16569
16571
16574
16575
16580
16589
16591
16592
16595
16597
16599
16600
16601
16603
16605
16608
16612
16613
16614
16615
16617
16620
16621
16630
16631
16634
16641
16644
16645
16648
16659
16660
16664
16666
16672
16675
16678
16679
16681
16683
16684
16690
16691
16698
16699
16700
16702
16703
16705
16708
16711
16712
16713
16714
16715
16719
16721
16725
16729
16730
16733
16734
16735
16741
16742
16745
16747
16749
16750
16751
16753
16761
16765
16768
16769
16772
16773
16774
16777
16779
16780
16784
16785
16786
16789
16790
16791
16794
16795
16796
16801
16803
16806
16807
16810
16811
16812
16813
16814
16815
16817
16818
16819
16821
16825
16827
16829
16831
16832
16833
16835
16837
16838
16839
16847
16848
16851
16855
16861
16862
16863
16864
16866
16867
16869
16871
16878
16879
16880
16881
16882
16884
16887
16891
16895
16898
16899
16900
16903
16906
16907
16913
16917
16921
16922
16923
16924
16925
16926
16929
16935
16938
16940
16946
16947
16948
16950
16953
16963
16966
16968
16971
16973
16977
16979
16980
16982
16984
16986
16987
16989
16990
16991
16992
16993
16997
16999
17002
17004
17010
17011
17013
17015
17020
17021
17022
17023
17024
17028
17032
17036
17037
17038
17045
17046
17047
17054
17055
17056
17058
17062
17065
17066
17068
17070
17073
17075
17078
17079
17080
17083
17085
17087
17091
17093
17096
17097
17102
17107
17109
17112
17113
17114
17116
17119
17127
17128
17131
17133
17136
17137
17138
17139
17140
17141
17143
17145
17147
17148
17150
17152
17154
17155
17160
17164
17165
17167
17170
17171
17178
17180
17183
17184
17185
17186
17187
17190
17193
17195
17202
17207
17209
17212
17220
17222
17225
17230
17231
17233
17236
17238
17243
17244
17247
17251
17252
17253
17259
17261
17263
17264
17265
17267
17268
17270
17271
17272
17273
17276
17277
17286
17291
17293
17297
17298
17299
17300
17303
17305
17306
17312
17314
17315
17317
17321
17323
17324
17328
17329
17330
17331
17334
17335
17336
17339
17340
17343
17348
17350
17353
17357
17362
17363
17365
17366
17372
17373
17374
17378
17382
17388
17394
17396
17397
17402
17404
17405
17409
17410
17413
17415
17416
17430
17434
17437
17439
17445
17447
17449
17450
17458
17459
17460
17461
17463
17466
17467
17468
17476
17478
17481
17484
17489
17490
17494
17495
17498
17499
17508
17510
17513
17515
17516
17518
17519
17520
17523
17527
17529
17531
17532
17535
17541
17543
17544
17546
17549
17557
17558
17561
17562
17565
17566
17567
17572
17573
17574
17577
17578
17579
17580
17583
17584
17585
17591
17593
17594
17595
17596
17597
17601
17602
17608
17611
17618
17621
17622
17623
17624
17626
17632
17633
17634
17638
17641
17643
17644
17645
17648
17649
17650
17653
17654
17656
17659
17660
17661
17664
17667
17672
17673
17674
17677
17678
17680
17682
17683
17684
17691
17692
17693
17695
17696
17699
17701
17706
17708
17710
17712
17713
17716
17719
17723
17724
17725
17726
17727
17728
17729
17731
17732
17735
17741
17742
17746
17747
17750
17752
17755
17757
17761
17766
17768
17769
17773
17782
17784
17788
17792
17794
17795
17796
17797
17798
17801
17802
17805
17807
17809
17810
17814
17821
17822
17824
17825
17826
17827
17828
17830
17835
17836
17841
17842
17844
17847
17849
17851
17853
17856
17857
17858
17859
17860
17863
17866
17867
17868
17870
17874
17882
17884
17885
17889
17891
17897
17899
17903
17908
17909
17910
17911
17918
17919
17920
17921
17924
17925
17929
17930
17937
17938
17939
17940
17941
17943
17945
17947
17949
17950
17951
17952
17954
17955
17956
17957
17958
17966
17967
17968
17971
17977
17981
17984
17986
17987
17990
17992
17993
17997
18005
18010
18012
18015
18016
18021
18024
18026
18031
18034
18039
18044
18049
18051
18061
18062
18063
18064
18067
18070
18071
18072
18073
18074
18075
18076
18078
18085
18088
18091
18094
18099
18104
18112
18114
18115
18118
18119
18122
18126
18127
18128
18132
18136
18139
18147
18148
18149
18153
18156
18159
18163
18164
18167
18170
18174
18175
18176
18182
18183
18190
18192
18194
18196
18201
18202
18203
18204
18206
18207
18208
18213
18214
18215
18217
18220
18222
18223
18227
18229
18231
18235
18238
18243
18246
18247
18250
18251
18254
18256
18257
18258
18265
18267
18269
18270
18274
18275
18276
18277
18278
18284
18285
18291
18292
18294
18295
18297
18301
18302
18305
18309
18310
18312
18313
18314
18315
18316
18318
18319
18322
18323
18324
18325
18327
18329
18337
18341
18344
18348
18350
18353
18359
18360
18361
18366
18368
18372
18374
18375
18377
18379
18380
18381
18382
18383
18388
18389
18392
18394
18395
18397
18399
18402
18406
18408
18411
18412
18413
18414
18419
18421
18427
18428
18433
18434
18435
18440
18442
18445
18454
18456
18460
18471
18472
18476
18479
18487
18491
18492
18500
18501
18507
18509
18510
18512
18515
18516
18517
18522
18525
18526
18528
18530
18531
18532
18533
18537
18538
18539
18541
18542
18547
18548
18552
18554
18556
18558
18559
18561
18563
18570
18571
18573
18575
18579
18580
18582
18590
18591
18594
18597
18598
18601
18604
18605
18606
18607
18608
18614
18616
18623
18625
18627
18628
18630
18631
18634
18637
18638
18648
18650
18657
18658
18659
18667
18668
18670
18672
18676
18677
18681
18682
18684
18685
18689
18691
18692
18693
18698
18699
18700
18701
18703
18704
18708
18714
18715
18720
18722
18724
18728
18729
18730
18731
18733
18736
18738
18745
18746
18751
18753
18756
18758
18762
18771
18772
18779
18783
18784
18787
18790
18791
18792
18793
18794
18795
18796
18800
18801
18802
18806
18807
18812
18814
18817
18820
18821
18823
18824
18825
18828
18829
18831
18837
18841
18842
18844
18845
18850
18851
18852
18853
18860
18861
18863
18864
18865
18866
18867
18868
18871
18875
18877
18878
18879
18881
18883
18886
18891
18893
18894
18896
18898
18899
18901
18902
18903
18906
18909
18911
18912
18914
18916
18917
18918
18923
18927
18928
18929
18931
18937
18939
18946
18947
18951
18952
18953
18954
18955
18956
18960
18963
18965
18969
18970
18979
18980
18981
18982
18983
18988
18993
18995
18996
18999
19000
19008
19010
19012
19013
19014
19016
19019
19023
19024
19025
19026
19027
19028
19029
19032
19036
19038
19043
19044
19045
19046
19048
19052
19053
19058
19060
19064
19065
19066
19068
19069
19070
19073
19075
19077
19079
19080
19086
19089
19090
19094
19098
19100
19101
19102
19106
19107
19109
19110
19111
19112
19116
19117
19119
19121
19122
19123
19125
19129
19130
19132
19133
19136
19137
19138
19139
19140
19144
19145
19146
19149
19150
19151
19152
19153
19156
19157
19159
19160
19161
19162
19164
19165
19166
19169
19171
19174
19176
19179
19186
19187
19190
19192
19195
19196
19199
19201
19204
19205
19208
19213
19218
19222
19223
19224
19225
19232
19233
19234
19235
19236
19238
19246
19253
19254
19256
19257
19258
19259
19263
19264
19266
19268
19271
19273
19274
19277
19280
19281
19282
19283
19286
19290
19294
19295
19297
19298
19299
19300
19301
19302
19305
19308
19309
19310
19311
19317
19319
19321
19323
19324
19325
19329
19330
19341
19344
19356
19358
19359
19361
19363
19364
19365
19366
19369
19370
19376
19378
19383
19384
19390
19393
19399
19400
19401
19404
19412
19413
19414
19416
19421
19423
19425
19428
19431
19433
19442
19443
19445
19448
19451
19452
19455
19457
19460
19462
19464
19467
19469
19470
19473
19474
19479
19480
19481
19482
19485
19486
19487
19488
19491
19492
19494
19496
19497
19498
19499
19500
19501
19502
19503
19508
19510
19515
19516
19519
19520
19521
19523
19524
19525
19527
19531
19532
19534
19535
19536
19537
19538
19539
19540
19541
19545
19546
19547
19549
19553
19557
19558
19559
19562
19564
19566
19567
19568
19571
19573
19575
19578
19579
19581
19582
19583
19585
19586
19587
19589
19597
19600
19602
19603
19604
19606
19607
19608
19613
19615
19617
19618
19621
19626
19629
19631
19635
19638
19640
19641
19642
19649
19651
19652
19653
19655
19656
19662
19666
19667
19668
19669
19670
19673
19675
19676
19678
19679
19680
19682
19685
19686
19688
19689
19690
19692
19693
19695
19697
19701
19702
19703
19704
19706
19708
19710
19714
19720
19722
19725
19726
19727
19728
19730
19731
19732
19733
19734
19739
19740
19742
19743
19746
19748
19757
19759
19761
19762
19763
19764
19766
19767
19768
19774
19777
19778
19781
19782
19784
19786
19789
19795
19796
19797
19798
19805
19806
19813
19815
19816
19818
19820
19822
19823
19824
19825
19827
19830
19836
19839
19844
19847
19849
19850
19852
19856
19858
19860
19861
19864
19866
19868
19869
19870
19874
19876
19877
19878
19883
19884
19889
19892
19897
19899
19902
19903
19905
19911
19918
19919
19920
19923
19930
19932
19933
19940
19941
19945
19946
19950
19951
19953
19956
19960
19961
19963
19966
19977
19979
19980
19981
19984
19986
19992
19996
19999
20002
20007
20008
20009
20011
20017
20020
20021
20022
20027
20028
20029
20031
20034
20036
20037
20038
20045
20046
20048
20050
20056
20057
20058
20064
20066
20072
20075
20076
20077
20083
20084
20085
20086
20087
20089
20090
20093
20094
20095
20097
20101
20103
20105
20106
20107
20109
20111
20114
20118
20120
20121
20122
20126
20128
20132
20135
20138
20139
20143
20146
20149
20152
20153
20156
20158
20161
20162
20165
20170
20172
20174
20175
20178
20179
20181
20183
20185
20186
20187
20189
20190
20192
20193
20195
20196
20197
20201
20202
20203
20204
20206
20209
20211
20215
20226
20228
20230
20234
20235
20237
20243
20244
20247
20248
20251
20254
20256
20257
20258
20259
20260
20266
20267
20271
20272
20274
20275
20280
20282
20284
20286
20287
20292
20296
20297
20303
20304
20305
20307
20309
20310
20315
20316
20323
20327
20328
20329
20331
20332
20334
20337
20338
20340
20341
20343
20344
20345
20346
20347
20349
20352
20356
20359
20362
20364
20368
20369
20371
20374
20375
20379
20380
20384
20385
20386
20388
20390
20396
20397
20399
20402
20404
20406
20409
20410
20411
20412
20413
20414
20417
20419
20421
20424
20427
20429
20430
20431
20436
20440
20446
20448
20449
20451
20452
20454
20455
20458
20463
20466
20467
20470
20472
20473
20474
20475
20480
20481
20482
20487
20488
20491
20492
20494
20498
20499
20505
20509
20510
20511
20513
20515
20517
20519
20521
20525
20527
20529
20531
20536
20541
20545
20546
20548
20549
20552
20554
20555
20559
20560
20561
20562
20563
20565
20567
20571
20573
20574
20575
20583
20584
20587
20588
20589
20591
20592
20594
20597
20600
20602
20604
20605
20606
20607
20608
20610
20614
20615
20616
20618
20619
20620
20623
20624
20629
20631
20635
20636
20640
20643
20644
20649
20650
20651
20653
20654
20655
20656
20669
20671
20672
20680
20682
20684
20685
20688
20689
20693
20696
20697
20699
20701
20703
20704
20705
20706
20708
20709
20710
20712
20713
20719
20724
20725
20730
20733
20734
20735
20739
20740
20741
20746
20747
20750
20751
20758
20759
20762
20767
20768
20769
20772
20776
20777
20778
20779
20780
20782
20786
20792
20793
20794
20798
20800
20801
20809
20810
20813
20814
20815
20816
20818
20819
20820
20821
20823
20824
20830
20834
20835
20844
20847
20848
20849
20852
20853
20854
20858
20859
20860
20861
20864
20866
20867
20871
20872
20874
20875
20879
20881
20884
20885
20886
20890
20891
20893
20898
20903
20904
20905
20906
20908
20912
20914
20915
20920
20924
20925
20926
20927
20931
20933
20940
20941
20943
20948
20949
20950
20953
20955
20958
20962
20963
20964
20966
20970
20971
20973
20976
20980
20982
20987
20988
20989
20991
20999
21000
21001
21002
21004
21005
21007
21011
21012
21013
21014
21016
21022
21023
21029
21030
21034
21036
21040
21042
21045
21046
21051
21056
21057
21058
21067
21069
21070
21080
21083
21084
21085
21086
21087
21088
21089
21090
21091
21094
21098
21099
21106
21109
21111
21115
21116
21118
21122
21123
21126
21135
21138
21140
21143
21144
21145
21147
21148
21154
21156
21168
21170
21172
21176
21178
21179
21180
21182
21191
21192
21194
21201
21203
21205
21207
21211
21212
21214
21215
21218
21221
21222
21223
21225
21227
21228
21229
21230
21233
21235
21237
21245
21247
21249
21250
21252
21254
21255
21264
21267
21270
21272
21274
21276
21280
21282
21284
21287
21290
21291
21293
21300
21303
21305
21309
21311
21313
21320
21321
21322
21326
21327
21328
21329
21338
21339
21343
21345
21347
21348
21354
21355
21357
21359
21363
21364
21366
21367
21369
21371
21372
21381
21382
21384
21389
21391
21393
21395
21397
21403
21404
21407
21409
21410
21412
21413
21414
21415
21416
21425
21426
21427
21428
21433
21434
21435
21438
21446
21448
21449
21452
21453
21455
21460
21461
21465
21469
21470
21472
21474
21476
21477
21480
21482
21486
21487
21492
21495
21496
21497
21499
21505
21510
21511
21515
21516
21517
21520
21525
21528
21533
21539
21542
21544
21547
21550
21554
21555
21556
21557
21558
21562
21564
21565
21566
21568
21570
21573
21575
21577
21578
21583
21586
21587
21589
21590
21591
21592
21600
21604
21605
21607
21609
21614
21616
21619
21622
21623
21625
21630
21631
21632
21639
21642
21646
21647
21648
21649
21650
21655
21657
21662
21667
21673
21677
21678
21680
21681
21684
21691
21693
21698
21699
21700
21702
21703
21704
21707
21709
21711
21713
21717
21718
21720
21724
21728
21734
21735
21737
21741
21742
21743
21744
21745
21747
21748
21750
21752
21753
21754
21755
21757
21759
21763
21766
21767
21768
21771
21774
21776
21777
21779
21781
21783
21784
21785
21786
21788
21791
21792
21794
21795
21797
21798
21804
21806
21808
21811
21814
21817
21818
21820
21821
21824
21826
21833
21839
21840
21841
21842
21845
21846
21848
21850
21855
21857
21858
21862
21863
21864
21866
21873
21876
21877
21881
21882
21884
21887
21894
21898
21900
21902
21903
21906
21907
21908
21909
21911
21914
21915
21917
21919
21920
21922
21923
21924
21929
21933
21936
21939
21941
21942
21944
21945
21948
21954
21955
21957
21962
21964
21965
21966
21971
21973
21982
21989
21992
21993
21994
21997
21998
21999
22001
22002
22003
22008
22010
22013
22014
22016
22023
22028
22029
22031
22034
22037
22048
22052
22054
22055
22059
22065
22069
22072
22073
22075
22078
22079
22081
22082
22083
22084
22086
22089
22091
22093
22095
22096
22100
22103
22104
22105
22106
22110
22112
22113
22116
22117
22118
22119
22120
22122
22125
22128
22129
22130
22131
22133
22135
22136
22139
22140
22146
22148
22149
22151
22152
22153
22154
22156
22160
22163
22165
22167
22173
22174
22179
22185
22186
22191
22198
22200
22202
22203
22205
22210
22211
22214
22216
22217
22223
22224
22226
22227
22230
22232
22233
22235
22236
22242
22246
22247
22250
22252
22255
22257
22259
22260
22262
22263
22265
22266
22268
22269
22272
22274
22279
22283
22284
22285
22286
22289
22292
22295
22296
22297
22298
22300
22304
22308
22311
22313
22316
22318
22319
22320
22321
22322
22323
22329
22331
22333
22335
22338
22342
22346
22349
22350
22352
22357
22361
22362
22363
22364
22365
22366
22367
22369
22395
22398
22399
22400
22401
22402
22403
22405
22411
22417
22419
22421
22423
22432
22433
22437
22441
22445
22447
22450
22452
22455
22457
22459
22463
22465
22468
22469
22470
22471
22472
22480
22481
22484
22486
22490
22491
22492
22493
22496
22497
22505
22510
22513
22517
22519
22520
22521
22522
22527
22528
22530
22532
22533
22540
22544
22545
22547
22555
22559
22562
22564
22566
22569
22570
22574
22575
22577
22578
22583
22585
22586
22590
22594
22595
22596
22597
22601
22603
22604
22605
22608
22611
22615
22616
22619
22622
22623
22628
22629
22630
22631
22634
22636
22637
22639
22641
22645
22646
22648
22652
22653
22660
22661
22662
22663
22664
22671
22672
22675
22678
22679
22680
22681
22683
22685
22690
22693
22698
22699
22700
22703
22704
22708
22709
22710
22714
22715
22716
22722
22729
22732
22735
22736
22737
22738
22739
22743
22747
22750
22754
22755
22756
22760
22761
22764
22767
22768
22772
22776
22777
22778
22784
22786
22787
22788
22790
22793
22794
22799
22800
22811
22812
22814
22815
22816
22820
22821
22827
22831
22832
22833
22835
22841
22842
22844
22845
22846
22847
22848
22849
22854
22855
22857
22859
22861
22863
22867
22868
22869
22872
22873
22874
22884
22885
22888
22891
22896
22897
22900
22903
22904
22905
22906
22912
22913
22916
22918
22919
22922
22929
22933
22935
22936
22939
22950
22952
22954
22960
22961
22963
22966
22967
22968
22972
22974
22976
22977
22978
22983
22984
22993
22997
22998
23000
23001
23007
23009
23010
23011
23015
23020
23021
23024
23026
23029
23030
23032
23034
23039
23046
23049
23051
23056
23057
23058
23060
23061
23063
23066
23069
23073
23076
23078
23086
23087
23092
23095
23096
23098
23099
23100
23101
23106
23107
23109
23113
23114
23115
23118
23119
23121
23123
23127
23128
23130
23136
23137
23140
23142
23144
23145
23146
23147
23150
23152
23154
23162
23164
23167
23171
23174
23175
23176
23181
23182
23185
23186
23187
23189
23192
23193
23200
23204
23206
23211
23212
23213
23214
23216
23217
23223
23224
23225
23228
23234
23238
23240
23241
23245
23247
23249
23250
23251
23254
23258
23264
23266
23268
23270
23271
23273
23275
23276
23277
23278
23281
23282
23283
23289
23290
23291
23292
23293
23294
23295
23297
23298
23299
23301
23302
23303
23304
23306
23308
23309
23311
23312
23313
23316
23318
23320
23322
23325
23327
23336
23339
23340
23343
23345
23346
23347
23350
23351
23352
23353
23354
23356
23358
23361
23362
23365
23366
23377
23380
23386
23387
23389
23393
23403
23404
23405
23406
23407
23411
23412
23413
23414
23415
23416
23418
23422
23425
23428
23432
23435
23438
23439
23441
23444
23446
23447
23450
23451
23452
23455
23457
23459
23460
23463
23465
23467
23470
23480
23481
23482
23487
23490
23491
23493
23494
23496
23501
23505
23506
23509
23511
23512
23516
23520
23521
23522
23523
23525
23527
23530
23536
23537
23546
23549
23553
23554
23558
23561
23562
23564
23565
23567
23569
23572
23573
23576
23584
23585
23586
23590
23592
23594
23596
23597
23605
23607
23609
23611
23614
23615
23617
23619
23629
23630
23633
23636
23641
23645
23647
23649
23651
23653
23655
23657
23660
23661
23662
23665
23666
23673
23674
23676
23688
23690
23691
23693
23695
23697
23701
23705
23711
23712
23714
23718
23719
23721
23724
23729
23736
23737
23740
23741
23742
23743
23750
23756
23757
23759
23760
23762
23767
23770
23771
23772
23775
23776
23777
23778
23779
23781
23782
23787
23788
23798
23802
23803
23804
23805
23810
23813
23815
23816
23817
23826
23827
23828
23829
23833
23834
23837
23849
23850
23851
23853
23856
23858
23859
23860
23863
23866
23870
23874
23875
23876
23884
23887
23889
23893
23897
23900
23901
23902
23905
23906
23907
23914
23917
23919
23921
23922
23923
23928
23930
23936
23938
23941
23946
23947
23949
23961
23964
23967
23971
23978
23981
23982
23984
23987
23988
23990
23994
23997
23999
24005
24006
24010
24012
24019
24020
24024
24026
24029
24030
24036
24040
24045
24046
24047
24048
24049
24050
24055
24056
24058
24059
24060
24062
24064
24067
24068
24069
24070
24082
24094
24095
24101
24104
24108
24111
24113
24115
24116
24118
24122
24123
24124
24125
24126
24127
24128
24130
24134
24136
24137
24138
24139
24144
24157
24158
24160
24161
24163
24166
24169
24170
24172
24174
24176
24180
24181
24183
24186
24188
24190
24194
24195
24196
24197
24199
24201
24202
24204
24205
24206
24209
24220
24221
24222
24224
24226
24227
24228
24231
24232
24239
24240
24241
24242
24243
24245
24246
24248
24251
24256
24259
24261
24263
24265
24266
24267
24269
24271
24276
24278
24282
24284
24285
24289
24293
24295
24298
24299
24300
24301
24305
24307
24308
24311
24319
24320
24323
24328
24330
24332
24334
24338
24340
24342
24343
24347
24351
24354
24355
24356
24360
24361
24364
24367
24368
24370
24372
24373
24375
24377
24381
24382
24383
24385
24387
24389
24392
24403
24408
24409
24416
24417
24421
24423
24425
24428
24431
24438
24442
24443
24448
24452
24458
24459
24461
24466
24467
24468
24469
24470
24471
24474
24476
24477
24480
24482
24488
24491
24493
24495
24497
24498
24504
24505
24507
24508
24509
24510
24511
24512
24515
24516
24517
24520
24521
24522
24523
24525
24529
24531
24533
24537
24540
24541
24546
24547
24550
24552
24553
24555
24559
24560
24561
24564
24566
24569
24570
24572
24573
24574
24575
24578
24580
24581
24582
24584
24588
24589
24599
24602
24603
24606
24608
24609
24611
24613
24616
24618
24620
24622
24623
24625
24627
24628
24629
24633
24634
24635
24640
24641
24646
24651
24655
24657
24660
24664
24666
24669
24670
24671
24673
24676
24678
24679
24681
24683
24685
24686
24688
24690
24691
24701
24702
24703
24704
24705
24710
24711
24712
24714
24717
24720
24721
24722
24725
24726
24727
24730
24732
24733
24735
24736
24737
24740
24744
24745
24746
24752
24753
24755
24758
24764
24769
24770
24771
24772
24777
24780
24782
24784
24786
24788
24789
24791
24794
24795
24797
24798
24799
24800
24802
24803
24804
24805
24808
24809
24810
24811
24813
24815
24816
24817
24823
24824
24826
24828
24839
24843
24845
24846
24849
24850
24852
24853
24855
24857
24858
24859
24861
24866
24867
24869
24870
24875
24879
24882
24885
24886
24890
24892
24897
24898
24899
24902
24906
24908
24909
24916
24919
24920
24923
24925
24929
24930
24932
24933
24938
24939
24943
24945
24947
24950
24951
24952
24955
24956
24957
24958
24959
24960
24962
24964
24965
24975
24976
24977
24980
24989
24990
24991
24999
25002
25003
25004
25005
25008
25014
25017
25020
25021
25022
25023
25024
25026
25032
25033
25034
25037
25040
25042
25048
25050
25051
25052
25053
25054
25055
25056
25057
25058
25059
25061
25064
25065
25069
25072
25075
25076
25080
25082
25084
25086
25089
25092
25108
25109
25111
25112
25116
25117
25119
25124
25125
25129
25130
25135
25136
25138
25142
25144
25146
25147
25148
25151
25155
25157
25161
25162
25165
25168
25172
25176
25179
25180
25181
25186
25190
25192
25200
25202
25203
25204
25208
25210
25212
25213
25218
25219
25221
25223
25224
25225
25228
25231
25232
25234
25236
25237
25240
25241
25242
25247
25248
25250
25251
25253
25260
25261
25265
25266
25267
25269
25271
25273
25278
25281
25286
25289
25295
25297
25298
25299
25300
25302
25303
25304
25306
25307
25310
25311
25317
25322
25324
25327
25330
25332
25335
25336
25338
25341
25345
25347
25351
25354
25355
25363
25365
25368
25369
25370
25371
25372
25374
25375
25376
25378
25379
25380
25384
25385
25387
25389
25394
25397
25398
25399
25402
25404
25405
25406
25413
25416
25419
25421
25427
25431
25435
25437
25441
25442
25444
25446
25447
25451
25453
25454
25456
25458
25459
25462
25464
25473
25474
25475
25477
25478
25484
25486
25487
25489
25495
25501
25503
25509
25511
25512
25513
25514
25515
25522
25523
25526
25528
25529
25537
25539
25541
25543
25544
25546
25551
25552
25553
25555
25556
25557
25559
25566
25567
25568
25569
25573
25576
25577
25578
25579
25582
25583
25585
25586
25587
25589
25590
25592
25598
25599
25602
25605
25607
25610
25611
25613
25615
25616
25617
25622
25626
25629
25630
25642
25646
25649
25651
25658
25661
25662
25663
25665
25668
25669
25670
25672
25674
25676
25677
25681
25683
25687
25688
25689
25690
25697
25698
25699
25701
25706
25710
25712
25713
25714
25716
25717
25719
25722
25725
25728
25730
25733
25734
25735
25738
25740
25749
25752
25753
25754
25756
25760
25765
25767
25769
25774
25775
25777
25778
25779
25781
25783
25786
25788
25789
25793
25794
25796
25800
25802
25804
25805
25806
25808
25810
25815
25818
25819
25821
25823
25827
25828
25833
25836
25844
25845
25846
25849
25850
25852
25854
25855
25856
25858
25859
25860
25864
25865
25870
25874
25877
25878
25879
25882
25885
25890
25892
25893
25898
25899
25900
25902
25903
25904
25910
25913
25921
25923
25924
25926
25929
25932
25933
25934
25936
25938
25946
25949
25951
25961
25962
25963
25967
25972
25973
25977
25978
25980
25985
25991
25994
25995
25997
26007
26010
26012
26014
26018
26020
26023
26031
26035
26036
26039
26040
26041
26043
26045
26046
26047
26048
26054
26055
26056
26060
26061
26062
26063
26064
26067
26068
26070
26072
26076
26077
26088
26090
26094
26095
26096
26097
26098
26106
26107
26108
26109
26110
26113
26119
26120
26122
26125
26126
26131
26132
26134
26135
26137
26138
26139
26145
26148
26150
26151
26152
26154
26155
26157
26160
26161
26165
26172
26173
26176
26177
26180
26184
26187
26189
26190
26191
26195
26199
26205
26208
26210
26214
26218
26226
26230
26234
26237
26238
26240
26243
26244
26248
26249
26254
26259
26260
26266
26267
26268
26272
26273
26275
26279
26287
26291
26292
26295
26296
26297
26301
26302
26303
26305
26306
26310
26313
26314
26317
26318
26321
26322
26324
26325
26326
26327
26328
26329
26330
26336
26340
26342
26344
26347
26352
26353
26356
26359
26361
26363
26364
26365
26368
26372
26377
26378
26386
26387
26390
26392
26393
26395
26397
26398
26400
26402
26404
26406
26407
26413
26418
26422
26426
26428
26430
26431
26432
26435
26439
26442
26444
26445
26447
26449
26455
26462
26465
26466
26468
26472
26473
26476
26477
26480
26482
26483
26490
26491
26492
26494
26498
26502
26506
26507
26508
26509
26511
26513
26516
26518
26522
26526
26528
26529
26530
26531
26532
26535
26536
26540
26542
26544
26547
26548
26549
26550
26554
26555
26557
26558
26560
26562
26564
26565
26566
26568
26570
26574
26579
26580
26582
26584
26586
26587
26589
26592
26594
26600
26602
26611
26612
26613
26614
26615
26620
26623
26629
26630
26635
26640
26641
26643
26645
26650
26652
26655
26658
26660
26668
26669
26672
26676
26683
26687
26688
26689
26690
26692
26696
26701
26704
26706
26707
26708
26709
26712
26713
26714
26718
26719
26720
26722
26724
26726
26727
26732
26733
26736
26741
26743
26750
26753
26756
26757
26758
26759
26760
26761
26763
26764
26765
26768
26769
26771
26772
26774
26776
26777
26779
26781
26782
26783
26785
26786
26787
26788
26790
26792
26793
26795
26796
26804
26805
26806
26809
26812
26813
26816
26822
26823
26824
26826
26827
26829
26832
26837
26839
26842
26843
26845
26846
26850
26852
26854
26855
26857
26862
26863
26864
26866
26867
26869
26873
26885
26886
26887
26892
26895
26898
26905
26906
26909
26910
26912
26914
26915
26918
26922
26923
26924
26927
26928
26930
26931
26932
26933
26935
26936
26939
26940
26941
26944
26945
26946
26947
26954
26955
26956
26957
26958
26959
26961
26966
26969
26970
26971
26972
26974
26975
26979
26987
26995
26996
27001
27005
27007
27010
27015
27016
27020
27021
27027
27031
27032
27033
27034
27042
27049
27053
27054
27059
27060
27061
27062
27063
27064
27069
27072
27073
27075
27076
27077
27081
27085
27086
27087
27089
27093
27096
27097
27101
27102
27105
27106
27110
27112
27115
27116
27118
27119
27120
27123
27126
27128
27129
27144
27146
27150
27151
27152
27153
27155
27158
27159
27162
27163
27164
27165
27170
27172
27173
27174
27180
27190
27191
27196
27198
27201
27202
27206
27213
27217
27220
27223
27227
27239
27241
27245
27246
27247
27249
27250
27254
27256
27257
27259
27260
27262
27266
27268
27275
27279
27280
27281
27282
27289
27293
27294
27303
27307
27311
27316
27318
27320
27323
27324
27326
27331
27332
27333
27335
27336
27339
27344
27345
27347
27349
27350
27355
27359
27360
27361
27364
27366
27367
27369
27370
27371
27372
27373
27375
27377
27380
27381
27383
27385
27386
27389
27392
27393
27394
27399
27402
27409
27413
27416
27420
27421
27424
27429
27430
27433
27434
27438
27446
27448
27450
27454
27457
27460
27465
27467
27470
27472
27475
27479
27481
27492
27497
27498
27499
27501
27503
27506
27507
27510
27511
27512
27514
27515
27516
27518
27519
27521
27522
27523
27524
27527
27531
27535
27538
27540
27542
27544
27546
27547
27550
27552
27553
27560
27562
27565
27569
27571
27572
27573
27576
27577
27578
27580
27581
27586
27589
27590
27595
27598
27600
27601
27602
27603
27604
27607
27608
27609
27612
27614
27615
27619
27623
27625
27627
27628
27632
27633
27635
27637
27638
27639
27644
27647
27650
27651
27654
27655
27659
27660
27667
27668
27669
27670
27671
27672
27674
27677
27678
27680
27681
27683
27684
27686
27692
27693
27699
27700
27703
27705
27708
27709
27717
27718
27719
27721
27725
27729
27733
27738
27739
27747
27749
27751
27753
27754
27755
27757
27758
27759
27760
27762
27773
27775
27777
27785
27789
27790
27793
27794
27796
27798
27801
27803
27805
27807
27814
27819
27820
27821
27825
27826
27831
27832
27837
27838
27840
27843
27845
27847
27849
27854
27855
27857
27859
27866
27869
27871
27876
27879
27880
27881
27888
27891
27893
27894
27895
27896
27897
27903
27904
27905
27906
27909
27910
27911
27912
27922
27924
27926
27928
27932
27934
27938
27940
27941
27943
27945
27946
27951
27953
27957
27963
27966
27969
27972
27979
27983
27984
27985
27986
27987
27992
27996
27997
28002
28003
28016
28017
28018
28019
28020
28021
28026
28027
28028
28030
28034
28037
28038
28043
28047
28049
28051
28055
28056
28058
28059
28060
28061
28065
28069
28073
28074
28075
28076
28077
28078
28081
28085
28088
28091
28092
28094
28096
28100
28101
28102
28108
28109
28111
28115
28118
28119
28121
28122
28125
28126
28129
28131
28133
28135
28138
28139
28143
28149
28151
28154
28155
28156
28158
28160
28163
28166
28173
28177
28180
28181
28185
28187
28188
28189
28191
28192
28196
28197
28202
28205
28206
28207
28208
28210
28212
28217
28223
28229
28232
28233
28234
28235
28237
28238
28239
28240
28244
28247
28248
28250
28254
28256
28258
28261
28262
28264
28265
28268
28269
28271
28277
28281
28283
28285
28291
28292
28297
28304
28305
28306
28307
28310
28311
28312
28314
28315
28316
28317
28320
28322
28323
28325
28326
28332
28336
28340
28342
28343
28347
28350
28352
28354
28357
28358
28361
28363
28364
28365
28366
28367
28368
28370
28374
28375
28377
28382
28390
28392
28394
28395
28396
28397
28398
28401
28408
28410
28411
28415
28419
28420
28424
28428
28431
28438
28440
28442
28446
28448
28449
28450
28453
28456
28457
28460
28463
28465
28467
28472
28478
28481
28482
28485
28490
28494
28503
28507
28510
28511
28512
28514
28516
28517
28518
28520
28521
28522
28524
28528
28530
28531
28533
28534
28535
28536
28537
28545
28546
28549
28551
28553
28554
28558
28559
28560
28561
28565
28584
28587
28588
28592
28595
28597
28599
28600
28602
28605
28606
28615
28619
28620
28622
28624
28628
28631
28633
28635
28636
28637
28638
28640
28641
28642
28643
28646
28650
28652
28653
28654
28655
28656
28658
28659
28660
28662
28663
28666
28674
28675
28678
28681
28683
28684
28689
28691
28693
28697
28698
28700
28701
28702
28703
28705
28706
28708
28710
28713
28715
28718
28725
28726
28729
28730
28734
28735
28737
28741
28742
28743
28746
28748
28750
28751
28753
28757
28762
28764
28765
28767
28768
28770
28774
28777
28778
28780
28781
28784
28790
28791
28792
28793
28794
28797
28800
28801
28802
28804
28809
28811
28812
28813
28818
28823
28824
28825
28827
28829
28830
28832
28835
28836
28838
28841
28843
28844
28848
28850
28852
28853
28860
28861
28862
28863
28866
28869
28871
28874
28878
28879
28881
28885
28886
28887
28890
28896
28899
28900
28904
28906
28908
28910
28915
28916
28918
28920
28925
28926
28930
28933
28937
28938
28940
28945
28947
28949
28950
28951
28955
28957
28958
28961
28963
28964
28965
28966
28967
28968
28970
28974
28976
28979
28980
28982
28986
28988
28989
28992
28993
28994
28996
28999
29002
29003
29005
29007
29008
29009
29011
29014
29015
29021
29024
29026
29027
29036
29037
29039
29043
29045
29047
29049
29050
29051
29056
29060
29063
29064
29065
29071
29073
29080
29081
29082
29084
29089
29090
29092
29093
29095
29100
29103
29104
29107
29109
29110
29112
29115
29118
29119
29122
29123
29125
29126
29127
29128
29131
29136
29137
29141
29148
29153
29156
29164
29166
29171
29172
29176
29186
29187
29189
29192
29193
29195
29196
29199
29200
29204
29205
29207
29208
29209
29210
29211
29213
29217
29218
29219
29228
29229
29230
29232
29233
29235
29236
29237
29238
29241
29245
29247
29249
29250
29251
29252
29258
29261
29264
29265
29266
29267
29269
29270
29273
29277
29281
29282
29284
29285
29288
29290
29293
29294
29300
29301
29302
29303
29304
29306
29309
29312
29313
29320
29321
29322
29330
29334
29340
29341
29342
29345
29347
29349
29352
29355
29356
29358
29359
29363
29364
29365
29366
29371
29374
29377
29379
29381
29383
29387
29389
29391
29392
29394
29395
29398
29399
29402
29403
29405
29407
29409
29410
29411
29415
29418
29422
29424
29425
29426
29427
29428
29429
29430
29433
29435
29438
29439
29440
29442
29445
29446
29457
29458
29461
29462
29472
29473
29475
29476
29485
29487
29488
29493
29494
29496
29497
29499
29500
29504
29506
29507
29508
29511
29513
29514
29515
29522
29524
29525
29526
29527
29529
29530
29535
29536
29538
29542
29543
29544
29545
29546
29549
29553
29558
29560
29563
29564
29565
29566
29567
29568
29569
29571
29577
29580
29581
29585
29586
29587
29590
29591
29592
29597
29598
29599
29600
29601
29612
29614
29615
29616
29617
29618
29619
29620
29621
29623
29625
29626
29627
29631
29633
29634
29637
29638
29640
29644
29649
29650
29651
29653
29655
29657
29669
29671
29672
29673
29683
29684
29685
29686
29687
29688
29691
29692
29695
29696
29700
29702
29704
29707
29708
29715
29722
29723
29724
29725
29727
29729
29730
29734
29737
29745
29746
29748
29751
29755
29757
29758
29764
29766
29768
29769
29776
29786
29789
29790
29794
29795
29796
29797
29799
29800
29801
29807
29809
29810
29812
29813
29814
29816
29817
29818
29822
29825
29826
29828
29829
29831
29834
29835
29836
29837
29838
29842
29844
29845
29846
29847
29851
29852
29854
29859
29867
29868
29869
29872
29878
29880
29881
29884
29887
29888
29889
29892
29894
29895
29901
29903
29905
29906
29908
29910
29915
29918
29923
29925
29926
29927
29928
29929
29931
29932
29933
29934
29935
29936
29937
29941
29944
29947
29948
29950
29951
29952
29953
29954
29955
29958
29959
29961
29962
29964
29965
29973
29976
29981
29983
29985
29986
29987
29988
29989
29994
30000
30002
30003
30008
30012
30014
30019
30020
30021
30022
30023
30025
30027
30030
30033
30035
30036
30038
30040
30042
30046
30047
30048
30050
30051
30052
30054
30056
30058
30059
30065
30071
30075
30077
30079
30080
30082
30084
30087
30088
30089
30090
30091
30093
30095
30099
30100
30103
30106
30107
30108
30112
30116
30117
30122
30125
30126
30130
30133
30139
30140
30141
30146
30148
30149
30151
30154
30157
30158
30161
30168
30170
30173
30176
30183
30184
30186
30189
30190
30193
30194
30196
30199
30201
30204
30208
30209
30211
30212
30213
30217
30219
30223
30225
30228
30229
30234
30235
30236
30245
30247
30248
30250
30251
30254
30256
30257
30258
30261
30262
30263
30266
30268
30270
30276
30278
30282
30283
30286
30288
30292
30298
30299
30303
30306
30313
30316
30318
30325
30327
30329
30332
30333
30338
30339
30340
30342
30348
30352
30357
30358
30359
30360
30367
30370
30375
30381
30382
30383
30389
30391
30393
30394
30400
30405
30406
30407
30410
30412
30416
30418
30419
30420
30425
30434
30436
30437
30439
30440
30444
30445
30447
30451
30452
30453
30456
30459
30463
30468
30469
30470
30471
30473
30475
30478
30480
30484
30494
30497
30502
30504
30509
30518
30523
30526
30527
30530
30532
30533
30534
30537
30538
30540
30545
30549
30550
30556
30559
30560
30562
30565
30566
30571
30572
30573
30574
30575
30576
30577
30579
30581
30582
30583
30584
30585
30587
30588
30591
30593
30599
30601
30604
30607
30610
30611
30614
30616
30617
30618
30620
30621
30626
30628
30629
30631
30635
30636
30638
30643
30645
30646
30647
30650
30651
30652
30653
30656
30660
30661
30662
30663
30664
30665
30667
30669
30672
30673
30675
30676
30680
30681
30682
30684
30685
30686
30687
30688
30691
30694
30698
30701
30702
30704
30705
30706
30708
30709
30710
30714
30716
30718
30719
30728
30732
30734
30737
30739
30742
30745
30746
30748
30753
30755
30757
30760
30765
30772
30774
30776
30779
30780
30781
30786
30787
30788
30794
30796
30797
30803
30804
30806
30807
30808
30809
30811
30815
30817
30820
30824
30826
30831
30832
30839
30840
30846
30848
30852
30854
30858
30863
30864
30865
30866
30867
30868
30870
30871
30873
30874
30875
30877
30882
30885
30886
30889
30894
30895
30896
30897
30898
30907
30908
30909
30911
30912
30913
30914
30915
30916
30918
30921
30922
30927
30931
30934
30935
30936
30944
30948
30953
30955
30961
30962
30963
30965
30970
30971
30973
30976
30977
30982
30983
30991
30996
30997
30999
31002
31003
31008
31010
31012
31019
31021
31024
31026
31032
31033
31038
31040
31042
31043
31046
31047
31049
31051
31060
31064
31067
31069
31072
31073
31076
31077
31084
31087
31094
31095
31100
31106
31107
31109
31113
31118
31120
31121
31123
31124
31132
31135
31136
31137
31138
31139
31140
31141
31142
31146
31150
31151
31152
31159
31162
31163
31164
31166
31168
31170
31172
31173
31175
31176
31178
31180
31181
31185
31186
31187
31189
31190
31191
31194
31196
31200
31205
31206
31207
31208
31209
31210
31214
31221
31222
31224
31225
31226
31228
31229
31230
31233
31236
31238
31244
31247
31251
31253
31258
31259
31263
31267
31268
31271
31275
31276
31281
31282
31285
31286
31287
31289
31294
31295
31297
31298
31302
31304
31308
31310
31311
31312
31314
31315
31320
31322
31328
31331
31332
31333
31335
31339
31343
31344
31351
31355
31356
31359
31361
31363
31364
31366
31368
31369
31373
31375
31376
31379
31381
31383
31388
31392
31394
31396
31400
31401
31402
31403
31404
31405
31407
31409
31410
31411
31412
31417
31422
31423
31426
31427
31430
31435
31436
31438
31444
31450
31452
31455
31456
31459
31463
31468
31470
31479
31481
31486
31489
31490
31491
31494
31496
31500
31502
31505
31509
31510
31511
31513
31519
31523
31525
31527
31535
31538
31539
31542
31544
31548
31549
31554
31556
31558
31560
31562
31563
31564
31565
31566
31567
31570
31573
31577
31579
31585
31589
31591
31592
31598
31599
31600
31601
31602
31607
31608
31612
31627
31628
31630
31631
31632
31634
31636
31637
31638
31639
31642
31645
31647
31650
31651
31652
31653
31655
31660
31661
31663
31664
31665
31667
31668
31669
31670
31673
31675
31678
31679
31683
31685
31686
31687
31689
31692
31695
31696
31699
31700
31704
31705
31709
31710
31712
31714
31715
31719
31722
31724
31725
31726
31728
31729
31730
31732
31733
31735
31737
31743
31744
31751
31754
31765
31767
31769
31772
31773
31775
31781
31783
31784
31786
31789
31793
31797
31799
31800
31803
31804
31805
31811
31815
31821
31822
31825
31828
31829
31833
31834
31836
31837
31839
31842
31843
31851
31854
31856
31858
31860
31862
31865
31868
31875
31877
31878
31880
31881
31884
31885
31888
31890
31891
31901
31902
31903
31904
31905
31908
31909
31911
31912
31917
31919
31920
31923
31927
31929
31933
31940
31946
31947
31948
31949
31952
31954
31956
31959
31966
31972
31977
31978
31979
31984
31988
31990
31991
32001
32002
32003
32016
32018
32021
32023
32024
32025
32027
32030
32032
32041
32042
32044
32045
32047
32050
32051
32052
32054
32058
32059
32063
32064
32065
32066
32067
32068
32069
32071
32072
32075
32076
32079
32082
32088
32089
32098
32099
32104
32105
32109
32110
32112
32118
32119
32123
32124
32129
32130
32131
32133
32135
32136
32137
32138
32140
32141
32151
32155
32156
32158
32159
32160
32165
32170
32171
32172
32177
32179
32180
32182
32187
32188
32189
32193
32194
32195
32197
32202
32203
32204
32207
32210
32212
32213
32214
32217
32223
32225
32226
32227
32229
32231
32232
32237
32238
32240
32241
32242
32243
32249
32252
32254
32258
32259
32262
32266
32267
32268
32269
32270
32271
32272
32273
32275
32278
32281
32282
32286
32287
32288
32289
32291
32292
32293
32296
32298
32300
32306
32308
32317
32318
32319
32323
32325
32329
32334
32338
32339
32341
32342
32346
32349
32351
32354
32355
32359
32361
32369
32370
32373
32374
32376
32378
32379
32382
32383
32390
32392
32396
32399
32400
32405
32409
32411
32415
32419
32420
32422
32424
32425
32431
32435
32440
32441
32443
32444
32445
32446
32449
32451
32452
32454
32460
32464
32465
32467
32468
32470
32471
32473
32476
32479
32480
32484
32488
32489
32490
32493
32494
32501
32502
32504
32506
32507
32514
32517
32519
32522
32524
32525
32530
32531
32532
32536
32537
32539
32540
32542
32546
32547
32548
32551
32552
32554
32555
32556
32557
32562
32563
32569
32572
32573
32574
32575
32577
32578
32579
32581
32583
32584
32585
32586
32590
32594
32595
32597
32598
32599
32601
32603
32609
32610
32613
32615
32616
32620
32621
32624
32625
32629
32630
32632
32633
32635
32638
32640
32642
32645
32646
32647
32648
32649
32650
32652
32653
32660
32664
32666
32671
32677
32678
32679
32681
32683
32684
32685
32688
32691
32692
32694
32698
32703
32705
32706
32710
32711
32713
32715
32716
32722
32724
32726
32731
32732
32733
32734
32735
32737
32740
32741
32742
32744
32746
32751
32754
32755
32756
32761
32766
32767
32771
32773
32777
32779
32782
32783
32787
32792
32794
32796
32799
32802
32805
32807
32808
32809
32810
32814
32816
32819
32820
32821
32822
32826
32829
32830
32831
32833
32834
32835
32836
32837
32838
32842
32843
32845
32847
32849
32852
32853
32856
32858
32859
32861
32865
32867
32869
32870
32871
32877
32878
32880
32882
32883
32885
32886
32887
32889
32891
32894
32895
32904
32909
32910
32912
32920
32921
32922
32930
32932
32936
32939
32943
32947
32948
32951
32952
32954
32955
32956
32958
32961
32962
32963
32967
32968
32972
32973
32976
32977
32980
32982
32983
32988
32991
32992
32994
33003
33005
33016
33017
33024
33025
33026
33030
33034
33036
33038
33042
33045
33046
33049
33050
33051
33052
33056
33057
33058
33060
33063
33064
33073
33075
33078
33080
33081
33082
33083
33087
33088
33089
33090
33091
33092
33093
33094
33095
33097
33098
33099
33102
33103
33104
33106
33107
33108
33110
33111
33112
33114
33117
33125
33126
33127
33130
33131
33133
33135
33136
33137
33144
33146
33149
33150
33155
33157
33158
33163
33164
33165
33166
33168
33169
33170
33173
33174
33175
33177
33178
33181
33182
33187
33190
33193
33196
33197
33198
33201
33203
33204
33206
33207
33210
33211
33215
33216
33218
33222
33226
33227
33228
33230
33231
33232
33233
33234
33240
33244
33254
33260
33261
33263
33264
33268
33270
33272
33273
33274
33275
33281
33285
33287
33291
33295
33298
33300
33302
33303
33306
33311
33312
33317
33318
33319
33327
33329
33331
33333
33336
33337
33340
33344
33345
33349
33352
33353
33374
33376
33387
33390
33391
33393
33395
33396
33398
33404
33407
33409
33411
33415
33416
33418
33421
33422
33423
33426
33429
33431
33432
33433
33435
33436
33439
33441
33442
33444
33447
33450
33451
33454
33455
33458
33459
33470
33471
33473
33476
33477
33478
33482
33483
33484
33486
33487
33488
33489
33490
33494
33495
33496
33497
33498
33499
33503
33504
33506
33507
33511
33512
33513
33516
33519
33520
33521
33524
33525
33527
33529
33534
33535
33536
33539
33540
33543
33546
33550
33554
33555
33556
33557
33558
33563
33566
33568
33569
33572
33575
33577
33579
33583
33586
33588
33589
33590
33593
33594
33595
33596
33598
33601
33607
33608
33612
33614
33617
33618
33620
33622
33628
33632
33633
33635
33638
33640
33641
33643
33645
33648
33649
33650
33652
33656
33657
33659
33663
33664
33666
33667
33669
33672
33674
33677
33678
33683
33687
33690
33691
33697
33702
33706
33708
33709
33710
33711
33713
33717
33719
33721
33724
33729
33730
33732
33738
33739
33742
33744
33745
33746
33747
33755
33756
33758
33759
33765
33766
33770
33773
33774
33776
33778
33782
33784
33786
33788
33793
33794
33798
33799
33801
33802
33803
33805
33806
33807
33809
33812
33815
33818
33820
33825
33830
33832
33833
33834
33837
33841
33843
33844
33845
33847
33849
33851
33852
33858
33859
33860
33861
33863
33864
33865
33869
33872
33874
33878
33879
33883
33885
33886
33889
33891
33892
33896
33903
33905
33909
33911
33913
33914
33917
33918
33921
33922
33923
33924
33929
33935
33936
33940
33945
33947
33948
33954
33956
33959
33961
33964
33966
33968
33969
33971
33972
33973
33976
33978
33979
33980
33983
33985
33987
33988
33990
33992
33998
34001
34005
34009
34015
34017
34019
34020
34021
34027
34028
34029
34030
34031
34032
34038
34043
34046
34048
34051
34052
34053
34061
34065
34067
34069
34070
34071
34075
34078
34082
34083
34084
34085
34086
34087
34090
34092
34094
34095
34096
34097
34098
34100
34101
34105
34110
34113
34115
34118
34122
34131
34132
34133
34135
34136
34137
34138
34139
34140
34143
34148
34151
34154
34158
34162
34163
34165
34167
34171
34172
34173
34175
34176
34177
34178
34181
34188
34190
34194
34195
34196
34197
34198
34199
34202
34203
34206
34210
34212
34213
34214
34216
34217
34221
34226
34228
34230
34233
34236
34237
34239
34244
34245
34246
34248
34249
34250
34252
34261
34262
34265
34267
34269
34270
34271
34273
34274
34276
34280
34281
34283
34285
34288
34289
34291
34293
34294
34295
34303
34304
34305
34308
34309
34311
34312
34313
34316
34318
34319
34321
34323
34327
34330
34332
34333
34338
34341
34343
34346
34353
34354
34355
34356
34357
34363
34373
34374
34376
34378
34381
34383
34384
34386
34387
34389
34396
34399
34407
34408
34415
34416
34417
34422
34425
34428
34429
34435
34438
34439
34442
34443
34449
34450
34467
34468
34473
34475
34476
34480
34484
34490
34491
34494
34496
34502
34505
34506
34509
34510
34512
34515
34516
34519
34520
34521
34526
34529
34530
34533
34534
34535
34538
34539
34542
34544
34545
34548
34549
34551
34553
34557
34558
34559
34561
34565
34567
34569
34572
34574
34575
34576
34584
34587
34591
34592
34593
34596
34597
34604
34605
34610
34616
34621
34623
34625
34626
34627
34637
34638
34643
34644
34647
34649
34650
34651
34662
34665
34666
34670
34671
34675
34681
34687
34689
34692
34696
34700
34702
34705
34710
34711
34717
34719
34724
34725
34727
34728
34737
34738
34739
34740
34742
34743
34744
34751
34752
34753
34755
34759
34762
34765
34766
34767
34768
34769
34771
34772
34773
34775
34776
34778
34780
34783
34787
34788
34791
34792
34796
34800
34801
34804
34806
34809
34812
34813
34816
34817
34818
34820
34821
34823
34826
34829
34831
34832
34833
34837
34838
34839
34840
34842
34845
34848
34849
34850
34851
34855
34857
34859
34861
34865
34867
34869
34870
34872
34874
34878
34879
34885
34887
34888
34889
34891
34895
34896
34902
34904
34905
34907
34911
34914
34916
34919
34921
34924
34930
34931
34933
34934
34943
34945
34948
34950
34951
34952
34955
34956
34958
34960
34965
34966
34968
34969
34972
34984
34986
34987
34988
34990
34998
35000
35001
35002
35003
35008
35009
35010
35016
35017
35020
35026
35027
35029
35032
35036
35037
35038
35041
35043
35048
35050
35055
35059
35067
35071
35072
35075
35084
35087
35091
35093
35094
35099
35102
35103
35104
35107
35108
35110
35113
35114
35117
35118
35120
35121
35123
35124
35129
35131
35133
35137
35139
35141
35142
35143
35144
35145
35146
35147
35149
35152
35153
35155
35159
35161
35163
35169
35170
35177
35179
35182
35186
35193
35196
35198
35200
35201
35203
35205
35207
35211
35212
35213
35219
35226
35228
35229
35230
35234
35237
35238
35242
35243
35244
35249
35250
35251
35254
35256
35259
35260
35261
35262
35264
35266
35268
35271
35273
35274
35279
35280
35285
35288
35292
35293
35297
35298
35301
35305
35306
35307
35312
35313
35316
35318
35320
35321
35325
35326
35331
35332
35333
35339
35340
35342
35343
35344
35345
35349
35352
35354
35357
35360
35361
35362
35364
35365
35367
35370
35374
35375
35378
35385
35386
35388
35391
35394
35395
35396
35398
35399
35403
35412
35413
35414
35415
35418
35422
35423
35424
35425
35426
35427
35428
35431
35433
35434
35435
35436
35437
35441
35442
35448
35457
35460
35470
35472
35473
35475
35476
35478
35479
35480
35482
35483
35485
35494
35496
35497
35499
35501
35502
35505
35508
35513
35515
35517
35518
35525
35526
35527
35530
35532
35534
35535
35536
35537
35538
35540
35544
35545
35547
35548
35550
35551
35559
35562
35564
35568
35575
35578
35584
35586
35594
35595
35597
35598
35599
35602
35603
35605
35606
35612
35614
35616
35620
35621
35622
35623
35627
35630
35631
35638
35639
35640
35641
35643
35644
35647
35648
35649
35652
35654
35658
35665
35666
35668
35676
35678
35681
35684
35685
35686
35691
35693
35694
35698
35699
35703
35707
35708
35709
35711
35713
35715
35717
35721
35724
35725
35726
35729
35731
35734
35738
35739
35740
35743
35744
35746
35747
35748
35749
35754
35757
35758
35759
35760
35764
35765
35768
35771
35773
35775
35776
35785
35786
35789
35791
35793
35794
35799
35800
35801
35802
35806
35812
35813
35814
35816
35818
35821
35823
35832
35833
35834
35840
35842
35845
35846
35848
35851
35853
35854
35856
35858
35863
35866
35872
35873
35875
35880
35882
35884
35887
35891
35894
35896
35901
35904
35907
35908
35920
35925
35927
35931
35932
35934
35938
35941
35942
35944
35945
35946
35949
35951
35952
35953
35954
35956
35957
35959
35960
35966
35967
35972
35973
35975
35978
35980
35989
35992
35993
35994
35998
36002
36003
36004
36008
36010
36015
36016
36022
36025
36026
36027
36034
36035
36037
36040
36041
36042
36043
36046
36048
36051
36058
36064
36066
36067
36068
36072
36073
36075
36082
36090
36095
36096
36097
36098
36099
36101
36102
36103
36105
36107
36110
36111
36114
36115
36117
36119
36125
36126
36132
36135
36137
36138
36139
36142
36144
36146
36147
36149
36153
36154
36155
36157
36162
36164
36166
36169
36171
36175
36178
36180
36181
36183
36188
36196
36200
36201
36207
36213
36215
36221
36223
36225
36228
36230
36232
36235
36237
36238
36240
36241
36244
36245
36248
36249
36253
36254
36255
36256
36257
36259
36260
36261
36264
36266
36269
36274
36277
36279
36283
36286
36287
36288
36295
36296
36300
36303
36306
36308
36310
36313
36314
36317
36318
36320
36321
36322
36327
36331
36338
36339
36341
36343
36346
36347
36350
36351
36352
36355
36358
36360
36366
36367
36369
36370
36373
36375
36377
36382
36385
36387
36388
36392
36393
36396
36400
36404
36405
36406
36409
36412
36414
36416
36419
36421
36424
36425
36426
36427
36428
36431
36432
36434
36436
36437
36438
36446
36449
36450
36453
36456
36458
36460
36464
36466
36469
36473
36475
36482
36483
36490
36491
36498
36499
36502
36503
36504
36505
36510
36512
36514
36515
36519
36524
36527
36533
36534
36536
36539
36541
36543
36546
36547
36550
36554
36556
36558
36563
36564
36565
36566
36568
36573
36574
36576
36580
36581
36583
36584
36588
36592
36594
36600
36601
36604
36605
36606
36611
36612
36614
36616
36617
36618
36619
36621
36629
36634
36635
36636
36638
36639
36641
36643
36644
36645
36648
36652
36656
36657
36667
36668
36671
36673
36674
36675
36676
36683
36686
36688
36689
36692
36696
36699
36709
36711
36712
36715
36717
36718
36727
36728
36730
36731
36732
36733
36735
36738
36739
36740
36741
36744
36745
36748
36753
36759
36760
36763
36764
36765
36768
36770
36773
36774
36775
36779
36782
36787
36789
36790
36791
36794
36795
36798
36800
36801
36805
36807
36809
36810
36811
36814
36815
36816
36817
36820
36822
36825
36826
36828
36830
36831
36835
36837
36846
36848
36849
36851
36853
36855
36856
36857
36858
36860
36862
36863
36864
36867
36870
36876
36877
36880
36882
36885
36890
36896
36897
36902
36904
36906
36907
36908
36913
36917
36919
36922
36924
36926
36927
36928
36932
36936
36940
36943
36946
36947
36950
36951
36952
36954
36958
36960
36966
36968
36969
36970
36971
36973
36975
36976
36981
36982
36988
36989
36991
36993
36995
36997
36998
36999
37001
37005
37008
37009
37010
37011
37014
37016
37017
37019
37024
37026
37027
37028
37031
37032
37038
37039
37043
37044
37045
37050
37052
37054
37055
37056
37058
37060
37061
37062
37063
37067
37070
37071
37072
37077
37079
37082
37086
37090
37092
37093
37094
37095
37101
37103
37108
37110
37113
37115
37117
37119
37122
37123
37127
37128
37129
37131
37135
37137
37142
37145
37146
37147
37149
37150
37151
37152
37153
37154
37157
37161
37171
37172
37173
37174
37178
37185
37194
37199
37202
37203
37208
37210
37211
37212
37214
37215
37220
37223
37224
37225
37226
37227
37229
37231
37238
37240
37241
37243
37248
37250
37253
37254
37257
37261
37267
37269
37272
37273
37277
37278
37280
37282
37284
37286
37288
37290
37293
37296
37301
37302
37308
37309
37315
37317
37318
37320
37327
37332
37336
37337
37338
37339
37340
37341
37344
37351
37354
37355
37357
37358
37359
37361
37365
37366
37368
37369
37371
37374
37375
37377
37380
37382
37383
37385
37386
37396
37398
37400
37403
37405
37406
37407
37408
37415
37419
37421
37424
37425
37426
37427
37430
37431
37434
37436
37437
37438
37441
37442
37443
37444
37445
37446
37453
37454
37456
37461
37467
37474
37475
37478
37482
37483
37490
37494
37497
37498
37503
37504
37507
37508
37509
37511
37514
37517
37522
37523
37525
37526
37527
37529
37530
37532
37533
37535
37538
37539
37540
37541
37543
37546
37549
37550
37555
37556
37561
37565
37567
37568
37570
37571
37581
37582
37583
37584
37595
37597
37598
37600
37602
37604
37605
37607
37615
37620
37623
37624
37627
37629
37631
37632
37635
37637
37639
37640
37641
37642
37644
37647
37648
37649
37651
37652
37653
37659
37663
37664
37665
37670
37679
37680
37682
37684
37690
37694
37697
37698
37701
37703
37708
37711
37717
37721
37723
37729
37731
37733
37734
37737
37740
37742
37744
37748
37751
37755
37756
37760
37761
37762
37763
37766
37771
37774
37776
37777
37778
37779
37785
37789
37790
37791
37793
37797
37799
37802
37805
37807
37808
37809
37811
37815
37818
37819
37821
37825
37827
37828
37829
37836
37842
37844
37846
37854
37856
37858
37859
37862
37863
37864
37867
37868
37869
37875
37876
37878
37881
37882
37883
37894
37895
37897
37901
37906
37912
37914
37915
37916
37918
37919
37920
37923
37924
37926
37931
37932
37936
37937
37938
37940
37941
37942
37943
37947
37948
37950
37951
37953
37957
37959
37960
37961
37962
37969
37970
37971
37973
37979
37982
37983
37984
37985
37986
37987
37988
37994
37997
38003
38006
38007
38009
38014
38015
38016
38017
38019
38020
38023
38025
38026
38027
38028
38030
38033
38034
38035
38036
38037
38038
38047
38048
38049
38050
38052
38055
38056
38061
38063
38070
38072
38076
38077
38078
38079
38081
38082
38086
38087
38088
38089
38090
38092
38095
38096
38098
38099
38103
38104
38107
38112
38118
38122
38125
38127
38131
38134
38137
38138
38140
38141
38143
38144
38146
38149
38153
38160
38162
38163
38164
38166
38167
38170
38171
38176
38178
38179
38182
38184
38185
38187
38188
38190
38191
38192
38193
38194
38198
38200
38201
38204
38213
38217
38218
38220
38221
38230
38232
38234
38235
38239
38241
38242
38245
38247
38248
38249
38261
38264
38265
38270
38271
38274
38276
38277
38279
38280
38281
38282
38284
38287
38290
38291
38292
38296
38299
38306
38309
38311
38314
38315
38316
38317
38318
38320
38322
38323
38324
38325
38326
38329
38330
38332
38333
38334
38335
38336
38340
38342
38343
38344
38347
38348
38355
38357
38360
38361
38365
38366
38367
38369
38371
38374
38376
38378
38384
38385
38386
38394
38395
38399
38401
38402
38403
38405
38415
38418
38420
38422
38423
38424
38428
38429
38431
38435
38437
38439
38440
38443
38444
38446
38449
38450
38453
38455
38460
38462
38464
38469
38472
38475
38477
38481
38483
38486
38488
38490
38492
38493
38494
38497
38498
38499
38500
38501
38504
38509
38512
38514
38517
38518
38523
38525
38528
38532
38534
38535
38536
38538
38539
38541
38542
38543
38545
38549
38550
38552
38553
38560
38562
38563
38565
38568
38569
38570
38574
38576
38581
38582
38586
38588
38590
38592
38593
38594
38597
38599
38602
38604
38605
38611
38614
38615
38617
38619
38625
38626
38628
38631
38637
38641
38642
38643
38647
38653
38656
38657
38658
38659
38661
38664
38668
38669
38676
38677
38678
38686
38687
38694
38696
38699
38700
38701
38702
38703
38705
38708
38710
38711
38713
38714
38715
38716
38717
38720
38721
38724
38726
38728
38733
38735
38738
38739
38744
38745
38748
38749
38750
38751
38752
38753
38759
38761
38762
38763
38764
38765
38768
38770
38774
38785
38787
38799
38802
38804
38807
38808
38810
38811
38818
38819
38821
38825
38826
38827
38828
38830
38831
38835
38836
38839
38840
38841
38845
38846
38848
38852
38853
38854
38856
38857
38861
38864
38866
38870
38873
38878
38879
38880
38882
38883
38892
38894
38895
38898
38901
38904
38908
38912
38913
38916
38918
38919
38922
38923
38924
38926
38927
38928
38929
38930
38931
38933
38935
38939
38941
38942
38943
38948
38949
38951
38953
38955
38961
38967
38969
38972
38973
38976
38977
38979
38981
38982
38989
38991
38992
38993
38994
38996
38997
38998
39000
39004
39006
39008
39009
39010
39011
39015
39017
39023
39024
39025
39028
39029
39033
39039
39046
39049
39051
39058
39060
39063
39066
39067
39069
39070
39071
39072
39073
39074
39076
39080
39081
39082
39084
39090
39095
39104
39108
39111
39112
39115
39116
39129
39133
39135
39136
39138
39139
39142
39148
39151
39152
39154
39157
39167
39168
39169
39170
39171
39173
39176
39177
39179
39185
39186
39187
39188
39189
39191
39192
39193
39194
39195
39199
39201
39206
39214
39219
39221
39223
39225
39235
39236
39239
39240
39241
39242
39243
39244
39247
39249
39252
39253
39256
39257
39258
39261
39271
39272
39274
39275
39278
39279
39288
39296
39299
39301
39306
39308
39309
39310
39313
39314
39316
39319
39320
39321
39326
39331
39334
39335
39336
39337
39343
39344
39345
39346
39350
39355
39356
39357
39360
39364
39365
39369
39371
39377
39378
39383
39389
39390
39391
39392
39395
39398
39400
39402
39403
39406
39409
39412
39417
39418
39421
39428
39429
39431
39432
39433
39434
39439
39440
39441
39443
39444
39445
39448
39450
39451
39452
39455
39456
39465
39468
39469
39471
39472
39473
39474
39476
39481
39486
39490
39492
39497
39499
39500
39501
39503
39505
39506
39512
39516
39518
39519
39524
39525
39526
39529
39530
39531
39532
39533
39534
39540
39545
39550
39556
39557
39558
39560
39561
39562
39565
39569
39571
39575
39576
39578
39579
39583
39589
39590
39597
39598
39605
39607
39609
39611
39614
39618
39621
39624
39625
39627
39630
39635
39638
39639
39643
39647
39653
39654
39657
39660
39661
39663
39665
39668
39671
39672
39673
39675
39676
39678
39679
39681
39683
39684
39686
39689
39694
39698
39699
39700
39705
39706
39707
39709
39710
39714
39717
39718
39721
39723
39725
39727
39729
39740
39742
39746
39749
39756
39757
39764
39769
39771
39773
39775
39776
39782
39783
39784
39786
39790
39793
39798
39799
39800
39802
39803
39806
39807
39809
39810
39811
39813
39814
39815
39816
39821
39822
39824
39827
39828
39832
39833
39835
39841
39844
39848
39856
39860
39863
39864
39865
39868
39870
39871
39872
39875
39877
39880
39881
39887
39889
39890
39892
39893
39894
39895
39902
39906
39908
39909
39910
39912
39914
39916
39919
39920
39924
39925
39926
39928
39930
39933
39935
39938
39941
39942
39945
39947
39949
39950
39954
39957
39959
39961
39962
39964
39968
39973
39974
39983
39984
39987
39993
39994
39995
40003
40007
40009
40010
40011
40012
40016
40017
40023
40029
40030
40031
40033
40035
40042
40043
40046
40049
40055
40056
40058
40067
40068
40069
40070
40072
40075
40077
40078
40082
40087
40088
40093
40094
40104
40105
40106
40109
40111
40113
40114
40115
40118
40119
40120
40122
40124
40125
40126
40128
40132
40133
40136
40139
40142
40144
40145
40148
40151
40155
40159
40160
40162
40165
40169
40170
40172
40173
40174
40177
40178
40185
40186
40192
40198
40199
40200
40201
40202
40204
40208
40209
40210
40213
40216
40218
40219
40220
40221
40222
40223
40225
40226
40227
40229
40232
40233
40234
40235
40237
40239
40240
40242
40247
40249
40250
40252
40254
40263
40265
40266
40267
40269
40271
40272
40273
40278
40279
40280
40282
40284
40286
40288
40292
40293
40295
40297
40298
40300
40304
40309
40311
40313
40315
40319
40321
40322
40324
40330
40331
40339
40346
40347
40349
40350
40351
40360
40363
40364
40365
40366
40368
40369
40370
40371
40375
40376
40381
40382
40383
40385
40389
40397
40398
40402
40403
40404
40406
40410
40412
40421
40422
40424
40425
40426
40432
40433
40439
40440
40441
40442
40443
40444
40448
40451
40452
40454
40455
40456
40457
40458
40462
40463
40465
40466
40467
40473
40475
40477
40478
40479
40480
40482
40483
40484
40485
40486
40487
40495
40496
40498
40505
40508
40509
40513
40514
40515
40516
40517
40518
40520
40528
40534
40535
40537
40539
40540
40541
40545
40552
40554
40556
40561
40562
40563
40565
40566
40567
40568
40574
40576
40580
40583
40584
40585
40587
40590
40593
40594
40595
40596
40597
40600
40603
40607
40610
40613
40616
40619
40620
40622
40629
40630
40632
40635
40636
40638
40643
40646
40648
40653
40654
40655
40656
40658
40659
40661
40662
40666
40669
40670
40671
40679
40681
40683
40684
40686
40687
40689
40690
40693
40694
40700
40706
40707
40708
40717
40718
40720
40722
40730
40736
40737
40739
40740
40744
40746
40748
40750
40752
40753
40754
40759
40760
40762
40765
40768
40769
40773
40776
40781
40782
40783
40786
40787
40790
40793
40794
40795
40798
40801
40804
40809
40811
40812
40817
40819
40823
40826
40827
40833
40834
40836
40837
40840
40842
40849
40850
40851
40852
40854
40856
40861
40863
40866
40867
40868
40871
40872
40873
40876
40877
40879
40880
40885
40888
40892
40893
40895
40896
40898
40899
40901
40902
40903
40904
40906
40907
40909
40912
40916
40920
40926
40928
40929
40931
40932
40934
40935
40942
40946
40951
40952
40953
40955
40956
40958
40959
40960
40961
40962
40963
40964
40965
40966
40973
40977
40979
40981
40983
40986
40988
40991
40992
40993
40995
40996
40997
41001
41002
41007
41010
41017
41020
41022
41025
41028
41032
41034
41038
41043
41044
41047
41049
41050
41052
41054
41055
41059
41064
41065
41066
41067
41069
41072
41075
41080
41088
41093
41094
41105
41107
41110
41112
41115
41117
41118
41119
41121
41126
41131
41132
41134
41141
41148
41151
41152
41155
41156
41159
41160
41163
41164
41166
41169
41172
41180
41182
41183
41194
41196
41198
41201
41202
41203
41209
41213
41221
41222
41226
41228
41233
41234
41239
41240
41241
41242
41243
41245
41251
41253
41256
41257
41258
41260
41264
41265
41271
41273
41280
41286
41289
41291
41292
41293
41294
41295
41297
41298
41300
41301
41303
41307
41309
41311
41312
41313
41314
41315
41316
41318
41321
41322
41324
41325
41327
41330
41333
41334
41339
41341
41346
41349
41350
41354
41358
41360
41362
41364
41366
41369
41371
41376
41379
41382
41388
41392
41393
41395
41399
41400
41405
41411
41414
41418
41425
41427
41428
41432
41434
41440
41442
41446
41447
41448
41449
41453
41455
41456
41458
41459
41467
41472
41476
41478
41481
41482
41483
41484
41487
41488
41489
41491
41492
41494
41495
41499
41500
41501
41502
41507
41509
41512
41516
41517
41520
41521
41524
41525
41527
41530
41542
41545
41547
41548
41550
41552
41556
41559
41560
41567
41568
41571
41574
41576
41579
41581
41582
41583
41590
41592
41599
41601
41603
41604
41617
41619
41622
41623
41626
41630
41632
41634
41635
41636
41638
41641
41642
41644
41651
41653
41660
41663
41665
41666
41667
41670
41672
41673
41674
41676
41679
41680
41682
41687
41688
41689
41690
41696
41699
41701
41702
41707
41709
41710
41712
41717
41718
41720
41721
41723
41725
41728
41729
41730
41731
41732
41737
41738
41739
41742
41743
41744
41748
41749
41750
41751
41755
41757
41758
41759
41760
41761
41763
41766
41768
41769
41773
41774
41778
41783
41786
41787
41790
41792
41796
41801
41802
41805
41807
41808
41809
41810
41814
41817
41818
41819
41824
41825
41831
41834
41835
41838
41839
41840
41841
41844
41849
41851
41859
41862
41864
41865
41869
41873
41878
41879
41881
41885
41888
41890
41891
41898
41901
41904
41907
41910
41916
41931
41934
41935
41936
41937
41939
41942
41943
41944
41948
41950
41953
41954
41961
41968
41971
41973
41975
41976
41978
41982
41986
41987
41989
41990
41992
41996
41998
42001
42002
42005
42006
42009
42010
42013
42016
42017
42019
42020
42021
42027
42028
42029
42030
42034
42038
42042
42048
42054
42055
42056
42058
42060
42063
42064
42067
42076
42078
42079
42080
42083
42085
42090
42093
42094
42095
42096
42098
42101
42113
42117
42121
42122
42123
42132
42135
42139
42141
42142
42148
42152
42156
42157
42158
42159
42160
42174
42177
42178
42182
42187
42188
42191
42195
42196
42197
42198
42202
42205
42213
42216
42217
42228
42231
42234
42236
42238
42239
42240
42242
42243
42246
42248
42251
42252
42254
42258
42259
42266
42268
42272
42277
42279
42281
42283
42285
42286
42287
42288
42291
42294
42296
42299
42305
42306
42311
42316
42319
42326
42334
42336
42338
42341
42344
42345
42347
42349
42353
42356
42358
42361
42365
42375
42376
42380
42382
42383
42391
42393
42397
42401
42404
42408
42410
42412
42413
42420
42423
42424
42431
42432
42433
42434
42436
42437
42438
42441
42445
42446
42450
42455
42457
42461
42463
42465
42467
42475
42482
42483
42484
42488
42489
42491
42493
42498
42500
42501
42502
42504
42506
42512
42513
42518
42521
42525
42531
42532
42537
42541
42542
42543
42545
42548
42564
42567
42569
42571
42573
42574
42575
42580
42582
42583
42585
42586
42593
42595
42597
42600
42601
42602
42603
42604
42605
42606
42607
42609
42611
42614
42622
42623
42627
42628
42629
42640
42641
42647
42652
42655
42656
42658
42659
42660
42665
42666
42671
42673
42674
42675
42677
42680
42682
42684
42685
42688
42694
42696
42697
42699
42704
42707
42708
42709
42710
42711
42713
42714
42717
42719
42721
42722
42724
42725
42728
42730
42731
42733
42734
42736
42739
42740
42741
42746
42747
42751
42754
42756
42759
42760
42766
42767
42768
42772
42776
42777
42778
42780
42782
42783
42784
42786
42787
42790
42792
42795
42796
42798
42802
42805
42808
42812
42816
42821
42823
42824
42825
42827
42830
42832
42833
42836
42840
42844
42846
42851
42854
42855
42856
42858
42861
42862
42864
42866
42867
42870
42872
42873
42874
42875
42876
42879
42880
42881
42882
42886
42888
42891
42892
42897
42904
42905
42907
42910
42915
42916
42923
42924
42925
42926
42934
42937
42938
42940
42941
42942
42943
42945
42947
42953
42954
42955
42957
42961
42962
42963
42964
42966
42967
42968
42970
42971
42972
42975
42978
42979
42981
42983
42984
42987
42989
42991
42992
42995
42997
43000
43002
43006
43014
43015
43019
43020
43021
43024
43025
43029
43034
43036
43038
43039
43042
43043
43046
43051
43053
43054
43055
43057
43059
43061
43063
43065
43066
43067
43068
43070
43075
43077
43078
43082
43083
43085
43090
43093
43099
43100
43101
43105
43106
43107
43109
43110
43111
43112
43113
43116
43117
43120
43121
43122
43123
43125
43132
43136
43138
43140
43142
43143
43146
43148
43150
43151
43154
43157
43162
43163
43167
43169
43171
43173
43174
43176
43177
43181
43183
43184
43190
43191
43193
43195
43199
43200
43201
43207
43210
43215
43218
43221
43223
43226
43232
43233
43237
43239
43241
43242
43243
43244
43246
43247
43249
43250
43257
43262
43264
43265
43266
43267
43268
43270
43275
43276
43285
43286
43287
43289
43290
43291
43293
43295
43299
43301
43304
43305
43306
43307
43311
43313
43315
43317
43319
43320
43324
43326
43331
43334
43336
43337
43338
43339
43340
43342
43343
43344
43346
43349
43351
43353
43355
43356
43358
43361
43363
43364
43365
43367
43368
43371
43374
43378
43382
43384
43385
43387
43393
43394
43397
43399
43403
43405
43406
43410
43411
43424
43428
43430
43433
43436
43437
43440
43443
43445
43446
43447
43448
43449
43450
43452
43458
43460
43464
43467
43470
43473
43477
43478
43479
43481
43483
43486
43488
43490
43494
43497
43502
43503
43506
43508
43509
43511
43515
43521
43522
43524
43527
43528
43533
43535
43537
43538
43540
43542
43545
43546
43547
43549
43560
43562
43563
43565
43566
43568
43576
43580
43581
43592
43600
43601
43604
43606
43607
43621
43624
43628
43632
43633
43635
43636
43637
43640
43648
43650
43652
43655
43659
43666
43669
43672
43674
43675
43676
43677
43681
43682
43685
43686
43690
43694
43695
43696
43698
43699
43701
43705
43708
43709
43710
43711
43713
43716
43719
43720
43721
43722
43727
43728
43729
43731
43733
43734
43735
43740
43745
43747
43749
43750
43756
43759
43761
43762
43765
43766
43767
43772
43773
43775
43777
43778
43787
43790
43793
43795
43796
43797
43798
43799
43800
43803
43806
43807
43821
43825
43832
43835
43842
43845
43849
43852
43854
43860
43867
43871
43872
43873
43874
43878
43879
43891
43894
43898
43900
43901
43902
43903
43911
43916
43917
43918
43920
43924
43926
43927
43928
43929
43930
43931
43934
43937
43944
43949
43950
43952
43955
43960
43961
43964
43965
43967
43979
43981
43982
43984
43985
43986
43991
43994
43997
44001
44002
44005
44009
44012
44013
44014
44017
44020
44022
44023
44032
44038
44040
44041
44045
44046
44047
44049
44050
44051
44055
44057
44058
44061
44063
44064
44065
44066
44069
44071
44078
44080
44081
44089
44091
44093
44094
44095
44096
44098
44100
44101
44102
44104
44106
44107
44108
44110
44112
44113
44115
44116
44117
44121
44122
44124
44127
44128
44129
44130
44132
44137
44141
44143
44145
44146
44147
44151
44155
44161
44162
44163
44168
44169
44170
44171
44172
44173
44175
44179
44180
44185
44186
44191
44193
44198
44200
44201
44205
44209
44217
44218
44223
44225
44226
44227
44228
44229
44233
44236
44244
44245
44246
44251
44256
44260
44263
44265
44268
44270
44275
44276
44277
44278
44282
44283
44291
44292
44293
44295
44297
44301
44305
44307
44309
44312
44314
44315
44316
44318
44319
44320
44324
44327
44328
44330
44334
44338
44340
44341
44344
44345
44347
44351
44353
44355
44356
44360
44361
44363
44364
44368
44372
44376
44379
44381
44383
44384
44387
44388
44390
44395
44398
44401
44402
44404
44406
44408
44409
44412
44415
44416
44421
44422
44423
44426
44431
44432
44433
44434
44438
44440
44442
44445
44446
44447
44448
44455
44459
44460
44465
44467
44472
44478
44480
44481
44482
44484
44490
44492
44494
44498
44501
44503
44505
44507
44509
44510
44512
44520
44521
44523
44525
44527
44528
44529
44530
44531
44532
44533
44535
44538
44539
44542
44543
44545
44549
44555
44557
44559
44562
44563
44566
44567
44570
44571
44576
44580
44582
44583
44587
44588
44591
44592
44595
44596
44599
44604
44605
44609
44610
44611
44612
44613
44617
44620
44624
44626
44627
44631
44633
44634
44636
44637
44638
44639
44640
44641
44642
44643
44646
44648
44649
44650
44652
44656
44660
44669
44673
44674
44678
44681
44683
44686
44689
44691
44693
44697
44701
44702
44704
44705
44707
44710
44711
44712
44715
44716
44717
44722
44726
44727
44728
44729
44732
44733
44735
44736
44740
44741
44745
44746
44747
44749
44753
44754
44756
44757
44758
44760
44761
44762
44766
44768
44769
44771
44773
44776
44777
44781
44782
44787
44789
44792
44793
44796
44797
44801
44802
44803
44804
44805
44810
44813
44817
44818
44819
44828
44835
44836
44837
44838
44842
44846
44849
44852
44854
44855
44856
44857
44862
44864
44866
44869
44870
44873
44875
44877
44880
44891
44894
44900
44907
44909
44918
44922
44923
44926
44928
44929
44930
44931
44932
44933
44938
44940
44941
44947
44950
44953
44955
44956
44960
44961
44963
44967
44970
44971
44972
44973
44976
44979
44982
44983
44985
44987
44988
44989
44991
44993
44996
45004
45006
45008
45010
45012
45014
45016
45022
45023
45024
45032
45035
45038
45040
45053
45055
45056
45063
45066
45069
45072
45074
45075
45077
45078
45084
45085
45086
45089
45091
45092
45093
45094
45097
45098
45099
45101
45102
45105
45109
45110
45113
45114
45118
45119
45120
45123
45125
45130
45131
45135
45138
45139
45141
45142
45144
45146
45147
45148
45150
45155
45163
45164
45166
45170
45171
45172
45174
45175
45179
45183
45184
45186
45189
45190
45191
45194
45197
45198
45199
45201
45206
45208
45212
45213
45214
45215
45216
45219
45220
45222
45224
45234
45237
45243
45244
45246
45248
45249
45250
45251
45259
45263
45267
45274
45278
45279
45282
45287
45291
45294
45296
45298
45302
45303
45305
45310
45311
45314
45316
45322
45323
45324
45327
45330
45332
45334
45335
45336
45339
45352
45353
45354
45355
45357
45360
45368
45369
45373
45376
45377
45379
45382
45384
45385
45387
45388
45391
45393
45397
45399
45401
45403
45408
45409
45412
45419
45423
45427
45428
45435
45436
45439
45444
45447
45448
45450
45452
45456
45460
45466
45470
45475
45477
45480
45482
45483
45484
45485
45492
45495
45496
45497
45501
45502
45508
45510
45514
45516
45517
45518
45519
45520
45521
45524
45525
45526
45527
45529
45532
45534
45537
45538
45542
45544
45549
45551
45552
45556
45557
45560
45562
45567
45570
45578
45579
45584
45585
45586
45588
45589
45592
45595
45596
45599
45600
45601
45609
45610
45613
45614
45618
45619
45620
45621
45623
45624
45625
45627
45634
45638
45655
45656
45658
45665
45673
45674
45676
45677
45678
45679
45680
45681
45682
45683
45685
45687
45688
45690
45691
45692
45693
45698
45699
45702
45703
45705
45707
45708
45709
45710
45712
45719
45726
45734
45736
45738
45740
45741
45753
45760
45761
45766
45768
45769
45771
45772
45773
45776
45780
45782
45784
45787
45788
45791
45798
45800
45803
45807
45811
45817
45819
45823
45826
45827
45829
45830
45838
45839
45840
45851
45855
45859
45860
45862
45864
45866
45867
45871
45872
45873
45875
45879
45882
45883
45885
45896
45897
45898
45900
45903
45906
45909
45911
45912
45915
45916
45917
45927
45928
45929
45930
45932
45934
45936
45938
45942
45943
45944
45945
45947
45950
45951
45952
45954
45957
45959
45960
45961
45964
45966
45967
45968
45970
45973
45974
45980
45981
45987
45988
45993
45995
45997
45998
45999
46000
46001
46003
46004
46008
46009
46010
46014
46015
46016
46018
46019
46025
46027
46028
46032
46033
46037
46039
46045
46046
46047
46049
46050
46055
46056
46058
46059
46067
46069
46070
46073
46075
46076
46080
46082
46083
46095
46098
46100
46102
46106
46110
46111
46114
46115
46117
46119
46121
46123
46124
46125
46127
46130
46133
46135
46138
46139
46141
46146
46147
46148
46151
46152
46153
46157
46159
46160
46162
46165
46166
46167
46168
46170
46171
46172
46175
46177
46180
46186
46189
46191
46193
46207
46214
46215
46218
46220
46222
46223
46232
46233
46236
46238
46239
46240
46243
46244
46251
46253
46264
46265
46266
46268
46273
46274
46275
46276
46279
46280
46282
46285
46288
46290
46291
46293
46295
46296
46298
46299
46301
46302
46303
46305
46308
46310
46311
46313
46317
46319
46324
46328
46329
46336
46337
46342
46344
46347
46348
46350
46351
46355
46356
46358
46359
46360
46361
46362
46363
46370
46372
46375
46380
46381
46382
46385
46388
46393
46394
46397
46398
46400
46401
46403
46404
46406
46407
46410
46411
46416
46417
46418
46419
46422
46423
46424
46430
46440
46441
46446
46447
46449
46450
46452
46460
46464
46471
46474
46475
46476
46477
46478
46482
46483
46486
46492
46493
46494
46497
46501
46502
46504
46505
46506
46509
46511
46512
46513
46515
46517
46526
46527
46528
46531
46534
46538
46539
46542
46544
46547
46549
46550
46551
46552
46554
46555
46557
46558
46561
46562
46564
46565
46568
46569
46570
46574
46578
46583
46584
46587
46593
46596
46597
46598
46602
46606
46609
46612
46614
46616
46627
46629
46630
46631
46635
46636
46638
46643
46644
46645
46647
46651
46652
46653
46656
46659
46665
46667
46668
46670
46673
46675
46677
46679
46680
46681
46683
46685
46686
46688
46692
46694
46696
46706
46709
46710
46715
46717
46718
46720
46724
46728
46732
46733
46734
46737
46747
46750
46753
46754
46756
46757
46763
46766
46768
46769
46772
46776
46777
46778
46781
46782
46783
46784
46800
46801
46809
46812
46814
46817
46818
46821
46823
46826
46827
46829
46832
46833
46837
46838
46839
46842
46843
46864
46865
46869
46870
46872
46875
46876
46877
46879
46881
46884
46885
46886
46889
46892
46893
46896
46897
46899
46900
46903
46904
46907
46908
46909
46910
46913
46914
46915
46916
46917
46920
46921
46926
46927
46929
46930
46932
46933
46937
46940
46942
46945
46946
46947
46950
46951
46952
46953
46956
46957
46958
46961
46962
46964
46966
46970
46972
46975
46980
46983
46986
46987
46988
46994
46995
47001
47002
47003
47004
47005
47012
47019
47020
47023
47025
47027
47029
47030
47032
47033
47034
47037
47039
47045
47051
47053
47057
47058
47064
47066
47068
47069
47070
47071
47072
47074
47079
47083
47085
47092
47093
47095
47099
47101
47102
47104
47106
47109
47110
47116
47117
47118
47120
47121
47122
47123
47124
47126
47130
47132
47139
47140
47142
47147
47149
47150
47153
47155
47156
47157
47159
47161
47163
47164
47168
47170
47171
47176
47178
47179
47185
47187
47197
47200
47203
47204
47207
47208
47211
47224
47225
47226
47228
47231
47234
47237
47238
47240
47242
47245
47246
47251
47253
47255
47258
47259
47260
47261
47264
47265
47268
47269
47270
47272
47275
47279
47282
47284
47285
47286
47289
47291
47293
47296
47298
47299
47300
47304
47305
47306
47308
47309
47310
47313
47317
47318
47328
47329
47331
47332
47335
47338
47339
47345
47346
47347
47348
47351
47355
47356
47363
47364
47366
47367
47371
47378
47381
47385
47389
47390
47391
47393
47394
47397
47399
47404
47411
47412
47413
47414
47415
47416
47417
47418
47419
47420
47421
47422
47424
47434
47437
47438
47442
47443
47444
47445
47447
47451
47455
47457
47459
47460
47462
47466
47468
47470
47472
47474
47475
47480
47481
47483
47484
47486
47489
47492
47497
47499
47500
47501
47502
47503
47505
47508
47509
47510
47512
47513
47514
47517
47518
47520
47521
47522
47526
47527
47528
47529
47530
47531
47536
47540
47542
47545
47549
47552
47553
47556
47559
47560
47561
47563
47564
47570
47573
47575
47577
47579
47580
47585
47586
47589
47590
47592
47598
47599
47601
47602
47603
47608
47609
47610
47614
47616
47618
47619
47623
47625
47626
47627
47628
47629
47631
47632
47633
47635
47637
47638
47641
47645
47647
47648
47654
47655
47667
47672
47673
47674
47677
47679
47684
47689
47691
47695
47698
47699
47700
47705
47710
47713
47714
47716
47719
47720
47722
47724
47726
47727
47728
47732
47734
47737
47740
47741
47744
47745
47746
47752
47753
47754
47756
47757
47758
47760
47763
47765
47768
47769
47771
47772
47774
47778
47779
47780
47783
47784
47786
47788
47795
47798
47799
47800
47801
47803
47809
47810
47812
47814
47815
47818
47820
47823
47824
47830
47831
47832
47834
47835
47836
47837
47840
47841
47842
47843
47846
47848
47850
47858
47859
47863
47866
47869
47870
47871
47872
47877
47878
47879
47886
47887
47891
47897
47900
47901
47903
47904
47908
47909
47915
47919
47920
47928
47929
47936
47943
47946
47947
47948
47949
47951
47952
47954
47957
47958
47966
47968
47970
47974
47975
47976
47978
47980
47982
47983
47984
47993
47997
48005
48007
48008
48009
48011
48012
48013
48015
48019
48021
48024
48025
48028
48035
48046
48047
48049
48051
48052
48054
48055
48056
48057
48058
48059
48060
48061
48063
48064
48067
48069
48070
48073
48076
48078
48079
48080
48081
48084
48085
48092
48093
48094
48098
48101
48103
48104
48107
48111
48116
48125
48128
48131
48132
48133
48138
48141
48144
48149
48157
48158
48164
48165
48166
48170
48171
48172
48173
48175
48177
48186
48190
48192
48193
48195
48196
48197
48201
48204
48206
48209
48216
48217
48218
48220
48225
48228
48232
48236
48244
48245
48246
48250
48252
48253
48254
48257
48258
48259
48261
48264
48266
48269
48270
48271
48277
48279
48282
48287
48290
48291
48296
48298
48301
48308
48310
48314
48318
48321
48322
48325
48328
48334
48338
48340
48343
48345
48348
48350
48357
48359
48362
48363
48364
48370
48371
48375
48376
48378
48380
48381
48385
48386
48387
48388
48394
48395
48398
48404
48405
48407
48408
48409
48414
48415
48416
48418
48423
48425
48426
48432
48436
48439
48440
48443
48444
48448
48451
48455
48460
48467
48468
48469
48472
48474
48476
48482
48483
48486
48487
48489
48492
48493
48494
48495
48496
48497
48498
48502
48506
48508
48511
48512
48516
48517
48523
48530
48532
48534
48535
48545
48546
48553
48558
48560
48561
48564
48569
48570
48571
48572
48573
48574
48580
48581
48584
48586
48587
48591
48594
48598
48599
48601
48603
48605
48609
48612
48614
48617
48619
48620
48622
48625
48630
48631
48632
48634
48636
48638
48640
48641
48642
48646
48647
48651
48654
48655
48658
48659
48660
48661
48669
48673
48674
48675
48677
48678
48680
48681
48682
48687
48692
48696
48702
48703
48704
48705
48711
48713
48714
48724
48726
48727
48735
48736
48743
48744
48746
48747
48751
48755
48758
48759
48762
48764
48769
48772
48774
48775
48777
48778
48780
48781
48782
48783
48785
48786
48788
48789
48793
48798
48799
48800
48802
48803
48804
48805
48806
48807
48813
48814
48815
48819
48820
48824
48825
48826
48828
48829
48831
48833
48834
48835
48836
48837
48841
48844
48845
48847
48850
48851
48852
48857
48862
48864
48867
48868
48870
48877
48878
48885
48897
48899
48903
48905
48907
48910
48913
48921
48922
48923
48925
48927
48928
48933
48934
48935
48936
48938
48939
48942
48944
48945
48948
48950
48952
48955
48956
48957
48960
48961
48965
48968
48977
48987
48988
48989
48991
48993
48996
48997
49000
49002
49008
49011
49012
49013
49018
49019
49021
49022
49026
49027
49028
49032
49033
49034
49035
49043
49044
49045
49052
49053
49061
49065
49070
49071
49077
49079
49080
49081
49082
49084
49088
49091
49093
49095
49103
49104
49108
49109
49111
49115
49117
49118
49119
49121
49124
49125
49126
49132
49133
49134
49135
49136
49137
49142
49143
49144
49151
49152
49153
49154
49156
49160
49162
49164
49167
49168
49176
49181
49182
49185
49186
49188
49191
49195
49198
49202
49204
49205
49206
49207
49212
49215
49216
49218
49219
49225
49226
49227
49228
49236
49237
49244
49249
49256
49258
49263
49265
49268
49269
49277
49282
49283
49284
49291
49292
49295
49303
49306
49307
49311
49312
49318
49319
49320
49322
49324
49325
49326
49328
49329
49330
49335
49337
49339
49341
49343
49344
49345
49347
49348
49350
49351
49352
49359
49362
49363
49365
49366
49372
49374
49375
49380
49382
49384
49388
49390
49395
49402
49404
49405
49406
49408
49410
49415
49416
49417
49419
49421
49422
49423
49425
49429
49431
49432
49436
49437
49438
49442
49445
49447
49448
49449
49451
49456
49460
49461
49462
49463
49465
49469
49470
49474
49476
49477
49481
49483
49486
49492
49496
49497
49498
49499
49500
49505
49507
49511
49513
49515
49518
49519
49521
49522
49523
49526
49527
49529
49532
49534
49535
49538
49544
49548
49549
49551
49556
49557
49559
49560
49562
49563
49564
49571
49572
49573
49575
49576
49577
49579
49581
49582
49583
49585
49587
49600
49602
49605
49606
49610
49611
49617
49618
49621
49626
49628
49629
49630
49632
49633
49634
49636
49639
49641
49642
49644
49645
49650
49654
49655
49657
49658
49660
49665
49666
49667
49668
49669
49670
49672
49683
49687
49688
49689
49696
49697
49700
49701
49702
49706
49707
49708
49710
49711
49714
49715
49716
49717
49718
49720
49722
49726
49727
49728
49729
49731
49732
49734
49739
49741
49746
49747
49748
49749
49750
49753
49754
49759
49765
49766
49771
49774
49775
49777
49780
49781
49783
49784
49785
49786
49790
49792
49794
49795
49802
49803
49805
49813
49815
49819
49821
49822
49827
49828
49829
49830
49831
49832
49833
49834
49836
49838
49841
49842
49847
49848
49850
49851
49852
49854
49855
49856
49858
49859
49862
49865
49867
49870
49874
49876
49880
49881
49883
49887
49894
49897
49899
49903
49906
49913
49915
49916
49918
49919
49920
49921
49926
49930
49931
49932
49936
49937
49940
49945
49949
49951
49953
49955
49956
49957
49958
49961
49964
49966
49969
49970
49971
49972
49973
49980
49983
49984
49986
49987
49988
49992
49997
49998
50000
50001
50007
50008
50009
50015
50021
50025
50032
50033
50034
50035
50036
50038
50042
50043
50044
50045
50046
50048
50049
50050
50051
50052
50053
50054
50060
50061
50065
50068
50070
50073
50074
50076
50077
50080
50083
50084
50086
50091
50097
50100
50103
50104
50105
50106
50107
50108
50109
50111
50113
50117
50121
50129
50133
50135
50136
50138
50140
50143
50144
50150
50154
50155
50159
50165
50167
50169
50171
50172
50179
50180
50181
50182
50184
50185
50186
50188
50192
50194
50195
50196
50197
50200
50205
50207
50208
50213
50220
50224
50226
50230
50232
50234
50236
50238
50240
50243
50244
50245
50247
50250
50251
50254
50257
50259
50262
50264
50266
50267
50268
50269
50274
50275
50276
50279
50280
50284
50286
50288
50289
50294
50295
50296
50297
50298
50300
50305
50306
50311
50312
50314
50318
50323
50324
50326
50337
50339
50342
50344
50346
50349
50350
50351
50354
50356
50359
50361
50363
50368
50369
50370
50371
50373
50379
50380
50381
50384
50385
50392
50393
50395
50396
50398
50399
50401
50402
50403
50409
50410
50415
50416
50436
50437
50440
50446
50451
50453
50458
50460
50462
50463
50465
50467
50476
50477
50478
50481
50491
50492
50493
50500
50501
50502
50503
50504
50507
50512
50514
50515
50525
50526
50528
50533
50535
50539
50541
50543
50546
50549
50550
50554
50557
50560
50566
50569
50570
50573
50574
50577
50578
50582
50583
50590
50591
50592
50595
50598
50600
50603
50604
50605
50607
50610
50611
50612
50613
50616
50619
50623
50627
50629
50631
50640
50641
50642
50643
50649
50651
50654
50655
50665
50669
50670
50671
50678
50680
50681
50682
50686
50687
50689
50691
50693
50695
50705
50706
50707
50709
50710
50711
50718
50719
50720
50722
50724
50726
50727
50728
50729
50730
50731
50732
50733
50738
50743
50746
50753
50755
50760
50762
50768
50773
50774
50779
50781
50785
50786
50790
50791
50793
50794
50800
50801
50802
50803
50807
50814
50817
50818
50821
50822
50823
50824
50828
50829
50832
50834
50835
50839
50842
50846
50852
50855
50860
50864
50868
50870
50872
50873
50875
50877
50880
50881
50883
50888
50889
50895
50896
50902
50904
50905
50907
50908
50916
50917
50919
50921
50922
50923
50924
50926
50927
50928
50929
50930
50933
50935
50937
50938
50941
50942
50943
50945
50946
50950
50953
50954
50955
50959
50962
50963
50964
50966
50970
50972
50973
50974
50975
50977
50980
50983
50986
50987
50988
50990
50991
50995
50998
50999
51001
51010
51013
51015
51020
51021
51022
51029
51030
51033
51036
51040
51042
51043
51046
51047
51049
51051
51053
51055
51056
51058
51060
51064
51066
51068
51075
51079
51086
51087
51090
51091
51093
51096
51097
51099
51102
51104
51106
51107
51108
51113
51114
51115
51116
51118
51119
51122
51123
51126
51127
51128
51129
51130
51132
51134
51135
51138
51142
51143
51146
51149
51152
51155
51157
51160
51161
51162
51168
51171
51172
51173
51176
51177
51183
51184
51186
51187
51188
51190
51191
51194
51198
51199
51200
51205
51207
51210
51211
51212
51214
51218
51219
51220
51222
51223
51225
51227
51228
51230
51234
51238
51242
51244
51255
51256
51258
51259
51260
51262
51265
51266
51269
51270
51271
51273
51276
51277
51280
51281
51286
51287
51291
51293
51297
51299
51301
51302
51303
51304
51305
51308
51309
51311
51313
51320
51324
51325
51327
51328
51329
51330
51333
51334
51339
51341
51342
51343
51352
51356
51358
51362
51363
51364
51365
51367
51368
51369
51374
51376
51377
51379
51385
51386
51388
51390
51391
51394
51397
51399
51401
51402
51404
51405
51407
51408
51410
51411
51412
51413
51417
51424
51426
51427
51431
51433
51435
51436
51440
51441
51442
51448
51451
51457
51458
51462
51464
51466
51467
51468
51469
51476
51478
51486
51487
51488
51489
51490
51491
51494
51495
51496
51497
51499
51506
51511
51512
51513
51514
51515
51524
51525
51527
51528
51529
51535
51537
51541
51543
51544
51547
51548
51552
51555
51556
51561
51562
51566
51569
51570
51577
51579
51580
51582
51585
51586
51589
51591
51594
51595
51597
51599
51601
51603
51609
51615
51616
51618
51621
51622
51625
51626
51627
51628
51629
51636
51639
51641
51643
51644
51653
51654
51657
51658
51662
51663
51665
51666
51667
51671
51672
51673
51674
51680
51681
51682
51684
51688
51690
51691
51693
51694
51695
51696
51699
51704
51706
51709
51713
51714
51717
51719
51720
51723
51724
51725
51726
51729
51731
51734
51737
51739
51741
51743
51744
51745
51746
51747
51748
51750
51760
51765
51766
51768
51771
51780
51781
51782
51783
51785
51786
51787
51790
51793
51794
51795
51796
51797
51798
51799
51801
51802
51803
51804
51805
51806
51807
51809
51811
51812
51813
51815
51816
51820
51821
51825
51827
51828
51833
51836
51837
51850
51851
51853
51859
51861
51863
51865
51867
51870
51873
51874
51875
51879
51882
51884
51885
51886
51887
51889
51891
51892
51893
51895
51899
51900
51904
51905
51908
51913
51918
51920
51921
51922
51927
51928
51931
51933
51934
51936
51937
51938
51942
51943
51945
51947
51951
51952
51958
51959
51960
51961
51962
51963
51964
51965
51972
51973
51974
51985
51991
51993
51994
51996
51999
52002
52006
52007
52009
52011
52022
52023
52024
52027
52028
52031
52034
52035
52037
52038
52041
52043
52044
52045
52051
52053
52057
52060
52063
52065
52066
52067
52068
52070
52072
52076
52077
52081
52082
52085
52087
52088
52089
52095
52096
52098
52100
52104
52106
52107
52110
52113
52114
52115
52117
52121
52129
52132
52135
52136
52140
52144
52145
52151
52157
52158
52165
52170
52172
52173
52184
52186
52195
52196
52197
52198
52205
52206
52207
52208
52210
52212
52217
52220
52225
52226
52230
52232
52233
52234
52237
52238
52249
52250
52252
52256
52259
52261
52263
52264
52266
52268
52276
52277
52278
52281
52282
52287
52288
52289
52290
52292
52299
52302
52304
52305
52307
52309
52311
52312
52315
52316
52317
52319
52320
52321
52322
52325
52329
52330
52338
52344
52348
52352
52353
52357
52358
52361
52363
52364
52368
52371
52375
52377
52382
52384
52387
52394
52399
52400
52402
52405
52407
52410
52411
52412
52418
52424
52426
52428
52435
52438
52439
52449
52453
52456
52463
52466
52467
52474
52477
52478
52481
52482
52483
52485
52492
52493
52495
52496
52497
52499
52500
52501
52502
52503
52504
52506
52507
52508
52509
52510
52511
52512
52513
52515
52517
52518
52520
52521
52522
52529
52530
52532
52535
52536
52538
52552
52553
52556
52558
52559
52563
52564
52567
52570
52572
52573
52574
52575
52578
52580
52587
52589
52590
52596
52599
52606
52608
52615
52616
52617
52618
52619
52621
52626
52633
52634
52636
52639
52641
52644
52645
52646
52649
52650
52652
52653
52660
52661
52663
52665
52667
52668
52670
52671
52672
52673
52676
52677
52682
52683
52684
52690
52691
52693
52695
52697
52699
52700
52703
52704
52707
52708
52710
52711
52717
52718
52719
52720
52721
52723
52730
52731
52735
52737
52738
52741
52745
52746
52747
52752
52755
52757
52758
52761
52767
52768
52781
52786
52787
52789
52791
52797
52801
52803
52804
52806
52807
52821
52824
52826
52827
52829
52830
52832
52835
52839
52840
52841
52842
52844
52846
52848
52851
52855
52861
52862
52863
52864
52866
52868
52869
52874
52878
52881
52885
52886
52891
52892
52893
52895
52897
52898
52899
52902
52909
52911
52914
52915
52921
52923
52928
52929
52937
52938
52939
52942
52943
52948
52950
52952
52957
52960
52961
52963
52966
52967
52968
52969
52970
52973
52974
52977
52978
52981
52985
52986
52988
52991
52992
52993
52995
52997
53000
53004
53006
53008
53011
53020
53021
53022
53030
53031
53032
53035
53038
53041
53042
53046
53047
53053
53056
53057
53058
53063
53064
53067
53068
53069
53073
53074
53075
53076
53087
53089
53092
53095
53102
53104
53105
53107
53108
53109
53111
53113
53117
53119
53120
53121
53125
53126
53127
53128
53129
53130
53134
53135
53138
53140
53146
53149
53150
53151
53154
53155
53156
53161
53164
53174
53178
53180
53182
53185
53186
53188
53191
53193
53197
53199
53200
53205
53206
53207
53209
53212
53213
53214
53216
53217
53219
53222
53224
53226
53227
53237
53240
53242
53244
53246
53250
53252
53253
53254
53255
53256
53257
53261
53262
53264
53265
53266
53268
53269
53272
53273
53275
53276
53278
53280
53281
53282
53283
53284
53285
53287
53288
53289
53292
53294
53298
53299
53300
53301
53302
53306
53310
53312
53313
53317
53318
53320
53321
53323
53324
53325
53326
53327
53330
53332
53338
53339
53342
53347
53349
53351
53353
53354
53355
53357
53360
53363
53364
53368
53372
53373
53375
53378
53382
53385
53391
53394
53400
53401
53402
53404
53408
53410
53415
53419
53420
53421
53423
53424
53429
53433
53437
53440
53443
53445
53447
53450
53453
53458
53459
53462
53464
53465
53471
53472
53473
53477
53479
53480
53483
53484
53485
53488
53490
53492
53494
53497
53503
53505
53506
53507
53509
53516
53518
53519
53520
53527
53528
53529
53531
53532
53533
53537
53538
53539
53542
53547
53548
53549
53556
53557
53558
53561
53565
53566
53570
53572
53573
53578
53583
53585
53587
53588
53590
53591
53593
53594
53596
53597
53598
53599
53605
53606
53607
53608
53611
53615
53616
53617
53623
53628
53631
53636
53637
53647
53648
53649
53655
53657
53658
53659
53663
53665
53668
53674
53675
53676
53680
53682
53684
53685
53688
53689
53690
53692
53696
53698
53701
53702
53704
53709
53712
53715
53718
53721
53722
53725
53726
53729
53731
53739
53740
53741
53742
53743
53744
53745
53746
53747
53751
53753
53754
53755
53756
53762
53763
53767
53770
53771
53772
53774
53778
53782
53784
53785
53791
53793
53798
53799
53802
53803
53805
53808
53809
53813
53814
53817
53819
53821
53823
53824
53834
53838
53843
53850
53853
53858
53863
53868
53869
53871
53872
53874
53875
53876
53878
53879
53880
53881
53883
53884
53885
53887
53888
53891
53895
53897
53900
53901
53902
53903
53906
53907
53911
53916
53917
53918
53920
53923
53924
53926
53927
53929
53933
53939
53940
53947
53952
53956
53962
53964
53965
53966
53968
53975
53976
53981
53984
53986
53990
53995
53996
53997
53998
54003
54007
54013
54015
54017
54018
54025
54027
54029
54030
54032
54034
54037
54040
54046
54049
54050
54051
54052
54053
54054
54057
54058
54060
54064
54065
54066
54068
54069
54075
54076
54077
54081
54086
54087
54088
54095
54100
54104
54106
54107
54109
54111
54114
54115
54121
54124
54125
54128
54132
54136
54137
54138
54140
54143
54145
54146
54147
54151
54153
54156
54161
54166
54167
54168
54174
54176
54177
54178
54179
54181
54182
54188
54192
54195
54198
54200
54209
54211
54213
54217
54218
54219
54221
54222
54225
54227
54229
54231
54233
54240
54241
54242
54243
54244
54245
54246
54247
54251
54254
54257
54258
54260
54265
54266
54272
54276
54278
54282
54283
54284
54286
54287
54288
54290
54292
54293
54295
54298
54304
54305
54309
54312
54316
54317
54318
54319
54322
54325
54326
54328
54332
54334
54335
54337
54342
54344
54347
54348
54350
54356
54357
54358
54360
54361
54364
54365
54366
54368
54369
54370
54371
54372
54375
54377
54378
54379
54380
54381
54383
54387
54395
54396
54398
54399
54400
54408
54409
54415
54416
54423
54424
54425
54426
54427
54428
54429
54430
54431
54433
54436
54440
54442
54443
54446
54452
54453
54458
54465
54476
54479
54486
54487
54488
54489
54493
54495
54502
54504
54507
54509
54510
54513
54517
54519
54520
54525
54529
54537
54540
54543
54546
54547
54548
54561
54563
54568
54573
54574
54575
54577
54581
54582
54584
54585
54586
54587
54589
54591
54593
54595
54596
54598
54601
54605
54606
54607
54608
54610
54615
54618
54620
54628
54629
54630
54633
54635
54636
54637
54639
54642
54648
54649
54654
54656
54662
54663
54665
54667
54672
54674
54676
54679
54680
54686
54688
54691
54694
54697
54699
54701
54704
54706
54707
54708
54709
54711
54715
54716
54717
54719
54720
54722
54727
54729
54731
54737
54738
54739
54741
54742
54743
54745
54746
54747
54751
54753
54758
54761
54764
54765
54767
54771
54772
54778
54779
54781
54783
54784
54785
54786
54791
54792
54798
54801
54809
54810
54813
54818
54819
54820
54822
54824
54825
54830
54832
54834
54840
54842
54844
54853
54858
54859
54863
54866
54868
54869
54871
54873
54874
54878
54879
54881
54882
54883
54885
54897
54900
54902
54903
54904
54905
54907
54909
54911
54912
54915
54916
54917
54918
54919
54921
54926
54928
54929
54932
54938
54939
54940
54941
54944
54946
54947
54948
54949
54951
54952
54953
54954
54956
54958
54960
54962
54964
54965
54966
54972
54976
54982
54984
54986
54992
54993
54994
54998
55000
55002
55003
55007
55010
55011
55014
55019
55025
55029
55037
55039
55040
55044
55045
55046
55048
55051
55052
55057
55058
55062
55063
55065
55067
55071
55073
55077
55079
55080
55083
55084
55087
55091
55093
55094
55096
55098
55099
55100
55103
55104
55105
55110
55111
55115
55118
55120
55122
55126
55129
55133
55134
55136
55137
55140
55142
55143
55146
55151
55153
55155
55157
55158
55160
55162
55167
55168
55169
55170
55171
55173
55175
55181
55185
55187
55190
55192
55195
55197
55201
55204
55208
55212
55213
55214
55219
55221
55223
55231
55232
55233
55234
55239
55240
55242
55243
55245
55248
55249
55257
55262
55263
55267
55268
55271
55273
55274
55277
55282
55288
55293
55298
55299
55300
55304
55305
55306
55313
55315
55317
55329
55331
55332
55334
55335
55336
55340
55341
55344
55345
55347
55348
55349
55356
55358
55359
55362
55364
55367
55374
55378
55379
55381
55383
55384
55385
55392
55393
55397
55409
55410
55411
55413
55418
55420
55427
55431
55432
55435
55437
55439
55440
55445
55446
55447
55449
55450
55454
55456
55457
55460
55466
55467
55470
55471
55472
55474
55478
55480
55482
55487
55491
55492
55497
55504
55510
55511
55513
55515
55517
55521
55523
55524
55526
55528
55531
55532
55533
55534
55535
55536
55538
55544
55545
55547
55548
55551
55552
55554
55559
55560
55563
55566
55571
55572
55574
55579
55585
55590
55591
55593
55597
55599
55601
55602
55606
55607
55611
55612
55613
55615
55621
55628
55630
55634
55635
55637
55638
55641
55643
55647
55648
55651
55653
55654
55656
55660
55663
55664
55666
55668
55669
55672
55675
55677
55679
55680
55683
55684
55690
55699
55702
55705
55706
55710
55711
55712
55713
55714
55718
55719
55720
55721
55724
55727
55728
55730
55735
55741
55746
55749
55751
55752
55755
55756
55757
55760
55761
55763
55764
55765
55766
55767
55769
55775
55776
55779
55783
55785
55788
55791
55792
55794
55797
55799
55800
55801
55802
55806
55807
55809
55814
55817
55819
55820
55823
55825
55826
55828
55832
55833
55834
55838
55841
55846
55852
55859
55863
55868
55872
55874
55877
55881
55884
55885
55886
55887
55888
55889
55890
55892
55893
55894
55896
55897
55898
55899
55900
55901
55904
55905
55906
55907
55909
55910
55911
55915
55917
55918
55919
55921
55927
55929
55931
55932
55935
55937
55939
55940
55941
55945
55947
55949
55951
55953
55958
55962
55965
55966
55969
55970
55973
55974
55976
55977
55980
55981
55983
55989
55991
55992
55993
56006
56008
56010
56012
56014
56020
56022
56023
56025
56028
56030
56032
56033
56035
56039
56041
56042
56048
56050
56055
56058
56060
56061
56064
56066
56067
56068
56069
56070
56072
56073
56074
56078
56079
56080
56088
56089
56093
56095
56096
56098
56101
56104
56106
56110
56111
56115
56118
56120
56121
56122
56123
56124
56126
56128
56129
56130
56133
56134
56135
56139
56140
56142
56143
56144
56145
56146
56147
56149
56152
56156
56158
56159
56161
56162
56164
56167
56168
56170
56173
56175
56178
56179
56181
56182
56185
56186
56191
56193
56194
56196
56202
56203
56204
56207
56208
56210
56211
56218
56220
56224
56225
56228
56230
56238
56239
56242
56245
56252
56253
56256
56257
56259
56260
56262
56269
56270
56273
56274
56278
56280
56281
56282
56285
56294
56297
56298
56299
56307
56309
56311
56312
56322
56323
56325
56327
56329
56333
56334
56335
56336
56337
56338
56341
56344
56345
56346
56347
56350
56354
56355
56357
56359
56365
56372
56373
56375
56377
56378
56382
56385
56386
56387
56388
56389
56391
56396
56397
56399
56400
56407
56411
56413
56419
56420
56421
56423
56428
56430
56432
56438
56441
56449
56453
56454
56455
56456
56460
56462
56464
56467
56470
56473
56474
56479
56483
56484
56489
56491
56492
56493
56494
56496
56498
56500
56505
56506
56507
56508
56509
56515
56517
56526
56528
56532
56536
56538
56540
56541
56542
56544
56549
56552
56556
56557
56559
56562
56563
56567
56574
56577
56579
56585
56586
56587
56590
56591
56592
56593
56596
56597
56598
56599
56601
56603
56606
56610
56617
56619
56623
56624
56625
56629
56630
56631
56632
56634
56636
56641
56644
56645
56647
56650
56651
56652
56653
56659
56669
56670
56675
56677
56681
56685
56686
56687
56688
56699
56707
56709
56717
56719
56722
56723
56725
56731
56732
56733
56737
56739
56741
56742
56743
56745
56747
56751
56756
56757
56760
56763
56764
56767
56769
56770
56772
56777
56778
56780
56782
56783
56788
56790
56793
56795
56799
56800
56802
56805
56813
56815
56816
56817
56822
56826
56830
56837
56838
56839
56840
56844
56852
56856
56859
56866
56867
56871
56873
56875
56880
56881
56887
56889
56891
56893
56897
56901
56903
56906
56908
56909
56910
56915
56916
56917
56923
56929
56930
56933
56934
56935
56936
56937
56938
56939
56940
56941
56942
56944
56946
56947
56948
56949
56951
56952
56957
56958
56959
56961
56964
56965
56967
56975
56979
56982
56984
56985
56987
56990
56991
56995
56997
56999
57008
57014
57016
57021
57025
57027
57028
57030
57034
57037
57040
57042
57043
57044
57047
57051
57062
57067
57069
57071
57072
57076
57079
57080
57081
57083
57085
57086
57089
57091
57093
57094
57096
57097
57099
57102
57105
57110
57111
57116
57117
57119
57122
57126
57129
57130
57132
57136
57138
57142
57144
57146
57148
57149
57151
57153
57157
57158
57162
57165
57166
57167
57168
57169
57170
57174
57176
57177
57181
57182
57184
57185
57186
57187
57188
57189
57191
57199
57200
57201
57202
57204
57205
57207
57208
57211
57212
57213
57219
57220
57221
57222
57226
57227
57245
57250
57251
57252
57254
57259
57261
57262
57266
57270
57271
57273
57275
57276
57287
57289
57291
57293
57294
57298
57300
57303
57304
57307
57308
57312
57318
57320
57324
57329
57330
57335
57338
57339
57342
57343
57345
57347
57349
57350
57357
57358
57359
57360
57371
57376
57378
57381
57383
57386
57388
57391
57396
57402
57403
57404
57407
57408
57411
57412
57414
57422
57425
57427
57434
57435
57436
57440
57441
57442
57447
57451
57452
57453
57455
57457
57458
57464
57466
57472
57475
57476
57477
57478
57481
57482
57490
57492
57494
57498
57499
57500
57501
57502
57505
57512
57513
57514
57516
57518
57522
57523
57528
57529
57533
57534
57536
57537
57538
57540
57543
57546
57547
57549
57551
57554
57557
57558
57561
57563
57565
57567
57569
57572
57573
57574
57581
57582
57585
57588
57589
57591
57594
57596
57597
57600
57601
57602
57603
57605
57609
57610
57612
57613
57616
57618
57619
57620
57626
57628
57631
57635
57637
57644
57645
57646
57647
57649
57650
57651
57652
57657
57660
57661
57663
57669
57673
57674
57675
57676
57681
57690
57691
57692
57694
57700
57703
57707
57709
57711
57713
57723
57725
57726
57727
57737
57738
57739
57740
57741
57743
57744
57748
57752
57757
57761
57764
57767
57768
57770
57776
57782
57785
57786
57787
57788
57789
57792
57794
57799
57801
57805
57808
57809
57810
57812
57816
57819
57826
57827
57830
57838
57840
57842
57844
57848
57850
57851
57853
57855
57861
57862
57864
57866
57867
57871
57872
57873
57876
57880
57882
57883
57884
57885
57892
57893
57894
57897
57898
57900
57904
57906
57907
57908
57913
57914
57915
57919
57922
57928
57930
57934
57936
57938
57939
57940
57943
57944
57945
57947
57950
57953
57955
57959
57962
57964
57969
57970
57973
57974
57975
57976
57981
57986
57987
57990
57995
57997
57999
58007
58008
58011
58015
58017
58018
58019
58020
58022
58023
58025
58027
58029
58030
58032
58035
58036
58038
58039
58040
58041
58042
58045
58047
58048
58051
58052
58055
58059
58068
58072
58074
58075
58077
58085
58086
58091
58093
58094
58095
58096
58099
58100
58103
58104
58107
58109
58110
58113
58117
58118
58124
58125
58127
58129
58136
58140
58141
58142
58151
58152
58155
58156
58157
58158
58159
58161
58163
58164
58165
58171
58179
58182
58186
58187
58188
58194
58196
58197
58198
58200
58201
58202
58205
58209
58211
58212
58215
58216
58220
58221
58224
58227
58228
58233
58238
58245
58252
58256
58257
58258
58259
58260
58269
58272
58273
58274
58281
58284
58286
58290
58291
58293
58294
58296
58297
58298
58299
58301
58308
58310
58312
58314
58315
58317
58319
58320
58321
58323
58326
58330
58332
58335
58338
58340
58341
58344
58347
58348
58349
58350
58352
58359
58360
58362
58363
58365
58366
58368
58371
58373
58374
58385
58387
58388
58389
58392
58395
58396
58398
58399
58404
58408
58409
58411
58414
58417
58420
58422
58424
58427
58428
58430
58432
58433
58434
58441
58445
58448
58449
58453
58458
58461
58462
58468
58469
58473
58476
58477
58478
58479
58482
58489
58490
58494
58496
58498
58499
58501
58507
58512
58516
58518
58519
58520
58528
58531
58532
58535
58536
58538
58542
58543
58544
58546
58550
58551
58552
58553
58560
58564
58565
58566
58568
58570
58575
58576
58583
58585
58586
58588
58589
58590
58592
58594
58596
58598
58599
58600
58601
58604
58605
58607
58608
58614
58615
58616
58619
58623
58636
58637
58638
58640
58641
58642
58643
58645
58646
58648
58649
58652
58653
58654
58658
58659
58662
58669
58671
58673
58674
58676
58677
58679
58685
58691
58692
58694
58695
58699
58700
58701
58704
58705
58707
58709
58710
58711
58712
58713
58714
58717
58718
58719
58720
58721
58734
58735
58736
58738
58740
58742
58743
58747
58749
58750
58752
58754
58756
58761
58765
58766
58767
58768
58772
58773
58775
58778
58780
58789
58792
58802
58805
58810
58813
58817
58819
58820
58824
58826
58827
58828
58833
58837
58842
58843
58847
58851
58852
58855
58857
58863
58866
58867
58868
58869
58870
58871
58872
58876
58879
58882
58883
58884
58886
58894
58895
58898
58899
58902
58906
58908
58909
58912
58913
58918
58923
58926
58932
58938
58940
58944
58945
58949
58951
58953
58958
58961
58963
58964
58965
58966
58967
58970
58976
58985
58986
58988
58992
58995
58996
58997
58998
59000
59002
59008
59009
59011
59012
59019
59020
59022
59023
59029
59035
59036
59037
59039
59040
59042
59044
59046
59047
59049
59051
59054
59058
59059
59060
59061
59066
59069
59070
59072
59073
59075
59077
59080
59086
59090
59098
59100
59104
59105
59108
59112
59113
59114
59118
59123
59126
59131
59133
59134
59135
59136
59137
59140
59141
59142
59145
59154
59155
59157
59160
59163
59165
59166
59168
59169
59171
59172
59174
59175
59178
59180
59182
59183
59186
59187
59189
59190
59193
59196
59199
59203
59206
59207
59218
59219
59221
59222
59226
59228
59230
59231
59232
59238
59241
59242
59244
59247
59248
59250
59254
59258
59259
59260
59261
59262
59263
59264
59266
59267
59269
59275
59276
59277
59279
59285
59288
59289
59290
59293
59297
59298
59302
59305
59307
59308
59310
59313
59316
59317
59318
59319
59320
59322
59326
59327
59329
59332
59337
59341
59342
59351
59352
59353
59354
59355
59356
59363
59366
59372
59375
59377
59378
59379
59384
59386
59388
59393
59398
59401
59405
59410
59414
59415
59419
59422
59427
59428
59429
59430
59435
59437
59443
59447
59449
59450
59451
59452
59454
59458
59462
59465
59466
59469
59471
59473
59475
59476
59479
59480
59481
59484
59487
59491
59495
59497
59500
59501
59507
59511
59513
59516
59517
59521
59522
59523
59524
59525
59526
59530
59532
59534
59539
59540
59542
59543
59548
59549
59550
59551
59554
59556
59557
59558
59559
59561
59562
59565
59566
59567
59571
59576
59579
59582
59589
59590
59591
59592
59593
59594
59595
59602
59604
59605
59609
59610
59611
59616
59617
59618
59621
59623
59630
59632
59634
59636
59638
59645
59648
59649
59651
59653
59655
59656
59661
59664
59666
59667
59669
59670
59676
59677
59680
59681
59682
59687
59689
59690
59691
59694
59696
59698
59699
59701
59703
59704
59705
59706
59709
59710
59711
59712
59713
59714
59716
59718
59719
59720
59722
59723
59730
59733
59734
59737
59745
59747
59750
59752
59754
59761
59762
59764
59766
59767
59768
59769
59770
59778
59781
59786
59788
59794
59797
59798
59802
59803
59805
59806
59807
59810
59823
59828
59829
59836
59837
59838
59839
59840
59841
59845
59846
59847
59848
59850
59856
59857
59863
59866
59867
59869
59872
59874
59876
59878
59881
59883
59888
59894
59896
59897
59898
59899
59900
59901
59902
59903
59904
59906
59913
59914
59921
59923
59925
59927
59932
59935
59937
59938
59939
59940
59942
59943
59944
59946
59948
59954
59956
59960
59964
59965
59967
59970
59972
59973
59976
59977
59981
59988
59989
59991
59994
59995
59997
60004
60007
60010
60013
60016
60022
60025
60028
60030
60032
60034
60035
60036
60038
60041
60043
60044
60047
60048
60053
60054
60057
60059
60060
60065
60066
60067
60068
60071
60073
60076
60077
60078
60079
60082
60084
60086
60091
60094
60099
60100
60101
60104
60108
60110
60115
60120
60121
60122
60124
60126
60130
60131
60135
60136
60137
60138
60145
60147
60152
60154
60156
60162
60163
60164
60165
60168
60171
60173
60175
60176
60177
60178
60180
60182
60184
60187
60188
60191
60196
60199
60200
60201
60202
60205
60207
60208
60209
60213
60215
60219
60220
60223
60224
60229
60231
60233
60235
60239
60240
60243
60244
60245
60253
60254
60256
60258
60260
60271
60272
60275
60277
60278
60279
60282
60283
60292
60294
60297
60298
60299
60304
60305
60306
60307
60310
60311
60312
60314
60318
60326
60329
60330
60331
60332
60333
60345
60347
60350
60351
60358
60359
60370
60373
60377
60381
60383
60391
60392
60393
60394
60395
60396
60399
60400
60401
60402
60404
60405
60407
60408
60411
60412
60413
60414
60419
60421
60422
60424
60432
60434
60436
60437
60440
60442
60444
60445
60446
60449
60452
60454
60455
60458
60459
60461
60464
60468
60470
60474
60478
60480
60484
60486
60487
60493
60499
60502
60504
60505
60506
60509
60510
60512
60513
60514
60515
60518
60519
60521
60523
60524
60531
60532
60533
60534
60538
60539
60540
60543
60544
60548
60552
60553
60560
60561
60566
60569
60570
60572
60573
60575
60576
60577
60578
60579
60582
60586
60598
60599
60602
60604
60607
60609
60610
60615
60618
60621
60626
60627
60628
60630
60631
60632
60635
60641
60642
60643
60646
60647
60648
60649
60650
60652
60653
60654
60655
60657
60660
60663
60665
60668
60676
60680
60682
60683
60685
60687
60688
60690
60692
60694
60697
60701
60705
60708
60712
60713
60714
60716
60717
60718
60721
60726
60728
60729
60735
60744
60745
60746
60748
60750
60751
60752
60759
60760
60761
60762
60769
60772
60776
60777
60779
60780
60783
60787
60790
60793
60796
60797
60799
60801
60802
60803
60805
60806
60807
60808
60810
60811
60815
60816
60817
60819
60820
60824
60825
60827
60828
60829
60835
60842
60844
60845
60850
60851
60852
60853
60855
60856
60860
60861
60864
60866
60871
60875
60878
60881
60882
60885
60894
60896
60898
60900
60901
60903
60904
60905
60907
60908
60913
60914
60917
60921
60925
60926
60927
60928
60931
60932
60933
60936
60937
60941
60945
60947
60948
60950
60956
60957
60962
60963
60966
60968
60977
60978
60979
60980
60985
60987
60988
60989
60992
60997
61001
61002
61003
61004
61006
61007
61012
61013
61014
61015
61016
61017
61018
61019
61022
61027
61031
61034
61040
61042
61043
61045
61049
61050
61051
61054
61060
61067
61070
61075
61079
61080
61081
61082
61086
61094
61100
61101
61103
61104
61107
61109
61111
61112
61118
61120
61121
61122
61123
61124
61126
61128
61129
61132
61134
61140
61142
61147
61150
61152
61155
61159
61161
61165
61166
61167
61168
61169
61171
61174
61181
61182
61183
61187
61192
61196
61198
61199
61202
61203
61206
61208
61213
61215
61219
61222
61223
61224
61225
61226
61229
61235
61238
61239
61241
61242
61245
61247
61248
61250
61251
61252
61253
61254
61255
61258
61264
61265
61266
61267
61272
61275
61280
61281
61282
61283
61287
61291
61292
61293
61294
61297
61301
61302
61303
61305
61306
61308
61314
61315
61316
61320
61322
61323
61324
61325
61326
61328
61329
61331
61336
61338
61340
61341
61345
61347
61349
61351
61352
61354
61356
61357
61358
61360
61365
61366
61370
61372
61374
61376
61377
61380
61387
61388
61390
61392
61394
61397
61401
61402
61403
61404
61406
61408
61409
61410
61412
61418
61419
61420
61424
61427
61428
61431
61432
61433
61434
61437
61439
61442
61443
61454
61455
61467
61470
61471
61474
61477
61481
61484
61485
61486
61487
61489
61491
61496
61498
61503
61510
61512
61513
61515
61517
61525
61528
61531
61532
61533
61540
61541
61544
61547
61549
61554
61555
61559
61561
61563
61564
61565
61566
61570
61573
61575
61576
61577
61580
61581
61582
61583
61590
61591
61592
61596
61598
61599
61600
61601
61603
61604
61605
61607
61608
61609
61615
61618
61622
61624
61626
61627
61628
61630
61631
61632
61633
61635
61639
61641
61642
61644
61647
61654
61656
61657
61660
61661
61662
61664
61665
61666
61670
61673
61676
61677
61679
61683
61684
61687
61698
61699
61704
61706
61709
61711
61714
61716
61717
61718
61719
61722
61723
61724
61734
61735
61737
61739
61741
61745
61749
61752
61753
61758
61761
61762
61763
61769
61770
61773
61774
61776
61777
61779
61780
61781
61783
61785
61788
61794
61795
61796
61797
61799
61800
61807
61809
61812
61813
61817
61820
61823
61825
61828
61830
61835
61843
61845
61848
61850
61852
61853
61857
61865
61867
61869
61871
61874
61875
61877
61881
61887
61888
61890
61892
61894
61897
61902
61909
61912
61913
61916
61920
61926
61928
61932
61935
61939
61943
61949
61951
61953
61957
61961
61965
61966
61967
61973
61975
61977
61978
61980
61983
61986
61991
61995
62001
62002
62005
62007
62008
62009
62011
62014
62016
62020
62021
62024
62027
62028
62033
62035
62037
62038
62041
62042
62047
62048
62054
62056
62057
62058
62063
62065
62066
62069
62070
62071
62072
62073
62074
62077
62081
62084
62085
62086
62088
62091
62094
62097
62099
62100
62104
62105
62108
62113
62123
62124
62126
62130
62131
62143
62145
62149
62150
62153
62157
62159
62160
62162
62163
62171
62172
62175
62180
62181
62183
62186
62188
62190
62191
62192
62196
62202
62203
62204
62206
62207
62209
62211
62212
62214
62215
62216
62218
62219
62220
62222
62224
62226
62228
62231
62233
62240
62243
62246
62247
62248
62249
62252
62253
62254
62258
62261
62264
62265
62272
62276
62277
62281
62282
62289
62293
62294
62296
62297
62298
62299
62304
62308
62310
62316
62318
62319
62322
62325
62328
62331
62332
62335
62336
62338
62339
62345
62346
62347
62348
62353
62354
62359
62360
62371
62372
62376
62379
62385
62391
62395
62396
62397
62402
62404
62406
62407
62411
62417
62418
62419
62420
62421
62422
62424
62425
62431
62438
62441
62443
62445
62451
62457
62460
62462
62464
62471
62481
62482
62483
62484
62486
62488
62489
62492
62493
62494
62501
62504
62506
62507
62511
62512
62514
62515
62516
62518
62522
62523
62527
62529
62530
62532
62535
62536
62537
62539
62540
62541
62543
62544
62547
62552
62555
62561
62563
62566
62571
62573
62574
62575
62577
62584
62591
62594
62595
62600
62608
62611
62612
62614
62615
62619
62620
62621
62624
62628
62629
62630
62631
62633
62637
62639
62644
62646
62651
62653
62655
62656
62657
62660
62664
62665
62667
62668
62669
62684
62686
62690
62691
62694
62695
62696
62697
62698
62701
62702
62704
62705
62709
62710
62713
62714
62717
62720
62721
62724
62725
62726
62727
62730
62731
62734
62742
62743
62745
62746
62751
62752
62755
62756
62759
62761
62763
62764
62765
62768
62773
62776
62778
62779
62780
62782
62783
62784
62785
62786
62788
62790
62792
62795
62798
62800
62802
62804
62806
62808
62810
62811
62813
62814
62816
62817
62818
62819
62820
62822
62827
62834
62837
62838
62840
62842
62843
62845
62847
62848
62849
62851
62853
62854
62860
62862
62863
62864
62866
62870
62873
62875
62878
62880
62882
62884
62889
62890
62893
62897
62898
62902
62904
62909
62911
62916
62917
62919
62924
62925
62929
62931
62934
62936
62937
62940
62941
62943
62944
62945
62947
62948
62949
62958
62960
62962
62965
62966
62968
62970
62971
62973
62974
62975
62976
62978
62981
62983
62985
62991
62994
62996
62997
63001
63003
63004
63013
63014
63019
63022
63023
63032
63041
63043
63046
63051
63053
63059
63060
63062
63069
63071
63072
63074
63076
63077
63081
63082
63084
63085
63086
63091
63093
63094
63095
63097
63102
63103
63104
63106
63108
63116
63117
63120
63125
63127
63129
63135
63138
63139
63141
63143
63149
63152
63153
63157
63160
63162
63163
63165
63170
63178
63180
63181
63182
63186
63190
63191
63193
63195
63198
63201
63202
63203
63207
63209
63212
63213
63217
63221
63223
63224
63226
63229
63230
63231
63232
63234
63236
63237
63239
63240
63241
63242
63246
63251
63255
63257
63259
63265
63267
63270
63275
63277
63278
63280
63284
63295
63297
63301
63307
63311
63313
63316
63318
63319
63324
63327
63328
63337
63338
63340
63344
63345
63346
63348
63349
63350
63352
63353
63354
63360
63363
63367
63368
63370
63371
63374
63376
63382
63385
63387
63391
63392
63393
63396
63398
63399
63400
63408
63409
63410
63411
63414
63415
63417
63419
63423
63425
63427
63428
63433
63436
63437
63438
63439
63440
63443
63448
63449
63453
63455
63456
63457
63459
63460
63461
63463
63466
63467
63471
63473
63476
63477
63480
63483
63484
63490
63492
63494
63501
63502
63503
63504
63506
63509
63513
63516
63518
63520
63524
63527
63528
63530
63531
63532
63534
63535
63538
63539
63542
63544
63545
63546
63551
63552
63557
63558
63565
63566
63567
63575
63576
63577
63578
63581
63582
63584
63585
63588
63589
63592
63593
63595
63600
63602
63603
63607
63608
63611
63621
63626
63628
63631
63634
63637
63639
63643
63644
63646
63649
63650
63651
63652
63654
63655
63664
63665
63666
63668
63669
63674
63678
63680
63682
63683
63686
63689
63692
63693
63694
63695
63696
63699
63700
63706
63707
63713
63720
63721
63722
63723
63726
63728
63729
63730
63731
63733
63734
63737
63738
63740
63744
63746
63749
63751
63754
63755
63756
63763
63764
63769
63772
63773
63774
63779
63782
63787
63788
63792
63793
63795
63796
63797
63798
63800
63805
63809
63810
63811
63814
63815
63820
63821
63822
63825
63826
63828
63829
63832
63834
63843
63846
63848
63851
63856
63862
63863
63864
63868
63874
63875
63878
63883
63885
63888
63890
63892
63893
63896
63897
63899
63900
63901
63902
63905
63909
63911
63914
63915
63919
63921
63928
63930
63933
63934
63935
63942
63943
63944
63948
63952
63956
63957
63959
63961
63962
63966
63969
63971
63973
63974
63975
63978
63979
63980
63986
63987
63991
63994
63995
63996
63997
63998
64003
64005
64007
64008
64010
64013
64014
64018
64022
64025
64029
64030
64031
64032
64033
64034
64035
64036
64037
64059
64063
64066
64071
64073
64074
64078
64081
64086
64087
64089
64090
64091
64095
64096
64098
64101
64103
64104
64105
64107
64111
64112
64113
64114
64116
64117
64118
64119
64120
64125
64126
64127
64128
64129
64132
64135
64136
64138
64139
64140
64141
64142
64147
64148
64149
64151
64155
64156
64157
64159
64165
64169
64171
64172
64173
64175
64176
64177
64180
64183
64186
64192
64193
64196
64199
64200
64202
64203
64204
64205
64208
64210
64211
64214
64215
64217
64220
64224
64225
64227
64228
64229
64230
64239
64240
64241
64244
64245
64248
64249
64250
64252
64253
64257
64259
64260
64264
64267
64271
64276
64282
64287
64290
64292
64296
64297
64298
64299
64300
64302
64306
64312
64315
64317
64326
64328
64329
64332
64335
64337
64339
64340
64341
64342
64349
64353
64362
64364
64372
64375
64377
64381
64383
64388
64391
64392
64394
64396
64399
64402
64408
64409
64412
64414
64416
64418
64422
64423
64425
64426
64430
64436
64437
64439
64440
64442
64445
64446
64447
64451
64452
64453
64454
64459
64460
64462
64464
64467
64471
64473
64476
64483
64486
64487
64491
64492
64494
64497
64498
64501
64504
64505
64506
64507
64510
64515
64516
64518
64520
64522
64524
64527
64532
64538
64539
64540
64541
64543
64550
64551
64556
64561
64563
64564
64566
64570
64571
64575
64576
64581
64582
64583
64587
64589
64590
64591
64593
64598
64599
64602
64603
64605
64606
64612
64615
64616
64617
64623
64624
64625
64627
64630
64632
64633
64635
64636
64639
64642
64643
64646
64651
64652
64659
64660
64662
64665
64669
64679
64680
64683
64687
64688
64689
64691
64692
64693
64696
64697
64700
64702
64703
64707
64708
64709
64710
64713
64715
64716
64719
64720
64724
64729
64732
64733
64735
64738
64739
64742
64743
64745
64746
64747
64749
64752
64753
64757
64766
64768
64771
64772
64773
64774
64776
64782
64784
64785
64786
64788
64789
64792
64794
64795
64798
64799
64800
64805
64807
64809
64816
64819
64821
64822
64824
64825
64826
64827
64828
64832
64837
64838
64841
64842
64844
64848
64851
64852
64853
64858
64860
64861
64862
64864
64865
64868
64869
64872
64873
64876
64878
64883
64884
64885
64889
64894
64895
64897
64899
64900
64901
64904
64908
64909
64913
64918
64921
64922
64924
64932
64933
64934
64935
64936
64937
64941
64942
64943
64944
64945
64947
64951
64952
64954
64956
64958
64961
64967
64969
64973
64975
64978
64982
64985
64996
64997
65003
65005
65006
65015
65016
65020
65021
65023
65026
65028
65029
65035
65040
65047
65048
65050
65052
65055
65056
65058
65060
65064
65066
65067
65069
65071
65072
65073
65074
65075
65076
65081
65083
65085
65088
65095
65096
65100
65102
65104
65111
65113
65114
65116
65117
65118
65120
65123
65124
65133
65144
65145
65148
65151
65152
65159
65164
65165
65167
65168
65172
65175
65177
65178
65179
65184
65186
65188
65191
65193
65198
65203
65205
65210
65211
65212
65215
65219
65221
65223
65225
65227
65228
65229
65230
65236
65237
65241
65242
65243
65244
65250
65251
65255
65256
65257
65258
65260
65262
65263
65267
65271
65280
65283
65286
65287
65290
65293
65294
65299
65300
65301
65302
65303
65304
65306
65307
65308
65311
65312
65314
65318
65321
65332
65336
65339
65347
65350
65353
65354
65355
65357
65359
65360
65361
65365
65367
65368
65372
65373
65374
65376
65377
65378
65379
65380
65383
65384
65386
65388
65390
65391
65394
65396
65397
65398
65399
65403
65405
65406
65408
65410
65414
65415
65416
65418
65420
65424
65426
65428
65438
65441
65446
65447
65448
65449
65450
65451
65452
65454
65455
65458
65460
65464
65466
65467
65470
65471
65473
65476
65478
65479
65484
65489
65492
65493
65494
65496
65503
65507
65508
65510
65511
65515
65516
65517
65518
65519
65521
65522
65523
65524
65525
65526
65527
65529
65531
65532
65533
65534
65535
65537
65538
65540
65544
65547
65548
65553
65554
65555
65556
65557
65558
65559
65560
65562
65565
65566
65573
65576
65589
65593
65596
65602
65605
65610
65611
65613
65615
65617
65619
65620
65621
65622
65627
65628
65629
65634
65635
65637
65644
65645
65649
65652
65653
65655
65657
65658
65659
65660
65663
65666
65667
65676
65678
65680
65684
65685
65686
65687
65688
65691
65692
65693
65695
65696
65699
65702
65703
65704
65708
65710
65712
65713
65714
65718
65720
65721
65722
65725
65727
65730
65735
65737
65742
65743
65752
65753
65759
65761
65762
65770
65772
65773
65775
65777
65781
65784
65786
65788
65789
65794
65796
65797
65801
65807
65808
65811
65812
65814
65816
65817
65818
65821
65824
65827
65828
65829
65830
65834
65837
65838
65839
65841
65843
65844
65850
65852
65857
65858
65859
65864
65865
65868
65870
65874
65877
65880
65883
65886
65887
65892
65896
65898
65899
65900
65902
65903
65904
65905
65906
65907
65913
65915
65916
65917
65918
65920
65924
65925
65928
65929
65931
65933
65934
65935
65936
65937
65938
65942
65943
65948
65950
65959
65963
65967
65968
65969
65971
65974
65977
65979
65981
65982
65984
65987
65988
65995
65996
66012
66014
66015
66018
66019
66022
66026
66027
66029
66032
66037
66038
66039
66042
66043
66046
66047
66049
66051
66053
66055
66057
66060
66061
66063
66065
66068
66073
66074
66076
66077
66078
66080
66082
66083
66086
66091
66096
66097
66099
66100
66105
66106
66109
66112
66115
66116
66119
66121
66122
66124
66125
66128
66131
66134
66136
66137
66139
66146
66151
66152
66153
66159
66160
66161
66162
66163
66164
66165
66169
66171
66175
66176
66177
66178
66179
66180
66181
66185
66188
66190
66193
66195
66200
66201
66206
66207
66213
66215
66225
66228
66229
66237
66238
66241
66242
66243
66245
66246
66248
66250
66256
66257
66258
66259
66260
66261
66264
66267
66270
66271
66274
66278
66279
66282
66283
66284
66285
66286
66288
66292
66293
66294
66295
66296
66297
66299
66303
66305
66306
66307
66310
66311
66317
66318
66319
66324
66325
66327
66328
66329
66330
66333
66337
66338
66341
66345
66346
66352
66353
66355
66356
66357
66359
66360
66367
66369
66378
66379
66381
66382
66383
66384
66385
66390
66391
66393
66394
66397
66400
66403
66404
66405
66407
66408
66409
66410
66411
66414
66415
66416
66417
66418
66423
66424
66428
66429
66434
66435
66438
66439
66440
66442
66446
66447
66449
66453
66455
66456
66461
66462
66471
66472
66473
66478
66481
66486
66493
66494
66496
66497
66510
66511
66512
66513
66518
66519
66524
66528
66533
66534
66535
66536
66538
66541
66544
66545
66548
66550
66551
66554
66555
66558
66563
66568
66569
66570
66572
66574
66576
66580
66582
66583
66584
66585
66588
66591
66594
66595
66596
66597
66599
66600
66601
66604
66605
66606
66609
66613
66614
66615
66617
66618
66623
66624
66625
66626
66627
66628
66629
66634
66635
66638
66645
66647
66648
66649
66650
66655
66656
66657
66662
66666
66667
66668
66670
66672
66673
66674
66675
66676
66680
66681
66682
66687
66688
66690
66693
66695
66699
66700
66701
66702
66703
66705
66706
66708
66709
66710
66713
66721
66727
66729
66731
66732
66739
66740
66743
66752
66753
66758
66759
66760
66762
66763
66767
66769
66770
66773
66776
66777
66778
66779
66784
66789
66791
66793
66795
66799
66800
66802
66804
66805
66806
66812
66814
66818
66820
66821
66823
66825
66826
66830
66834
66837
66839
66840
66841
66842
66844
66845
66846
66847
66848
66849
66850
66855
66861
66862
66864
66869
66877
66884
66885
66886
66889
66897
66902
66906
66907
66909
66910
66912
66913
66914
66915
66916
66917
66923
66925
66928
66930
66933
66936
66938
66939
66941
66944
66953
66955
66956
66960
66962
66965
66967
66970
66975
66976
66978
66980
66985
66987
66991
66992
66999
67000
67005
67006
67011
67015
67016
67017
67020
67021
67023
67024
67026
67028
67030
67032
67033
67034
67037
67045
67048
67049
67053
67054
67056
67058
67061
67062
67063
67064
67065
67066
67069
67072
67074
67075
67078
67083
67084
67086
67088
67089
67093
67094
67096
67098
67100
67107
67109
67114
67117
67119
67120
67121
67124
67126
67127
67131
67132
67138
67139
67141
67143
67144
67148
67149
67155
67158
67159
67161
67163
67165
67167
67170
67172
67173
67175
67178
67181
67183
67184
67186
67188
67189
67190
67191
67197
67200
67201
67204
67205
67211
67213
67214
67215
67221
67222
67225
67226
67228
67230
67232
67235
67238
67247
67248
67249
67252
67256
67258
67259
67260
67262
67264
67265
67267
67268
67269
67272
67273
67275
67282
67283
67284
67285
67286
67287
67288
67292
67293
67296
67299
67303
67305
67306
67307
67310
67311
67312
67320
67321
67322
67325
67329
67333
67337
67338
67340
67342
67343
67344
67347
67350
67351
67353
67354
67356
67357
67360
67361
67363
67364
67366
67367
67371
67374
67376
67381
67387
67391
67392
67393
67397
67400
67402
67405
67406
67407
67408
67409
67411
67415
67417
67419
67420
67422
67426
67427
67431
67432
67435
67437
67438
67440
67446
67447
67451
67454
67456
67458
67459
67461
67464
67468
67469
67470
67473
67475
67478
67479
67483
67487
67488
67493
67495
67506
67508
67510
67512
67521
67524
67525
67526
67529
67534
67538
67539
67541
67542
67544
67546
67548
67550
67552
67553
67557
67561
67564
67565
67566
67569
67571
67572
67575
67581
67583
67584
67585
67587
67592
67593
67598
67599
67601
67602
67611
67616
67617
67618
67622
67625
67626
67631
67632
67634
67636
67638
67643
67644
67651
67653
67654
67656
67661
67665
67667
67674
67676
67681
67685
67687
67690
67691
67692
67693
67697
67701
67704
67705
67708
67709
67710
67711
67712
67718
67721
67724
67729
67731
67736
67738
67740
67745
67746
67753
67754
67761
67762
67763
67764
67765
67767
67769
67770
67779
67782
67786
67787
67789
67792
67794
67796
67801
67803
67805
67808
67809
67810
67811
67813
67814
67816
67819
67828
67829
67830
67832
67833
67839
67841
67844
67845
67848
67854
67856
67859
67860
67861
67866
67870
67871
67873
67876
67877
67881
67882
67884
67885
67886
67893
67894
67900
67902
67903
67904
67908
67914
67915
67921
67923
67925
67928
67932
67933
67937
67940
67942
67943
67944
67945
67946
67950
67951
67954
67956
67960
67964
67965
67966
67967
67970
67975
67977
67978
67979
67981
67982
67984
67985
67987
67988
67990
67992
67993
67994
68003
68005
68006
68008
68013
68015
68016
68018
68020
68021
68022
68023
68026
68031
68033
68035
68037
68039
68040
68044
68047
68051
68053
68055
68056
68057
68058
68059
68062
68063
68065
68066
68068
68069
68071
68072
68076
68077
68080
68081
68084
68085
68086
68089
68090
68092
68094
68097
68109
68110
68111
68113
68115
68120
68121
68122
68124
68126
68128
68131
68137
68139
68140
68141
68143
68144
68146
68149
68154
68157
68160
68161
68164
68165
68167
68169
68174
68175
68178
68179
68181
68182
68184
68188
68192
68193
68194
68195
68200
68202
68205
68206
68207
68212
68213
68216
68217
68222
68224
68225
68226
68229
68230
68233
68235
68236
68238
68240
68241
68243
68244
68248
68249
68250
68253
68255
68256
68257
68260
68263
68264
68267
68273
68274
68279
68280
68281
68286
68288
68290
68292
68296
68297
68298
68299
68300
68304
68307
68312
68316
68317
68318
68322
68324
68326
68327
68328
68330
68335
68342
68344
68354
68355
68358
68359
68360
68368
68369
68373
68375
68377
68384
68386
68387
68388
68394
68396
68398
68399
68401
68403
68406
68409
68417
68420
68423
68429
68432
68437
68438
68439
68449
68450
68455
68457
68463
68466
68467
68472
68474
68476
68479
68483
68485
68486
68487
68488
68489
68494
68495
68497
68500
68502
68508
68509
68510
68515
68519
68529
68531
68534
68535
68538
68539
68540
68541
68542
68543
68544
68546
68548
68555
68556
68557
68558
68560
68561
68563
68575
68580
68581
68584
68586
68587
68590
68593
68596
68599
68600
68601
68606
68608
68609
68611
68612
68614
68621
68624
68627
68632
68637
68638
68639
68640
68641
68643
68644
68647
68648
68649
68651
68653
68655
68656
68659
68660
68661
68662
68666
68668
68671
68674
68680
68688
68692
68693
68696
68700
68702
68703
68705
68707
68708
68709
68713
68716
68719
68721
68725
68733
68736
68738
68739
68742
68743
68746
68754
68758
68761
68765
68768
68770
68772
68774
68776
68777
68779
68781
68784
68786
68787
68791
68793
68794
68795
68796
68798
68803
68804
68805
68808
68809
68811
68812
68814
68815
68816
68817
68818
68821
68824
68825
68826
68832
68835
68837
68839
68840
68842
68844
68849
68852
68857
68858
68859
68865
68867
68868
68870
68871
68878
68882
68883
68885
68886
68887
68890
68892
68894
68895
68900
68905
68909
68914
68915
68916
68918
68919
68923
68926
68928
68931
68932
68933
68934
68936
68937
68939
68940
68944
68947
68949
68953
68956
68957
68961
68963
68964
68968
68969
68971
68972
68973
68974
68975
68976
68979
68982
68983
68986
68988
68989
68991
68992
68993
68995
68997
68998
69001
69002
69003
69012
69017
69019
69020
69028
69031
69033
69034
69044
69046
69048
69050
69052
69054
69061
69064
69065
69066
69067
69070
69074
69079
69080
69081
69083
69085
69089
69091
69094
69095
69096
69097
69098
69100
69101
69106
69109
69111
69112
69113
69118
69121
69123
69124
69126
69128
69130
69134
69135
69138
69144
69146
69148
69149
69150
69151
69152
69159
69160
69161
69162
69164
69165
69166
69169
69172
69177
69180
69181
69185
69194
69196
69199
69201
69202
69203
69204
69205
69206
69209
69212
69213
69215
69217
69218
69219
69220
69222
69226
69228
69230
69231
69232
69236
69238
69244
69248
69251
69252
69253
69254
69255
69257
69260
69266
69267
69268
69273
69274
69276
69280
69281
69282
69283
69284
69288
69292
69293
69297
69300
69301
69304
69306
69311
69313
69315
69316
69317
69319
69321
69326
69335
69340
69341
69343
69345
69346
69348
69349
69353
69355
69356
69357
69359
69361
69362
69364
69365
69370
69373
69376
69377
69379
69383
69386
69387
69388
69389
69390
69394
69395
69396
69401
69403
69406
69408
69416
69417
69421
69423
69424
69426
69427
69431
69434
69437
69438
69439
69440
69445
69446
69447
69448
69451
69455
69456
69457
69460
69464
69466
69467
69469
69471
69474
69476
69477
69479
69480
69483
69484
69488
69490
69493
69494
69495
69498
69502
69503
69504
69508
69513
69519
69525
69531
69532
69535
69537
69538
69541
69546
69549
69550
69555
69559
69561
69562
69566
69569
69570
69571
69574
69575
69577
69581
69583
69585
69588
69590
69593
69594
69597
69598
69602
69609
69610
69618
69619
69620
69621
69622
69623
69624
69625
69626
69629
69633
69635
69637
69639
69643
69645
69647
69649
69653
69654
69655
69656
69657
69658
69660
69663
69664
69665
69674
69675
69678
69681
69684
69685
69686
69690
69692
69693
69694
69695
69697
69701
69705
69706
69707
69708
69709
69714
69717
69719
69720
69721
69723
69724
69727
69729
69730
69731
69732
69733
69736
69744
69749
69755
69760
69761
69763
69765
69766
69767
69769
69772
69774
69779
69780
69781
69785
69788
69789
69790
69793
69794
69795
69806
69807
69812
69813
69814
69816
69817
69824
69837
69840
69841
69848
69851
69855
69862
69863
69864
69866
69867
69868
69869
69870
69872
69875
69876
69877
69879
69880
69882
69884
69889
69890
69894
69896
69897
69898
69900
69902
69903
69904
69906
69908
69911
69912
69914
69919
69922
69926
69927
69928
69929
69930
69931
69932
69937
69942
69945
69946
69947
69950
69952
69953
69955
69957
69959
69961
69964
69967
69969
69972
69973
69974
69976
69982
69983
69986
69991
69993
69996
69997
69998
69999
70000
70002
70003
70007
70009
70010
70011
70013
70016
70023
70026
70027
70034
70036
70037
70038
70039
70040
70041
70042
70045
70047
70049
70054
70058
70062
70067
70069
70070
70074
70075
70077
70079
70081
70087
70089
70090
70092
70095
70099
70102
70103
70105
70106
70107
70109
70112
70116
70117
70118
70128
70132
70134
70136
70139
70141
70142
70143
70146
70147
70148
70151
70155
70156
70160
70171
70173
70174
70175
70177
70187
70188
70190
70192
70194
70195
70196
70198
70201
70204
70205
70206
70207
70211
70213
70216
70221
70223
70225
70227
70229
70230
70231
70232
70239
70241
70245
70246
70247
70248
70252
70254
70255
70257
70264
70270
70271
70274
70282
70285
70289
70291
70296
70299
70301
70302
70304
70305
70307
70311
70313
70314
70321
70326
70328
70331
70332
70338
70339
70340
70346
70347
70348
70349
70351
70352
70359
70360
70361
70364
70365
70366
70371
70374
70375
70378
70379
70381
70382
70386
70388
70397
70399
70402
70403
70407
70409
70412
70414
70418
70421
70422
70423
70424
70426
70428
70433
70434
70436
70438
70440
70444
70446
70449
70453
70454
70457
70458
70459
70461
70464
70465
70469
70470
70473
70476
70477
70479
70480
70481
70483
70484
70486
70491
70493
70494
70495
70496
70503
70504
70506
70507
70510
70512
70515
70516
70517
70518
70520
70525
70526
70533
70536
70538
70544
70545
70551
70555
70557
70565
70567
70571
70573
70574
70575
70579
70581
70583
70584
70588
70589
70590
70591
70594
70596
70598
70599
70600
70604
70605
70606
70608
70609
70614
70621
70628
70632
70635
70637
70638
70639
70641
70644
70646
70647
70648
70649
70657
70663
70664
70665
70666
70670
70673
70676
70681
70684
70691
70693
70694
70695
70696
70699
70703
70707
70709
70711
70712
70713
70716
70724
70725
70727
70731
70732
70734
70736
70737
70739
70743
70746
70748
70750
70757
70760
70771
70772
70773
70775
70777
70781
70782
70786
70792
70797
70799
70801
70802
70804
70805
70806
70811
70814
70815
70817
70818
70824
70825
70826
70829
70834
70836
70839
70841
70842
70843
70845
70847
70848
70851
70852
70854
70859
70866
70867
70873
70874
70881
70882
70886
70890
70892
70897
70899
70901
70902
70903
70905
70916
70917
70919
70924
70925
70928
70933
70937
70940
70941
70947
70951
70957
70960
70965
70969
70970
70975
70976
70980
70982
70984
70986
70987
70992
71000
71002
71003
71006
71007
71009
71014
71017
71020
71021
71024
71027
71028
71031
71032
71033
71036
71037
71041
71045
71046
71047
71050
71056
71057
71058
71060
71061
71066
71070
71077
71086
71089
71090
71096
71097
71098
71100
71101
71102
71105
71107
71111
71113
71114
71115
71116
71122
71125
71131
71136
71137
71140
71144
71145
71146
71148
71149
71150
71155
71156
71158
71161
71173
71181
71183
71184
71185
71186
71187
71190
71193
71196
71198
71199
71200
71202
71212
71213
71215
71217
71218
71221
71223
71225
71227
71229
71230
71231
71234
71236
71237
71240
71242
71244
71245
71248
71249
71250
71252
71255
71256
71257
71261
71262
71263
71265
71267
71269
71270
71272
71280
71282
71283
71284
71287
71289
71291
71293
71296
71298
71299
71301
71306
71308
71311
71312
71314
71315
71316
71318
71319
71323
71326
71330
71332
71339
71340
71342
71345
71349
71351
71352
71357
71358
71360
71366
71371
71372
71374
71375
71376
71377
71380
71383
71385
71386
71387
71390
71393
71394
71396
71400
71402
71406
71407
71408
71409
71412
71415
71422
71423
71427
71428
71430
71431
71434
71436
71437
71443
71445
71453
71456
71458
71460
71464
71466
71470
71471
71474
71477
71478
71481
71483
71484
71490
71492
71498
71504
71505
71507
71508
71510
71514
71515
71518
71523
71524
71525
71528
71529
71530
71532
71534
71535
71537
71539
71540
71543
71550
71552
71553
71555
71558
71559
71564
71566
71567
71568
71572
71573
71575
71579
71580
71581
71586
71589
71601
71605
71609
71610
71611
71612
71615
71617
71618
71619
71628
71637
71638
71644
71649
71652
71656
71657
71658
71659
71663
71665
71666
71670
71671
71677
71680
71686
71687
71688
71689
71694
71695
71697
71698
71699
71703
71704
71707
71708
71711
71713
71715
71719
71723
71724
71726
71728
71730
71734
71735
71736
71738
71742
71744
71748
71751
71752
71756
71757
71761
71762
71764
71767
71768
71770
71771
71772
71773
71775
71776
71778
71779
71780
71786
71788
71790
71792
71793
71795
71796
71797
71799
71800
71801
71808
71809
71813
71818
71823
71824
71825
71827
71834
71839
71840
71841
71842
71852
71853
71854
71855
71858
71859
71862
71865
71872
71873
71874
71875
71876
71877
71885
71886
71887
71889
71890
71894
71895
71903
71906
71908
71909
71916
71918
71919
71921
71926
71929
71932
71933
71934
71936
71942
71943
71944
71945
71950
71953
71954
71963
71964
71968
71970
71972
71977
71979
71984
71987
71988
71990
71991
71995
72000
72002
72004
72005
72006
72008
72009
72011
72012
72016
72017
72018
72019
72020
72030
72032
72036
72041
72043
72044
72050
72051
72053
72054
72058
72060
72061
72067
72070
72073
72074
72077
72078
72085
72088
72090
72094
72095
72097
72098
72099
72100
72101
72104
72105
72109
72112
72118
72121
72129
72130
72133
72134
72136
72140
72141
72142
72143
72145
72146
72147
72148
72150
72152
72154
72155
72157
72159
72161
72162
72164
72165
72169
72171
72173
72174
72176
72177
72178
72183
72184
72185
72189
72190
72195
72201
72205
72207
72208
72209
72210
72218
72223
72224
72225
72226
72227
72228
72229
72232
72233
72237
72239
72242
72251
72252
72254
72257
72258
72259
72261
72268
72270
72274
72275
72276
72282
72283
72284
72285
72289
72290
72292
72293
72297
72300
72303
72304
72306
72308
72309
72311
72312
72314
72315
72318
72326
72327
72328
72335
72336
72338
72342
72343
72347
72349
72350
72351
72352
72353
72354
72356
72360
72361
72367
72369
72371
72373
72376
72379
72382
72385
72386
72390
72391
72392
72394
72398
72407
72410
72412
72413
72416
72420
72423
72424
72426
72430
72431
72434
72435
72441
72443
72445
72447
72448
72450
72452
72454
72457
72459
72462
72464
72465
72467
72471
72473
72476
72477
72481
72483
72484
72486
72488
72490
72492
72495
72503
72504
72507
72509
72510
72512
72517
72521
72522
72524
72529
72531
72532
72533
72543
72544
72546
72547
72548
72552
72557
72558
72559
72563
72568
72572
72573
72577
72579
72580
72581
72585
72593
72596
72598
72600
72605
72608
72609
72611
72616
72618
72626
72627
72629
72632
72634
72635
72637
72639
72642
72645
72647
72648
72652
72655
72657
72666
72668
72670
72671
72672
72675
72677
72678
72679
72680
72682
72685
72686
72703
72706
72712
72714
72715
72716
72717
72718
72720
72721
72722
72726
72729
72733
72735
72736
72737
72738
72739
72740
72743
72744
72746
72747
72749
72750
72751
72757
72759
72761
72766
72774
72776
72782
72784
72789
72791
72793
72794
72797
72798
72799
72802
72808
72812
72813
72815
72819
72820
72821
72822
72828
72830
72832
72833
72837
72839
72841
72844
72845
72846
72849
72850
72851
72853
72854
72858
72860
72862
72863
72864
72868
72869
72875
72876
72880
72881
72883
72885
72886
72888
72889
72903
72905
72909
72910
72911
72912
72913
72914
72920
72924
72925
72926
72927
72928
72933
72934
72935
72937
72938
72944
72945
72947
72949
72953
72954
72958
72961
72963
72965
72967
72972
72973
72976
72980
72985
72995
72996
72999
73002
73007
73008
73009
73010
73011
73016
73017
73018
73020
73021
73022
73023
73024
73026
73027
73029
73031
73032
73034
73035
73037
73039
73041
73043
73044
73050
73052
73053
73054
73056
73059
73060
73061
73063
73064
73071
73072
73073
73078
73083
73086
73088
73089
73094
73096
73102
73104
73106
73110
73111
73112
73116
73119
73123
73126
73127
73128
73129
73131
73133
73135
73136
73137
73139
73141
73145
73149
73150
73151
73152
73153
73157
73158
73159
73160
73163
73164
73166
73168
73170
73171
73175
73180
73181
73189
73191
73192
73194
73195
73197
73199
73202
73203
73204
73209
73213
73215
73216
73219
73220
73222
73224
73226
73229
73237
73241
73243
73245
73246
73247
73251
73252
73255
73256
73258
73259
73260
73261
73263
73264
73265
73272
73274
73284
73287
73289
73292
73295
73297
73304
73307
73308
73312
73315
73316
73317
73323
73325
73328
73331
73335
73337
73338
73339
73348
73350
73351
73352
73356
73357
73364
73366
73368
73374
73380
73381
73386
73387
73390
73391
73392
73394
73396
73397
73398
73402
73409
73414
73416
73417
73418
73420
73421
73422
73423
73425
73426
73433
73434
73441
73442
73444
73450
73454
73458
73459
73460
73467
73468
73469
73472
73474
73475
73477
73481
73482
73483
73484
73487
73489
73490
73495
73497
73500
73501
73503
73504
73505
73509
73511
73513
73514
73516
73521
73522
73523
73526
73530
73531
73532
73533
73534
73537
73538
73540
73541
73543
73544
73553
73555
73556
73558
73560
73564
73565
73566
73567
73568
73570
73572
73576
73577
73579
73580
73582
73583
73584
73585
73587
73590
73593
73594
73595
73596
73599
73601
73602
73605
73607
73609
73613
73615
73616
73618
73623
73625
73626
73631
73632
73634
73636
73637
73639
73640
73641
73642
73644
73646
73647
73648
73652
73653
73654
73657
73658
73662
73665
73666
73669
73675
73676
73677
73678
73685
73687
73688
73696
73697
73701
73705
73708
73709
73710
73717
73718
73724
73725
73729
73734
73736
73737
73741
73742
73744
73747
73751
73752
73753
73754
73759
73760
73762
73766
73769
73771
73777
73782
73783
73785
73789
73794
73796
73799
73802
73805
73807
73808
73809
73810
73812
73816
73817
73818
73822
73823
73824
73827
73833
73834
73835
73836
73837
73842
73844
73847
73853
73855
73856
73857
73860
73863
73864
73866
73868
73869
73874
73876
73878
73880
73885
73886
73887
73888
73893
73896
73897
73902
73903
73905
73908
73911
73914
73916
73917
73918
73921
73923
73927
73931
73934
73936
73939
73943
73946
73947
73948
73951
73952
73953
73957
73959
73960
73961
73962
73963
73966
73969
73970
73971
73972
73973
73975
73984
73986
73987
73988
73989
73995
73998
73999
74008
74009
74011
74014
74016
74018
74019
74022
74023
74027
74030
74032
74034
74035
74050
74053
74054
74055
74056
74057
74059
74062
74063
74065
74070
74071
74073
74074
74079
74081
74082
74089
74091
74092
74100
74101
74102
74103
74104
74107
74110
74115
74122
74123
74125
74127
74132
74134
74137
74143
74148
74151
74152
74154
74155
74167
74170
74171
74172
74175
74180
74182
74184
74185
74187
74190
74191
74192
74193
74201
74204
74205
74208
74211
74212
74214
74215
74217
74221
74224
74226
74229
74234
74235
74238
74239
74240
74242
74245
74247
74249
74250
74251
74258
74259
74263
74268
74269
74275
74284
74285
74287
74290
74296
74298
74299
74304
74307
74308
74313
74314
74317
74318
74320
74323
74327
74328
74331
74333
74334
74335
74337
74339
74340
74344
74347
74348
74351
74352
74354
74355
74357
74358
74363
74364
74365
74366
74367
74369
74373
74374
74377
74378
74379
74382
74385
74389
74390
74392
74398
74399
74404
74405
74412
74413
74415
74416
74419
74421
74427
74431
74433
74436
74438
74440
74441
74445
74446
74449
74450
74451
74453
74458
74459
74464
74465
74470
74472
74473
74475
74476
74477
74478
74479
74481
74483
74484
74485
74486
74489
74490
74491
74493
74495
74496
74497
74500
74503
74504
74505
74510
74512
74519
74523
74525
74526
74527
74536
74537
74542
74544
74545
74550
74557
74560
74567
74569
74578
74581
74584
74585
74587
74589
74590
74592
74593
74594
74595
74597
74600
74601
74606
74607
74608
74612
74614
74615
74619
74620
74621
74629
74630
74632
74633
74635
74638
74640
74641
74642
74645
74648
74649
74659
74660
74664
74666
74670
74672
74673
74674
74677
74680
74681
74682
74687
74688
74693
74694
74696
74697
74698
74700
74701
74702
74704
74708
74709
74711
74714
74718
74719
74725
74726
74729
74731
74743
74744
74747
74748
74750
74754
74757
74761
74763
74771
74773
74774
74775
74777
74778
74780
74781
74783
74784
74789
74791
74792
74793
74796
74802
74804
74805
74807
74808
74810
74811
74820
74822
74825
74826
74831
74832
74833
74835
74836
74838
74840
74846
74848
74849
74850
74851
74865
74867
74869
74870
74871
74877
74879
74883
74885
74887
74888
74889
74893
74898
74899
74902
74908
74910
74912
74913
74914
74919
74921
74926
74927
74928
74930
74932
74935
74936
74937
74941
74942
74943
74945
74952
74955
74962
74965
74966
74969
74981
74982
74983
74984
74985
74998
75004
75008
75010
75013
75014
75015
75021
75026
75027
75030
75033
75042
75044
75047
75048
75050
75051
75052
75053
75054
75059
75068
75073
75074
75075
75077
75079
75080
75083
75085
75086
75088
75090
75095
75096
75097
75099
75100
75101
75102
75105
75108
75111
75112
75113
75114
75117
75118
75120
75121
75122
75123
75124
75125
75127
75131
75132
75135
75136
75137
75138
75139
75140
75141
75142
75144
75145
75146
75147
75152
75156
75158
75159
75160
75161
75167
75169
75174
75175
75178
75180
75183
75184
75185
75186
75188
75191
75193
75194
75199
75200
75202
75205
75206
75207
75211
75214
75215
75216
75217
75219
75228
75232
75236
75237
75240
75241
75243
75244
75247
75248
75249
75250
75253
75256
75261
75264
75266
75267
75268
75269
75271
75281
75287
75295
75296
75297
75298
75299
75300
75301
75302
75305
75306
75308
75313
75317
75320
75322
75328
75329
75330
75331
75332
75333
75335
75340
75341
75343
75348
75349
75350
75356
75357
75359
75363
75365
75367
75370
75371
75374
75375
75377
75378
75384
75386
75387
75388
75389
75391
75399
75402
75405
75406
75411
75417
75418
75420
75422
75423
75424
75425
75428
75429
75432
75433
75434
75435
75438
75440
75441
75443
75444
75447
75449
75451
75452
75465
75469
75470
75471
75472
75474
75475
75476
75479
75491
75494
75495
75500
75507
75508
75510
75511
75512
75516
75518
75519
75520
75522
75527
75529
75531
75532
75533
75534
75535
75536
75537
75544
75546
75549
75551
75553
75554
75559
75560
75566
75572
75573
75575
75577
75578
75580
75582
75586
75587
75590
75591
75592
75597
75601
75603
75604
75605
75607
75610
75612
75614
75617
75621
75622
75625
75626
75627
75629
75630
75634
75640
75644
75652
75653
75654
75655
75657
75661
75662
75665
75668
75669
75672
75673
75675
75676
75677
75678
75682
75683
75684
75685
75691
75692
75693
75694
75695
75699
75700
75704
75706
75708
75710
75715
75716
75718
75722
75723
75724
75725
75726
75733
75735
75738
75741
75747
75748
75752
75759
75761
75767
75769
75771
75772
75781
75783
75785
75790
75794
75798
75800
75804
75805
75807
75808
75809
75814
75815
75816
75823
75824
75825
75830
75831
75832
75837
75840
75842
75844
75846
75849
75851
75852
75854
75856
75861
75865
75868
75869
75870
75871
75872
75875
75877
75878
75879
75880
75882
75883
75886
75888
75889
75891
75892
75895
75897
75898
75901
75902
75903
75904
75905
75906
75909
75911
75917
75919
75920
75923
75924
75925
75932
75933
75936
75939
75943
75946
75950
75953
75955
75960
75961
75964
75965
75966
75970
75971
75972
75973
75975
75978
75981
75984
75986
75989
75990
76000
76001
76003
76005
76009
76010
76012
76015
76019
76023
76026
76031
76034
76035
76036
76043
76044
76046
76047
76048
76052
76056
76057
76058
76061
76062
76065
76066
76068
76069
76072
76073
76081
76084
76085
76086
76089
76096
76097
76101
76105
76106
76107
76108
76110
76113
76114
76115
76117
76123
76126
76129
76133
76137
76140
76142
76144
76147
76148
76151
76152
76155
76156
76157
76159
76160
76164
76165
76170
76172
76174
76175
76179
76180
76184
76185
76188
76189
76190
76196
76198
76200
76202
76203
76212
76216
76219
76222
76223
76226
76227
76230
76236
76238
76239
76241
76244
76245
76246
76247
76249
76250
76251
76254
76256
76260
76261
76265
76270
76271
76272
76278
76279
76280
76281
76287
76289
76290
76292
76296
76297
76300
76301
76310
76314
76326
76329
76331
76340
76342
76343
76346
76347
76348
76352
76354
76356
76357
76358
76361
76362
76363
76367
76369
76371
76373
76377
76379
76382
76383
76386
76389
76390
76391
76392
76393
76394
76397
76399
76400
76403
76404
76405
76407
76409
76410
76412
76415
76416
76418
76419
76420
76422
76425
76431
76433
76434
76436
76438
76441
76442
76444
76445
76447
76448
76449
76453
76456
76458
76459
76464
76472
76473
76479
76480
76482
76483
76488
76491
76494
76497
76499
76501
76503
76504
76506
76507
76508
76512
76513
76514
76518
76519
76520
76521
76526
76532
76537
76539
76540
76541
76542
76543
76545
76552
76553
76556
76559
76560
76564
76565
76571
76574
76582
76583
76587
76589
76591
76592
76595
76598
76599
76601
76605
76606
76609
76610
76611
76614
76615
76620
76621
76623
76626
76628
76629
76631
76638
76640
76643
76644
76646
76652
76655
76658
76659
76665
76666
76669
76670
76671
76673
76677
76679
76681
76683
76685
76688
76692
76697
76700
76701
76705
76707
76709
76710
76716
76718
76719
76720
76721
76722
76723
76726
76727
76728
76732
76734
76735
76738
76740
76743
76744
76745
76746
76750
76751
76758
76763
76765
76768
76777
76779
76780
76781
76782
76786
76790
76792
76793
76794
76800
76801
76804
76806
76807
76810
76812
76818
76822
76823
76824
76829
76831
76834
76837
76838
76840
76843
76848
76850
76853
76854
76865
76866
76872
76876
76882
76883
76884
76885
76886
76887
76888
76891
76892
76893
76894
76895
76902
76905
76908
76909
76910
76919
76922
76924
76925
76926
76930
76932
76933
76940
76945
76946
76947
76948
76950
76953
76956
76957
76961
76966
76968
76971
76974
76976
76977
76980
76983
76989
76990
76992
76994
76995
76997
77001
77003
77005
77007
77008
77011
77015
77017
77018
77024
77026
77031
77034
77037
77038
77045
77047
77052
77054
77055
77056
77060
77063
77066
77074
77076
77077
77083
77084
77086
77087
77088
77089
77091
77094
77095
77098
77105
77107
77111
77113
77119
77120
77122
77125
77126
77128
77131
77132
77133
77135
77141
77146
77150
77152
77153
77155
77159
77162
77164
77166
77168
77169
77170
77173
77175
77179
77182
77183
77184
77186
77190
77194
77195
77206
77213
77216
77217
77219
77221
77224
77227
77229
77233
77237
77240
77243
77246
77249
77252
77259
77264
77266
77270
77272
77273
77274
77279
77286
77287
77288
77290
77291
77293
77298
77301
77307
77308
77309
77315
77319
77320
77326
77332
77336
77341
77343
77344
77351
77352
77354
77356
77357
77358
77364
77367
77372
77373
77375
77376
77377
77383
77385
77392
77393
77395
77399
77400
77403
77408
77410
77411
77412
77414
77417
77418
77419
77420
77425
77427
77429
77430
77431
77438
77443
77444
77446
77450
77451
77456
77457
77459
77461
77467
77470
77478
77480
77482
77483
77488
77491
77494
77497
77499
77501
77505
77506
77508
77512
77515
77517
77518
77521
77527
77528
77529
77532
77533
77534
77535
77537
77538
77540
77542
77543
77545
77552
77556
77557
77558
77563
77565
77566
77567
77570
77572
77573
77575
77579
77582
77583
77585
77586
77587
77589
77596
77599
77606
77608
77612
77613
77621
77622
77623
77635
77637
77640
77646
77648
77650
77654
77659
77661
77662
77667
77669
77672
77673
77676
77678
77683
77691
77695
77701
77702
77703
77704
77706
77713
77718
77719
77720
77721
77724
77726
77729
77730
77732
77733
77736
77738
77743
77747
77750
77752
77753
77754
77756
77762
77763
77764
77765
77766
77770
77779
77782
77786
77787
77788
77789
77793
77794
77798
77808
77812
77813
77816
77818
77825
77827
77828
77829
77837
77839
77840
77842
77845
77847
77849
77852
77855
77857
77858
77861
77862
77863
77866
77869
77873
77874
77876
77879
77887
77891
77897
77898
77900
77901
77902
77903
77904
77905
77906
77909
77910
77913
77916
77917
77918
77919
77923
77925
77928
77931
77935
77936
77939
77941
77942
77944
77945
77946
77947
77950
77951
77953
77957
77959
77960
77961
77962
77963
77965
77970
77971
77972
77973
77976
77977
77978
77979
77982
77984
77986
77988
77990
77994
77996
77997
77999
78001
78002
78005
78006
78009
78010
78012
78014
78015
78019
78020
78023
78024
78025
78026
78027
78028
78029
78030
78032
78033
78035
78038
78040
78044
78046
78047
78050
78052
78053
78056
78057
78062
78063
78067
78074
78075
78077
78080
78081
78084
78086
78088
78089
78092
78093
78094
78098
78100
78101
78105
78106
78108
78113
78114
78117
78118
78120
78123
78128
78129
78131
78137
78138
78140
78146
78147
78148
78149
78150
78154
78155
78158
78159
78160
78163
78164
78168
78169
78170
78171
78181
78184
78185
78186
78189
78190
78192
78193
78196
78199
78201
78203
78209
78210
78217
78218
78221
78225
78229
78231
78235
78236
78239
78243
78244
78254
78260
78263
78269
78275
78277
78278
78283
78285
78286
78287
78289
78290
78294
78296
78297
78298
78299
78302
78304
78309
78311
78312
78313
78316
78317
78321
78324
78326
78327
78328
78329
78331
78333
78335
78336
78339
78342
78344
78347
78352
78354
78356
78364
78368
78370
78376
78377
78378
78380
78383
78386
78397
78399
78400
78401
78404
78405
78408
78410
78411
78412
78413
78414
78416
78418
78421
78422
78429
78430
78431
78433
78437
78438
78442
78444
78447
78455
78456
78458
78460
78463
78464
78466
78472
78475
78476
78477
78478
78482
78483
78484
78488
78490
78491
78493
78494
78495
78496
78497
78499
78500
78501
78503
78504
78507
78511
78513
78514
78516
78519
78521
78522
78526
78530
78532
78533
78534
78536
78537
78538
78539
78541
78543
78544
78550
78551
78552
78554
78557
78563
78569
78571
78572
78574
78575
78576
78577
78579
78586
78587
78592
78594
78597
78598
78602
78603
78604
78606
78607
78608
78613
78620
78621
78622
78624
78628
78634
78637
78641
78642
78643
78645
78647
78649
78652
78660
78662
78663
78665
78670
78671
78672
78674
78675
78677
78680
78681
78686
78688
78689
78690
78693
78696
78698
78703
78705
78708
78709
78712
78715
78721
78722
78725
78726
78727
78729
78730
78734
78739
78741
78742
78746
78747
78748
78751
78754
78755
78756
78757
78761
78762
78763
78765
78766
78772
78773
78781
78783
78784
78785
78787
78791
78792
78793
78804
78809
78811
78821
78822
78823
78826
78828
78831
78834
78835
78838
78849
78850
78851
78855
78856
78859
78860
78861
78862
78870
78872
78874
78875
78876
78881
78882
78883
78885
78886
78887
78890
78891
78892
78899
78903
78904
78906
78908
78910
78912
78913
78917
78918
78920
78921
78927
78928
78931
78932
78938
78942
78946
78947
78948
78951
78955
78957
78960
78961
78965
78971
78976
78977
78978
78979
78985
78986
78990
78994
78996
78999
79000
79002
79008
79010
79015
79021
79023
79024
79026
79027
79029
79032
79036
79038
79041
79042
79044
79048
79053
79055
79057
79058
79061
79068
79071
79072
79074
79075
79076
79080
79085
79086
79089
79090
79092
79093
79094
79095
79097
79099
79103
79104
79110
79111
79116
79117
79118
79119
79121
79122
79123
79124
79126
79127
79133
79134
79135
79137
79141
79142
79144
79146
79147
79148
79153
79161
79163
79164
79171
79172
79173
79180
79183
79184
79186
79187
79189
79192
79193
79195
79196
79197
79200
79201
79202
79205
79206
79209
79214
79217
79219
79220
79221
79223
79224
79225
79227
79229
79230
79231
79233
79235
79237
79238
79239
79241
79242
79243
79249
79250
79251
79252
79253
79255
79257
79258
79259
79261
79262
79264
79267
79269
79272
79275
79277
79278
79280
79283
79287
79289
79290
79291
79292
79295
79303
79305
79307
79308
79312
79314
79315
79316
79318
79321
79322
79323
79324
79325
79327
79328
79329
79330
79335
79341
79342
79344
79345
79352
79357
79359
79360
79364
79365
79366
79368
79369
79370
79371
79378
79379
79380
79384
79385
79389
79391
79393
79397
79402
79410
79412
79414
79415
79417
79422
79426
79429
79433
79437
79438
79446
79450
79451
79455
79458
79459
79462
79465
79467
79470
79474
79477
79478
79479
79481
79487
79488
79490
79492
79493
79495
79497
79507
79509
79513
79514
79517
79518
79519
79520
79521
79522
79524
79527
79529
79530
79531
79532
79533
79535
79536
79543
79544
79550
79552
79553
79566
79567
79568
79569
79571
79572
79574
79575
79577
79583
79585
79586
79587
79589
79590
79594
79595
79599
79602
79603
79604
79611
79613
79615
79616
79617
79618
79620
79621
79622
79624
79632
79637
79640
79641
79643
79646
79648
79659
79662
79664
79665
79666
79667
79668
79669
79672
79678
79680
79682
79688
79689
79690
79692
79696
79698
79699
79700
79701
79702
79707
79709
79710
79712
79719
79720
79721
79727
79735
79737
79740
79741
79743
79745
79748
79749
79751
79752
79754
79757
79762
79764
79765
79766
79767
79768
79770
79773
79774
79775
79777
79778
79780
79783
79784
79785
79787
79788
79791
79793
79794
79797
79800
79801
79803
79804
79806
79808
79812
79814
79817
79818
79821
79828
79829
79832
79833
79836
79841
79843
79844
79845
79848
79849
79850
79851
79855
79857
79859
79860
79861
79863
79864
79865
79870
79874
79875
79878
79879
79883
79884
79890
79891
79893
79895
79897
79901
79903
79905
79907
79909
79912
79913
79914
79919
79922
79923
79924
79927
79931
79932
79933
79934
79937
79938
79939
79940
79942
79943
79945
79948
79949
79950
79951
79952
79953
79954
79957
79959
79963
79971
79977
79978
79980
79982
79984
79985
79990
80008
80011
80012
80016
80018
80021
80022
80025
80026
80027
80034
80040
80045
80046
80047
80048
80051
80054
80056
80062
80064
80067
80073
80074
80075
80082
80091
80094
80095
80096
80097
80098
80099
80100
80101
80104
80106
80110
80113
80117
80130
80131
80133
80136
80139
80151
80155
80163
80165
80166
80167
80168
80170
80174
80175
80176
80179
80182
80185
80189
80190
80194
80195
80197
80198
80200
80203
80206
80208
80214
80215
80216
80218
80221
80225
80229
80230
80233
80235
80238
80239
80240
80241
80243
80244
80247
80250
80251
80257
80263
80265
80271
80274
80277
80279
80283
80285
80290
80292
80293
80294
80295
80296
80299
80304
80305
80308
80309
80311
80312
80313
80316
80319
80321
80323
80325
80327
80332
80336
80337
80339
80341
80343
80345
80348
80349
80350
80352
80354
80356
80357
80358
80362
80365
80366
80367
80368
80369
80370
80372
80374
80375
80386
80392
80396
80400
80403
80404
80405
80407
80408
80410
80411
80413
80414
80415
80418
80422
80423
80424
80427
80428
80433
80434
80438
80442
80443
80445
80446
80449
80451
80454
80456
80457
80459
80460
80461
80466
80467
80469
80472
80477
80478
80479
80482
80483
80484
80488
80489
80490
80492
80493
80495
80498
80500
80501
80502
80504
80507
80510
80511
80514
80517
80518
80519
80522
80523
80527
80529
80534
80535
80537
80544
80546
80548
80551
80554
80555
80562
80565
80566
80571
80574
80577
80578
80579
80589
80590
80592
80596
80597
80606
80610
80612
80613
80616
80624
80625
80628
80630
80634
80636
80638
80639
80640
80643
80657
80658
80662
80665
80666
80667
80670
80672
80675
80676
80677
80679
80683
80685
80686
80687
80689
80692
80694
80697
80701
80703
80704
80707
80710
80711
80713
80715
80719
80723
80725
80729
80742
80743
80748
80749
80752
80753
80754
80759
80760
80762
80766
80768
80770
80771
80772
80774
80775
80777
80781
80782
80783
80784
80788
80790
80791
80792
80794
80795
80799
80802
80803
80811
80812
80813
80814
80815
80816
80817
80818
80820
80825
80826
80828
80833
80837
80838
80839
80844
80847
80849
80850
80855
80858
80861
80864
80865
80866
80867
80869
80870
80873
80874
80875
80876
80877
80879
80880
80882
80885
80889
80890
80893
80894
80897
80898
80899
80904
80910
80911
80914
80917
80918
80919
80920
80922
80923
80924
80925
80927
80928
80929
80930
80932
80934
80937
80938
80941
80943
80944
80947
80948
80954
80955
80956
80959
80965
80971
80972
80973
80977
80984
80987
80990
80992
80994
81000
81001
81002
81004
81008
81011
81013
81016
81018
81019
81020
81023
81026
81030
81033
81034
81035
81036
81037
81038
81043
81044
81045
81047
81049
81051
81052
81053
81054
81056
81057
81058
81062
81064
81067
81069
81077
81078
81079
81080
81083
81085
81086
81087
81090
81096
81097
81098
81104
81108
81111
81115
81117
81119
81120
81121
81122
81124
81125
81126
81128
81129
81132
81134
81135
81138
81139
81140
81141
81150
81153
81154
81155
81156
81159
81160
81162
81164
81169
81170
81171
81172
81173
81174
81176
81177
81178
81181
81182
81187
81189
81190
81192
81194
81195
81202
81208
81209
81215
81218
81220
81221
81222
81224
81225
81226
81230
81231
81232
81235
81236
81237
81238
81239
81240
81241
81244
81247
81249
81254
81260
81264
81268
81269
81270
81272
81274
81276
81277
81279
81286
81289
81292
81293
81297
81299
81300
81302
81305
81312
81318
81319
81321
81323
81327
81332
81333
81335
81338
81349
81350
81353
81357
81363
81365
81366
81371
81374
81377
81383
81384
81386
81388
81389
81391
81399
81401
81404
81407
81408
81409
81410
81413
81415
81416
81417
81422
81423
81426
81431
81432
81438
81439
81440
81448
81450
81451
81453
81456
81460
81461
81464
81468
81470
81471
81472
81473
81476
81479
81480
81481
81484
81488
81489
81491
81493
81496
81503
81506
81509
81511
81512
81513
81515
81516
81517
81518
81519
81523
81526
81529
81530
81533
81534
81535
81540
81547
81549
81555
81556
81558
81561
81564
81573
81574
81575
81577
81578
81579
81581
81582
81583
81590
81592
81595
81596
81597
81602
81608
81609
81614
81616
81617
81619
81620
81621
81624
81626
81628
81629
81630
81632
81636
81642
81643
81647
81649
81651
81654
81657
81661
81663
81664
81667
81668
81669
81672
81674
81675
81685
81690
81695
81696
81699
81700
81703
81704
81711
81712
81721
81724
81732
81736
81739
81740
81743
81744
81745
81748
81749
81750
81756
81757
81759
81761
81762
81765
81767
81770
81771
81774
81775
81776
81777
81778
81781
81783
81785
81787
81790
81795
81796
81803
81806
81808
81809
81811
81812
81817
81819
81824
81825
81829
81830
81831
81836
81846
81848
81850
81857
81860
81863
81865
81867
81871
81876
81878
81882
81886
81888
81892
81893
81897
81900
81906
81908
81909
81910
81912
81914
81916
81918
81920
81922
81923
81924
81925
81927
81929
81930
81932
81938
81939
81944
81953
81957
81962
81963
81964
81966
81968
81969
81971
81974
81976
81982
81983
81986
81987
81988
81990
81991
81992
81997
82001
82003
82006
82009
82010
82013
82014
82018
82027
82032
82034
82035
82037
82038
82039
82040
82041
82042
82043
82051
82054
82056
82057
82058
82059
82062
82063
82066
82067
82068
82069
82072
82073
82075
82077
82084
82089
82091
82092
82093
82095
82096
82097
82098
82099
82100
82104
82105
82109
82112
82114
82115
82118
82121
82122
82125
82127
82130
82131
82133
82134
82144
82154
82155
82156
82157
82159
82160
82162
82167
82172
82173
82178
82179
82180
82183
82185
82186
82188
82190
82191
82193
82194
82195
82200
82202
82205
82206
82208
82209
82210
82213
82216
82217
82220
82225
82227
82232
82235
82240
82241
82245
82246
82247
82248
82250
82255
82257
82258
82259
82261
82262
82266
82268
82270
82272
82276
82278
82279
82283
82284
82285
82288
82292
82293
82294
82296
82301
82302
82303
82307
82310
82314
82315
82317
82320
82322
82324
82330
82335
82337
82338
82340
82342
82344
82357
82360
82363
82366
82367
82372
82379
82381
82382
82383
82386
82387
82391
82394
82396
82400
82402
82406
82411
82414
82415
82419
82420
82423
82427
82431
82434
82435
82436
82439
82443
82445
82448
82449
82451
82453
82458
82464
82470
82475
82476
82477
82478
82481
82482
82483
82487
82489
82490
82493
82498
82501
82504
82506
82508
82510
82512
82518
82521
82522
82523
82531
82535
82540
82543
82545
82549
82552
82554
82556
82558
82559
82560
82565
82566
82568
82569
82570
82571
82572
82573
82581
82582
82583
82585
82586
82589
82591
82592
82594
82596
82597
82599
82600
82604
82607
82608
82610
82611
82614
82615
82616
82632
82633
82634
82635
82636
82640
82643
82645
82647
82648
82651
82658
82660
82661
82662
82664
82666
82670
82671
82673
82674
82676
82677
82679
82682
82683
82684
82685
82687
82692
82693
82694
82695
82698
82701
82703
82707
82709
82711
82713
82716
82719
82723
82725
82727
82731
82733
82734
82735
82736
82738
82745
82746
82750
82751
82753
82754
82756
82758
82759
82760
82763
82765
82768
82769
82770
82773
82775
82776
82777
82778
82779
82781
82783
82784
82785
82792
82793
82796
82800
82802
82803
82805
82808
82813
82814
82815
82819
82820
82821
82822
82825
82828
82832
82836
82837
82838
82839
82843
82844
82845
82846
82848
82849
82851
82852
82853
82859
82860
82861
82867
82868
82869
82870
82874
82875
82876
82881
82883
82884
82885
82886
82888
82889
82893
82896
82897
82898
82900
82902
82903
82905
82908
82911
82913
82914
82915
82919
82921
82922
82928
82929
82930
82933
82937
82939
82940
82945
82947
82950
82951
82955
82959
82963
82965
82972
82973
82976
82980
82981
82987
82991
82992
82993
82994
82995
83001
83002
83003
83005
83012
83013
83016
83017
83022
83024
83025
83027
83028
83030
83033
83035
83038
83040
83042
83043
83044
83045
83047
83050
83051
83052
83053
83055
83056
83059
83063
83065
83070
83071
83072
83073
83075
83076
83078
83081
83083
83084
83085
83086
83090
83091
83092
83102
83103
83106
83109
83110
83112
83114
83117
83123
83124
83125
83127
83128
83129
83130
83131
83134
83135
83136
83139
83142
83143
83145
83146
83147
83151
83154
83157
83158
83161
83169
83172
83173
83177
83178
83181
83185
83188
83189
83191
83192
83194
83197
83201
83202
83204
83206
83207
83211
83212
83213
83216
83217
83218
83219
83220
83223
83224
83226
83227
83229
83230
83233
83238
83242
83244
83245
83249
83250
83251
83254
83255
83258
83259
83261
83262
83264
83270
83274
83276
83279
83280
83281
83284
83286
83287
83288
83290
83293
83296
83300
83302
83305
83306
83307
83309
83314
83315
83319
83323
83324
83326
83331
83332
83335
83336
83338
83340
83346
83347
83350
83353
83354
83357
83358
83359
83362
83367
83369
83373
83377
83379
83380
83391
83392
83393
83394
83395
83397
83399
83401
83409
83413
83414
83416
83425
83426
83427
83430
83432
83433
83436
83438
83439
83442
83444
83449
83459
83460
83462
83463
83465
83470
83471
83485
83486
83487
83495
83500
83502
83506
83508
83511
83514
83515
83517
83518
83520
83522
83528
83533
83540
83545
83546
83547
83548
83550
83551
83552
83558
83561
83565
83566
83570
83571
83572
83577
83578
83580
83584
83589
83594
83596
83601
83602
83603
83604
83605
83606
83607
83608
83609
83611
83614
83615
83618
83619
83624
83625
83626
83629
83632
83635
83637
83638
83641
83645
83646
83650
83655
83656
83662
83663
83669
83672
83673
83675
83676
83677
83680
83681
83684
83687
83689
83691
83698
83701
83704
83707
83710
83712
83715
83720
83722
83728
83741
83742
83743
83749
83750
83756
83757
83764
83766
83767
83768
83769
83777
83778
83794
83796
83797
83798
83803
83807
83812
83814
83818
83820
83821
83822
83826
83827
83828
83830
83832
83833
83844
83845
83846
83848
83854
83855
83859
83862
83863
83866
83868
83870
83872
83873
83874
83875
83883
83891
83892
83893
83894
83895
83896
83899
83900
83902
83904
83905
83908
83909
83910
83913
83923
83926
83931
83932
83944
83946
83947
83948
83955
83956
83963
83965
83969
83970
83971
83972
83973
83976
83982
83991
83992
83993
83994
83995
83999
84000
84007
84011
84013
84014
84015
84018
84019
84021
84022
84028
84030
84032
84036
84037
84039
84042
84048
84050
84051
84052
84053
84058
84059
84060
84062
84064
84066
84068
84069
84070
84071
84074
84075
84076
84078
84086
84087
84088
84090
84094
84095
84100
84105
84106
84107
84110
84114
84115
84116
84117
84124
84131
84133
84137
84141
84146
84148
84149
84153
84154
84157
84161
84162
84163
84167
84170
84171
84173
84178
84180
84181
84183
84184
84185
84186
84187
84189
84190
84195
84196
84197
84199
84202
84204
84208
84209
84210
84212
84213
84214
84220
84225
84226
84229
84231
84234
84237
84238
84240
84244
84246
84248
84250
84255
84256
84258
84259
84263
84267
84269
84275
84278
84279
84283
84285
84289
84290
84295
84300
84301
84305
84306
84308
84309
84312
84315
84322
84324
84326
84327
84337
84340
84341
84346
84351
84354
84355
84360
84367
84368
84369
84370
84371
84374
84378
84380
84383
84384
84385
84386
84388
84389
84394
84395
84396
84398
84401
84402
84406
84407
84410
84413
84414
84419
84423
84425
84432
84434
84440
84444
84445
84446
84448
84451
84453
84459
84462
84466
84468
84470
84471
84475
84477
84479
84484
84488
84490
84491
84493
84494
84497
84500
84501
84502
84505
84510
84512
84514
84516
84518
84519
84522
84523
84524
84525
84526
84527
84528
84529
84530
84531
84532
84534
84535
84536
84537
84539
84542
84545
84550
84552
84554
84555
84559
84562
84564
84566
84568
84574
84576
84579
84582
84587
84588
84594
84596
84598
84600
84602
84606
84607
84609
84611
84612
84617
84619
84620
84623
84624
84625
84633
84634
84636
84643
84646
84648
84650
84652
84654
84655
84659
84661
84662
84664
84665
84666
84669
84672
84675
84677
84680
84681
84682
84683
84688
84689
84690
84691
84692
84693
84695
84697
84699
84700
84701
84707
84711
84712
84713
84714
84718
84719
84720
84721
84722
84726
84729
84731
84732
84734
84735
84738
84746
84751
84752
84754
84755
84758
84759
84764
84765
84766
84770
84773
84775
84778
84780
84786
84788
84793
84796
84799
84801
84803
84805
84814
84816
84817
84818
84820
84823
84825
84827
84829
84830
84832
84833
84834
84836
84838
84839
84841
84842
84844
84845
84846
84849
84854
84858
84860
84863
84864
84869
84873
84875
84876
84880
84882
84886
84887
84888
84889
84890
84893
84894
84896
84901
84902
84904
84906
84912
84918
84919
84925
84926
84934
84939
84942
84946
84947
84950
84952
84954
84958
84960
84961
84963
84967
84968
84972
84973
84983
84992
84995
84996
84997
84998
84999
85001
85003
85005
85006
85007
85011
85013
85017
85018
85019
85020
85021
85031
85032
85036
85040
85041
85044
85045
85047
85057
85059
85060
85063
85065
85067
85068
85069
85071
85074
85076
85079
85087
85089
85090
85091
85092
85095
85096
85099
85105
85106
85113
85118
85121
85123
85128
85129
85133
85140
85141
85142
85143
85147
85150
85151
85154
85157
85158
85161
85162
85169
85171
85173
85175
85178
85180
85182
85183
85184
85189
85191
85192
85193
85194
85195
85196
85201
85203
85206
85207
85223
85224
85226
85228
85233
85236
85237
85238
85239
85240
85244
85246
85248
85249
85251
85252
85255
85256
85259
85260
85262
85266
85267
85268
85269
85270
85275
85277
85279
85283
85288
85289
85292
85294
85296
85297
85300
85301
85303
85309
85313
85315
85317
85320
85322
85323
85325
85329
85332
85333
85334
85335
85336
85338
85340
85343
85345
85349
85352
85353
85354
85356
85359
85361
85362
85367
85373
85374
85378
85384
85386
85391
85392
85393
85395
85396
85405
85406
85409
85410
85411
85414
85415
85416
85424
85425
85428
85432
85438
85439
85442
85445
85446
85452
85453
85458
85461
85464
85465
85466
85467
85471
85473
85474
85475
85476
85481
85482
85483
85485
85487
85489
85495
85497
85499
85500
85502
85503
85506
85511
85512
85513
85515
85524
85526
85528
85530
85534
85535
85536
85537
85539
85543
85545
85551
85553
85558
85559
85564
85566
85567
85576
85579
85580
85581
85582
85584
85586
85587
85592
85595
85596
85597
85600
85602
85605
85608
85612
85613
85614
85619
85620
85624
85625
85626
85628
85629
85632
85633
85635
85638
85639
85640
85641
85645
85646
85648
85653
85656
85661
85663
85666
85669
85672
85673
85675
85676
85680
85682
85684
85685
85688
85689
85690
85692
85693
85695
85697
85698
85699
85700
85704
85705
85706
85709
85711
85714
85716
85719
85723
85726
85727
85730
85731
85733
85734
85736
85742
85743
85746
85747
85752
85753
85754
85755
85758
85761
85762
85767
85772
85773
85777
85778
85779
85780
85781
85784
85785
85786
85787
85789
85790
85797
85800
85801
85803
85804
85805
85806
85818
85823
85825
85827
85828
85829
85830
85834
85835
85836
85837
85840
85849
85850
85851
85854
85855
85856
85857
85858
85862
85867
85873
85877
85879
85883
85885
85889
85890
85891
85892
85893
85896
85898
85902
85904
85905
85909
85910
85911
85916
85918
85920
85921
85922
85925
85926
85929
85930
85932
85934
85937
85939
85940
85945
85946
85948
85949
85950
85951
85954
85956
85957
85959
85961
85968
85971
85974
85978
85980
85981
85982
85984
85989
85991
85993
85994
85997
85998
86002
86005
86011
86013
86015
86020
86022
86025
86027
86028
86031
86033
86034
86035
86038
86041
86042
86047
86052
86053
86054
86055
86056
86057
86058
86059
86061
86063
86067
86071
86073
86074
86076
86079
86081
86083
86084
86087
86090
86092
86093
86094
86095
86096
86105
86107
86108
86111
86113
86114
86115
86118
86119
86120
86124
86127
86129
86130
86132
86133
86134
86136
86139
86142
86143
86144
86146
86147
86153
86154
86156
86158
86162
86163
86164
86166
86167
86170
86172
86173
86174
86175
86179
86181
86183
86184
86185
86189
86191
86192
86197
86199
86206
86209
86211
86213
86219
86222
86223
86230
86234
86238
86241
86242
86243
86244
86245
86246
86249
86251
86252
86258
86259
86262
86264
86265
86266
86268
86276
86284
86286
86292
86293
86298
86300
86304
86305
86306
86311
86312
86313
86314
86315
86316
86320
86323
86324
86326
86328
86329
86331
86332
86333
86335
86337
86338
86340
86341
86344
86347
86349
86351
86355
86358
86359
86360
86364
86366
86369
86372
86373
86380
86381
86382
86386
86388
86390
86393
86395
86396
86398
86400
86402
86404
86406
86411
86414
86417
86426
86429
86433
86438
86439
86441
86444
86452
86453
86458
86459
86462
86472
86473
86476
86480
86481
86483
86487
86488
86489
86490
86491
86494
86495
86498
86501
86505
86507
86508
86511
86513
86516
86517
86518
86519
86520
86524
86526
86529
86532
86534
86541
86546
86548
86549
86551
86556
86557
86558
86559
86573
86574
86575
86580
86581
86583
86586
86587
86589
86591
86592
86593
86594
86595
86596
86597
86598
86600
86603
86604
86607
86608
86609
86611
86613
86615
86616
86622
86623
86626
86632
86634
86639
86641
86642
86643
86644
86646
86648
86655
86666
86667
86668
86669
86670
86671
86673
86676
86677
86678
86679
86683
86684
86686
86688
86689
86693
86696
86697
86700
86701
86709
86710
86711
86712
86713
86714
86718
86720
86722
86723
86724
86726
86730
86740
86742
86744
86750
86752
86754
86755
86758
86762
86764
86765
86766
86769
86771
86772
86773
86775
86776
86780
86781
86782
86785
86787
86789
86792
86799
86800
86803
86806
86808
86810
86811
86813
86815
86817
86821
86822
86824
86825
86826
86827
86828
86831
86834
86835
86838
86843
86844
86846
86851
86852
86853
86854
86858
86862
86865
86866
86868
86869
86874
86877
86882
86889
86893
86895
86897
86898
86903
86904
86906
86908
86910
86916
86918
86919
86921
86924
86925
86926
86938
86939
86940
86941
86942
86944
86947
86953
86954
86956
86959
86965
86968
86969
86970
86971
86973
86974
86976
86977
86979
86982
86987
86991
86993
86994
86997
86999
87000
87001
87002
87006
87010
87011
87012
87015
87020
87025
87026
87027
87028
87029
87035
87037
87042
87043
87044
87046
87048
87050
87052
87055
87056
87057
87060
87061
87066
87068
87069
87070
87071
87072
87076
87077
87078
87082
87087
87088
87089
87092
87094
87098
87101
87102
87105
87106
87107
87108
87115
87116
87120
87122
87123
87126
87127
87131
87133
87134
87135
87136
87138
87140
87141
87142
87144
87146
87152
87153
87159
87162
87164
87167
87168
87169
87174
87175
87176
87177
87180
87182
87183
87184
87186
87188
87192
87199
87200
87201
87204
87206
87207
87208
87209
87210
87214
87218
87228
87230
87234
87235
87236
87238
87241
87243
87245
87248
87249
87251
87252
87254
87264
87269
87270
87274
87275
87276
87279
87280
87281
87285
87293
87295
87298
87299
87300
87301
87303
87305
87309
87311
87315
87317
87318
87322
87324
87328
87329
87341
87342
87344
87349
87352
87355
87356
87360
87361
87363
87365
87370
87372
87376
87377
87378
87379
87380
87382
87385
87388
87390
87391
87400
87401
87403
87406
87412
87416
87418
87419
87421
87423
87425
87426
87430
87433
87437
87439
87441
87442
87448
87449
87455
87458
87460
87462
87463
87465
87466
87467
87470
87471
87473
87475
87476
87485
87486
87487
87489
87497
87498
87499
87500
87501
87506
87507
87508
87510
87517
87518
87520
87521
87523
87528
87530
87534
87537
87538
87540
87541
87543
87546
87547
87550
87553
87556
87557
87560
87561
87562
87563
87565
87566
87567
87568
87570
87573
87575
87583
87589
87590
87591
87594
87599
87604
87605
87607
87608
87610
87611
87612
87613
87619
87620
87623
87630
87634
87637
87639
87641
87646
87650
87654
87656
87658
87659
87660
87662
87663
87664
87665
87668
87670
87674
87676
87677
87678
87680
87685
87688
87689
87692
87694
87697
87698
87699
87702
87707
87708
87718
87719
87722
87723
87724
87726
87728
87729
87731
87734
87738
87739
87742
87743
87746
87748
87749
87755
87758
87761
87763
87765
87768
87769
87774
87776
87779
87783
87787
87788
87789
87792
87795
87797
87799
87803
87805
87808
87809
87811
87812
87814
87815
87821
87822
87826
87829
87830
87831
87832
87843
87844
87845
87848
87850
87851
87853
87857
87865
87871
87877
87878
87882
87883
87884
87886
87888
87893
87899
87901
87903
87905
87906
87911
87912
87915
87916
87917
87918
87926
87927
87930
87932
87933
87934
87937
87939
87940
87943
87946
87948
87949
87950
87953
87954
87955
87956
87957
87961
87962
87963
87966
87969
87973
87975
87976
87977
87979
87991
87995
87997
88002
88003
88008
88012
88014
88015
88018
88020
88021
88025
88027
88028
88032
88034
88036
88037
88038
88042
88047
88048
88049
88051
88055
88058
88064
88066
88067
88074
88076
88078
88079
88080
88085
88086
88087
88088
88095
88097
88099
88100
88101
88103
88109
88110
88112
88113
88116
88118
88120
88123
88124
88126
88131
88134
88135
88136
88138
88139
88140
88143
88152
88157
88163
88164
88166
88170
88173
88174
88178
88180
88181
88182
88184
88185
88186
88188
88190
88192
88195
88197
88201
88205
88206
88207
88210
88211
88212
88213
88215
88216
88218
88219
88221
88231
88232
88233
88236
88238
88241
88245
88249
88251
88252
88255
88261
88262
88263
88266
88278
88280
88284
88285
88287
88288
88292
88293
88294
88295
88297
88298
88303
88306
88310
88311
88312
88313
88314
88316
88321
88322
88323
88324
88325
88326
88329
88333
88335
88338
88339
88343
88344
88347
88348
88358
88359
88371
88372
88373
88374
88376
88377
88379
88380
88382
88384
88391
88392
88397
88400
88402
88404
88405
88406
88407
88411
88413
88414
88416
88417
88428
88430
88434
88445
88447
88451
88453
88458
88460
88461
88465
88466
88469
88471
88473
88474
88475
88480
88482
88483
88488
88492
88493
88501
88502
88504
88507
88512
88513
88514
88518
88519
88520
88522
88523
88525
88529
88530
88533
88534
88535
88536
88538
88539
88541
88543
88544
88547
88548
88556
88559
88561
88563
88567
88571
88572
88575
88576
88577
88581
88584
88589
88590
88591
88592
88594
88595
88596
88601
88603
88606
88607
88608
88611
88613
88614
88616
88617
88620
88621
88622
88623
88625
88626
88629
88631
88637
88641
88643
88650
88653
88655
88656
88658
88662
88663
88664
88665
88666
88672
88677
88680
88688
88691
88693
88694
88696
88697
88700
88701
88703
88704
88705
88709
88711
88713
88715
88719
88720
88722
88723
88724
88726
88729
88733
88735
88738
88740
88745
88746
88747
88748
88752
88754
88756
88759
88760
88762
88763
88767
88771
88772
88773
88776
88784
88785
88788
88789
88791
88796
88797
88802
88807
88808
88810
88811
88812
88820
88821
88824
88825
88826
88827
88828
88831
88833
88837
88840
88842
88843
88844
88845
88846
88848
88849
88850
88851
88856
88859
88860
88862
88866
88869
88876
88879
88881
88883
88884
88887
88888
88889
88894
88895
88902
88906
88910
88912
88915
88916
88919
88920
88925
88926
88929
88938
88940
88941
88942
88943
88947
88948
88949
88952
88954
88958
88962
88964
88965
88969
88971
88979
88983
88984
88985
88986
88988
88989
88991
88993
88995
88996
88998
88999
89000
89002
89006
89008
89009
89022
89023
89025
89028
89029
89030
89031
89032
89033
89034
89036
89037
89039
89043
89045
89047
89048
89050
89053
89054
89058
89060
89062
89064
89065
89068
89070
89072
89079
89080
89085
89092
89094
89098
89102
89105
89106
89107
89118
89119
89124
89129
89130
89132
89133
89138
89145
89148
89151
89154
89155
89156
89157
89163
89175
89177
89178
89179
89180
89182
89183
89185
89186
89188
89191
89192
89194
89195
89196
89197
89202
89206
89207
89209
89210
89212
89213
89215
89218
89221
89222
89224
89229
89230
89231
89232
89233
89234
89238
89241
89243
89244
89246
89247
89249
89252
89253
89255
89256
89261
89265
89266
89267
89268
89271
89272
89280
89282
89283
89284
89287
89288
89289
89294
89295
89299
89301
89303
89304
89307
89310
89314
89315
89316
89317
89318
89321
89322
89323
89324
89326
89327
89329
89330
89331
89336
89340
89344
89345
89350
89355
89359
89370
89377
89379
89380
89385
89386
89387
89390
89393
89394
89395
89397
89398
89407
89409
89410
89412
89414
89418
89419
89420
89421
89422
89424
89427
89430
89431
89435
89436
89437
89440
89441
89446
89448
89450
89452
89453
89455
89458
89460
89464
89465
89466
89467
89469
89471
89473
89476
89477
89478
89480
89481
89482
89483
89489
89493
89499
89500
89507
89508
89509
89510
89511
89512
89518
89520
89524
89527
89531
89533
89534
89538
89540
89543
89548
89553
89554
89558
89560
89561
89563
89564
89567
89570
89572
89576
89577
89579
89580
89581
89582
89585
89589
89592
89597
89605
89606
89609
89611
89612
89617
89619
89622
89623
89624
89625
89628
89630
89632
89634
89635
89637
89638
89639
89640
89643
89648
89649
89652
89653
89654
89657
89662
89666
89667
89668
89674
89677
89682
89683
89684
89693
89694
89699
89701
89702
89709
89710
89713
89714
89715
89721
89722
89723
89728
89730
89732
89733
89737
89741
89744
89747
89751
89753
89757
89758
89761
89762
89763
89765
89767
89770
89771
89774
89775
89777
89780
89783
89784
89785
89787
89788
89789
89790
89794
89795
89796
89799
89800
89801
89806
89811
89813
89814
89818
89819
89821
89825
89826
89828
89829
89831
89832
89833
89835
89836
89838
89840
89847
89848
89852
89854
89856
89857
89858
89860
89861
89862
89864
89866
89877
89879
89881
89882
89886
89887
89891
89895
89898
89900
89901
89905
89906
89907
89908
89911
89912
89913
89915
89918
89925
89927
89932
89935
89936
89937
89941
89948
89950
89954
89957
89958
89962
89964
89968
89970
89971
89973
89974
89977
89978
89982
89990
89993
89994
89997
89998
90000
90002
90004
90005
90008
90010
90015
90016
90019
90020
90021
90024
90026
90030
90031
90032
90036
90038
90039
90042
90043
90045
90046
90047
90049
90051
90053
90054
90057
90058
90062
90064
90067
90068
90072
90074
90077
90078
90079
90080
90082
90085
90086
90088
90094
90095
90097
90098
90101
90102
90105
90106
90107
90110
90121
90124
90126
90129
90134
90141
90142
90144
90145
90147
90148
90150
90154
90157
90158
90163
90164
90167
90168
90169
90171
90173
90175
90180
90181
90183
90186
90190
90192
90193
90196
90198
90199
90200
90203
90205
90206
90207
90208
90210
90212
90214
90215
90218
90226
90227
90228
90231
90232
90236
90237
90242
90245
90248
90250
90252
90255
90256
90259
90264
90271
90273
90274
90276
90279
90282
90283
90286
90288
90290
90291
90292
90294
90296
90297
90298
90299
90300
90301
90302
90304
90305
90308
90312
90314
90315
90318
90319
90320
90323
90325
90326
90330
90331
90332
90333
90334
90335
90337
90338
90341
90347
90353
90354
90359
90361
90374
90375
90376
90377
90378
90383
90387
90389
90390
90394
90396
90401
90411
90412
90413
90414
90417
90418
90419
90422
90423
90424
90425
90426
90427
90430
90433
90434
90436
90437
90439
90446
90449
90451
90452
90455
90456
90460
90464
90465
90469
90470
90472
90474
90476
90478
90480
90482
90483
90485
90486
90487
90489
90491
90492
90493
90496
90497
90500
90504
90505
90510
90514
90518
90520
90525
90528
90529
90530
90531
90535
90536
90540
90541
90547
90548
90554
90558
90562
90563
90564
90565
90567
90569
90572
90575
90578
90580
90584
90587
90588
90589
90590
90601
90605
90606
90608
90609
90610
90611
90614
90615
90618
90620
90623
90626
90627
90629
90633
90634
90635
90640
90641
90643
90644
90646
90649
90650
90653
90655
90661
90663
90666
90669
90672
90674
90675
90676
90678
90679
90681
90685
90686
90694
90695
90696
90697
90700
90701
90703
90705
90706
90707
90708
90709
90711
90712
90713
90715
90728
90732
90735
90736
90738
90743
90746
90747
90748
90749
90750
90754
90757
90758
90761
90768
90769
90772
90773
90774
90776
90777
90780
90783
90784
90785
90790
90797
90798
90800
90801
90805
90806
90809
90812
90813
90814
90815
90823
90827
90832
90833
90835
90837
90846
90847
90850
90851
90852
90853
90855
90856
90859
90860
90862
90866
90868
90875
90877
90880
90882
90883
90890
90896
90906
90915
90917
90919
90920
90925
90928
90929
90934
90936
90937
90940
90944
90949
90956
90957
90958
90959
90960
90961
90963
90966
90967
90968
90972
90973
90976
90977
90978
90979
90980
90985
90989
90993
90996
90997
90999
91002
91008
91009
91017
91020
91022
91025
91026
91031
91032
91034
91035
91039
91040
91042
91051
91055
91064
91066
91068
91070
91074
91076
91079
91081
91088
91090
91091
91092
91097
91107
91108
91111
91112
91113
91115
91116
91118
91121
91122
91123
91124
91132
91135
91136
91139
91143
91144
91146
91148
91151
91153
91154
91155
91157
91160
91161
91163
91171
91176
91177
91181
91184
91189
91191
91194
91195
91197
91202
91203
91208
91210
91214
91215
91216
91217
91220
91221
91225
91226
91230
91231
91236
91238
91241
91243
91246
91249
91256
91263
91264
91265
91266
91268
91272
91273
91274
91279
91280
91282
91284
91286
91287
91289
91292
91294
91295
91297
91298
91299
91301
91303
91304
91307
91308
91309
91310
91313
91314
91316
91317
91322
91328
91330
91332
91333
91336
91339
91340
91342
91347
91353
91360
91362
91363
91364
91365
91368
91370
91382
91388
91389
91390
91398
91399
91400
91402
91403
91405
91407
91412
91415
91416
91417
91418
91419
91423
91424
91427
91430
91435
91438
91440
91443
91445
91449
91453
91455
91458
91460
91462
91466
91469
91470
91471
91476
91481
91482
91483
91491
91492
91501
91502
91505
91512
91514
91515
91516
91524
91525
91527
91528
91530
91531
91537
91538
91539
91541
91542
91544
91546
91550
91553
91555
91558
91559
91561
91565
91566
91569
91571
91573
91576
91577
91579
91580
91583
91584
91585
91587
91591
91595
91597
91599
91601
91603
91604
91606
91608
91613
91614
91616
91619
91620
91623
91625
91626
91627
91632
91633
91636
91639
91640
91641
91643
91644
91645
91646
91647
91651
91653
91654
91656
91657
91661
91664
91667
91669
91671
91673
91677
91678
91681
91684
91689
91690
91701
91702
91703
91704
91705
91707
91710
91711
91712
91714
91718
91720
91721
91722
91724
91726
91727
91729
91732
91734
91736
91738
91740
91743
91744
91748
91750
91752
91754
91755
91760
91761
91764
91767
91771
91772
91774
91775
91777
91780
91781
91786
91787
91788
91789
91792
91793
91794
91795
91796
91797
91798
91799
91801
91805
91809
91811
91813
91814
91815
91818
91822
91826
91830
91831
91834
91835
91836
91838
91839
91841
91846
91849
91852
91857
91859
91860
91862
91866
91869
91871
91872
91873
91876
91878
91880
91881
91882
91883
91887
91888
91892
91894
91895
91898
91899
91900
91902
91903
91904
91912
91916
91920
91924
91925
91926
91934
91935
91936
91937
91938
91942
91944
91945
91946
91948
91952
91953
91954
91955
91958
91959
91963
91964
91965
91967
91969
91970
91972
91973
91975
91977
91979
91984
91985
91988
91990
91991
91995
91996
92000
92001
92002
92003
92011
92015
92016
92017
92018
92019
92020
92026
92032
92034
92035
92036
92037
92038
92042
92047
92048
92051
92052
92055
92056
92057
92058
92059
92061
92062
92063
92064
92066
92067
92068
92070
92072
92083
92085
92086
92087
92088
92089
92091
92097
92099
92100
92102
92105
92109
92113
92115
92116
92117
92119
92123
92131
92132
92133
92141
92145
92147
92149
92158
92160
92162
92167
92169
92170
92172
92173
92176
92181
92182
92185
92188
92189
92190
92196
92198
92204
92205
92206
92207
92208
92213
92217
92219
92221
92222
92223
92225
92228
92230
92234
92235
92238
92239
92243
92245
92247
92248
92251
92255
92258
92259
92261
92268
92269
92274
92275
92278
92281
92282
92283
92284
92285
92287
92289
92290
92297
92298
92301
92303
92305
92306
92308
92309
92310
92311
92318
92320
92324
92325
92326
92331
92332
92335
92338
92346
92347
92349
92351
92352
92354
92355
92357
92358
92363
92365
92368
92370
92373
92375
92376
92382
92383
92384
92385
92386
92387
92392
92399
92400
92401
92402
92404
92406
92409
92410
92411
92413
92414
92416
92417
92419
92420
92421
92423
92425
92430
92432
92436
92437
92441
92444
92446
92447
92448
92450
92452
92453
92457
92459
92462
92463
92466
92469
92471
92473
92474
92475
92476
92480
92481
92485
92490
92492
92496
92497
92500
92504
92506
92507
92508
92512
92513
92516
92517
92520
92523
92524
92525
92527
92529
92531
92534
92536
92542
92544
92547
92550
92551
92556
92565
92566
92567
92569
92577
92585
92590
92595
92598
92599
92600
92606
92608
92609
92611
92612
92616
92621
92623
92624
92627
92628
92629
92632
92633
92634
92636
92640
92641
92649
92650
92652
92654
92659
92660
92661
92665
92666
92668
92669
92671
92672
92678
92681
92682
92685
92686
92687
92688
92692
92694
92698
92699
92700
92706
92707
92714
92716
92718
92719
92723
92731
92732
92739
92741
92742
92744
92745
92747
92749
92754
92755
92761
92765
92766
92768
92769
92773
92775
92782
92783
92786
92787
92788
92789
92791
92796
92798
92801
92803
92808
92812
92814
92816
92817
92819
92820
92823
92824
92829
92831
92837
92838
92841
92845
92846
92848
92850
92852
92855
92856
92858
92859
92863
92864
92866
92868
92869
92872
92873
92877
92879
92880
92881
92884
92889
92891
92893
92895
92897
92899
92900
92904
92905
92906
92908
92911
92912
92914
92916
92924
92927
92929
92930
92933
92934
92936
92937
92938
92943
92949
92950
92956
92958
92959
92960
92966
92967
92970
92976
92980
92983
92984
92985
92986
92987
92988
92989
92990
92991
92993
92995
92998
93002
93003
93006
93008
93009
93010
93011
93018
93021
93025
93027
93029
93035
93038
93039
93040
93041
93042
93045
93046
93047
93048
93051
93056
93061
93065
93066
93067
93075
93076
93078
93079
93080
93082
93088
93094
93096
93098
93099
93100
93105
93109
93114
93115
93116
93125
93126
93131
93132
93133
93135
93138
93140
93141
93142
93147
93150
93152
93154
93155
93158
93160
93168
93175
93176
93178
93180
93181
93182
93188
93190
93192
93196
93199
93201
93205
93206
93207
93208
93209
93210
93212
93215
93217
93218
93219
93222
93223
93225
93226
93228
93229
93230
93231
93234
93237
93238
93239
93240
93241
93242
93244
93249
93250
93253
93254
93257
93258
93260
93262
93263
93264
93277
93278
93279
93280
93284
93286
93288
93291
93294
93296
93300
93302
93303
93304
93306
93307
93313
93317
93319
93331
93336
93340
93347
93350
93352
93354
93355
93356
93357
93360
93362
93364
93366
93367
93368
93371
93373
93374
93378
93380
93381
93382
93385
93388
93392
93395
93397
93400
93401
93403
93406
93412
93413
93416
93418
93420
93427
93428
93431
93435
93437
93441
93442
93444
93451
93452
93457
93458
93460
93462
93464
93465
93466
93467
93470
93472
93473
93476
93478
93480
93483
93487
93488
93489
93490
93491
93494
93495
93496
93498
93500
93503
93504
93506
93509
93510
93512
93516
93517
93519
93527
93528
93537
93538
93539
93540
93550
93551
93553
93557
93558
93560
93563
93566
93568
93569
93570
93571
93573
93574
93577
93578
93583
93584
93586
93588
93592
93593
93596
93597
93600
93602
93605
93612
93615
93618
93620
93625
93626
93627
93632
93635
93637
93639
93640
93641
93643
93644
93648
93651
93658
93659
93661
93662
93666
93667
93668
93670
93673
93676
93677
93679
93681
93682
93684
93686
93687
93690
93692
93695
93696
93698
93708
93710
93714
93716
93717
93718
93720
93721
93725
93727
93729
93736
93737
93738
93750
93753
93755
93761
93762
93766
93769
93770
93772
93774
93776
93778
93781
93782
93784
93793
93794
93799
93800
93802
93803
93804
93807
93808
93811
93814
93817
93818
93819
93822
93823
93826
93829
93832
93834
93835
93838
93839
93842
93846
93847
93852
93853
93854
93859
93861
93864
93870
93872
93873
93874
93875
93879
93888
93890
93892
93902
93907
93910
93911
93915
93918
93919
93922
93923
93925
93926
93927
93935
93938
93939
93940
93941
93944
93945
93946
93947
93948
93950
93951
93953
93954
93956
93958
93967
93969
93975
93977
93979
93990
93991
93992
93995
93997
93998
94003
94008
94010
94016
94020
94023
94029
94030
94031
94034
94036
94037
94041
94042
94043
94045
94048
94050
94054
94055
94056
94059
94061
94062
94065
94067
94070
94072
94074
94077
94079
94081
94084
94089
94091
94095
94096
94097
94098
94102
94106
94108
94115
94116
94117
94118
94119
94120
94123
94124
94125
94128
94130
94141
94142
94143
94144
94147
94150
94152
94153
94158
94161
94162
94167
94168
94170
94171
94172
94173
94174
94177
94179
94180
94181
94192
94194
94195
94199
94200
94201
94202
94204
94212
94214
94216
94218
94219
94220
94222
94228
94232
94233
94236
94239
94240
94243
94244
94246
94247
94251
94253
94257
94260
94262
94264
94265
94266
94267
94268
94269
94275
94277
94280
94281
94282
94288
94290
94291
94293
94295
94296
94298
94300
94303
94306
94309
94310
94314
94315
94316
94325
94327
94330
94331
94332
94334
94339
94340
94341
94344
94346
94348
94352
94353
94357
94362
94364
94367
94369
94370
94372
94374
94376
94377
94383
94386
94387
94388
94389
94390
94391
94396
94397
94398
94402
94405
94407
94409
94410
94411
94416
94417
94418
94419
94420
94421
94423
94424
94425
94427
94429
94431
94434
94435
94438
94443
94444
94445
94448
94455
94456
94457
94458
94461
94468
94469
94470
94473
94474
94477
94479
94481
94482
94484
94486
94487
94488
94493
94495
94498
94499
94500
94504
94506
94508
94509
94510
94514
94516
94517
94518
94520
94522
94524
94526
94530
94534
94535
94536
94539
94542
94543
94547
94551
94556
94557
94561
94563
94566
94568
94576
94577
94579
94582
94583
94584
94585
94586
94592
94594
94595
94600
94601
94602
94608
94609
94617
94625
94627
94630
94636
94640
94642
94646
94649
94653
94655
94656
94657
94659
94660
94663
94664
94665
94666
94667
94670
94671
94673
94674
94684
94686
94687
94689
94691
94693
94698
94701
94702
94704
94706
94709
94712
94713
94717
94719
94721
94723
94724
94730
94733
94736
94744
94746
94747
94748
94749
94750
94751
94753
94757
94758
94760
94772
94774
94775
94776
94779
94782
94783
94784
94785
94789
94791
94792
94793
94794
94796
94800
94802
94805
94806
94810
94813
94814
94817
94819
94821
94822
94826
94829
94831
94832
94834
94836
94838
94840
94841
94842
94844
94849
94851
94853
94854
94855
94857
94858
94860
94863
94867
94868
94869
94870
94876
94878
94885
94886
94887
94888
94889
94892
94893
94894
94895
94896
94897
94901
94902
94905
94908
94909
94911
94912
94914
94915
94920
94921
94922
94932
94935
94937
94943
94946
94949
94952
94955
94959
94960
94961
94963
94964
94966
94967
94969
94979
94981
94986
94989
94990
94994
94995
94997
95000
95012
95013
95015
95016
95020
95023
95024
95031
95033
95035
95040
95049
95051
95055
95057
95058
95059
95063
95067
95074
95076
95077
95078
95079
95083
95085
95090
95091
95092
95093
95094
95095
95101
95103
95108
95109
95110
95117
95118
95119
95120
95124
95125
95126
95127
95130
95131
95133
95136
95138
95139
95140
95148
95149
95150
95155
95156
95157
95158
95160
95162
95168
95169
95171
95172
95174
95178
95180
95186
95187
95190
95195
95196
95203
95204
95206
95214
95217
95220
95222
95224
95225
95227
95228
95233
95239
95241
95246
95250
95253
95257
95259
95260
95261
95267
95269
95270
95271
95273
95274
95276
95281
95282
95283
95284
95286
95287
95288
95289
95291
95295
95304
95305
95306
95314
95320
95321
95322
95329
95337
95339
95344
95352
95353
95355
95356
95358
95364
95366
95368
95369
95371
95374
95378
95380
95382
95383
95386
95389
95390
95393
95394
95397
95399
95401
95403
95407
95414
95418
95419
95420
95425
95429
95433
95434
95435
95436
95438
95441
95442
95444
95445
95446
95452
95454
95455
95456
95458
95459
95461
95463
95467
95469
95472
95479
95483
95484
95489
95491
95492
95493
95496
95508
95509
95511
95512
95521
95523
95524
95527
95528
95529
95530
95531
95533
95536
95537
95541
95542
95545
95550
95558
95564
95565
95571
95577
95578
95582
95586
95589
95591
95592
95593
95594
95595
95597
95598
95600
95605
95607
95609
95610
95613
95616
95618
95620
95621
95622
95623
95625
95627
95628
95629
95632
95633
95634
95643
95644
95646
95648
95649
95650
95651
95652
95654
95655
95657
95658
95659
95660
95661
95663
95666
95668
95669
95672
95674
95675
95676
95678
95680
95683
95684
95685
95686
95687
95688
95691
95692
95693
95694
95695
95696
95698
95699
95701
95703
95707
95708
95716
95718
95723
95726
95727
95729
95730
95732
95733
95735
95737
95741
95743
95744
95745
95753
95756
95758
95760
95767
95777
95781
95783
95784
95785
95786
95788
95797
95800
95801
95802
95803
95804
95805
95807
95809
95810
95812
95814
95815
95816
95819
95821
95824
95827
95828
95830
95834
95836
95839
95840
95841
95849
95853
95856
95861
95862
95863
95865
95872
95879
95887
95889
95890
95892
95895
95896
95904
95905
95908
95909
95910
95911
95915
95920
95922
95926
95931
95933
95940
95941
95944
95945
95947
95948
95955
95957
95958
95960
95966
95967
95970
95972
95973
95976
95977
95978
95981
95983
95987
95988
95990
95991
95992
95993
95995
95996
95999
96000
96001
96004
96006
96007
96011
96012
96013
96016
96020
96024
96027
96029
96030
96031
96033
96035
96037
96038
96039
96045
96049
96050
96052
96053
96054
96058
96059
96060
96063
96064
96066
96072
96073
96074
96077
96082
96083
96085
96086
96087
96090
96093
96094
96095
96103
96104
96107
96112
96113
96117
96127
96131
96133
96135
96136
96138
96140
96141
96143
96145
96146
96147
96148
96149
96150
96152
96153
96156
96160
96161
96162
96163
96164
96165
96167
96170
96171
96173
96174
96180
96188
96195
96197
96202
96207
96208
96210
96212
96217
96218
96220
96225
96228
96231
96233
96236
96237
96240
96245
96246
96263
96264
96269
96275
96278
96280
96281
96284
96287
96288
96290
96291
96293
96294
96295
96297
96299
96305
96307
96310
96311
96316
96318
96321
96322
96324
96328
96332
96335
96338
96341
96350
96354
96358
96361
96363
96364
96366
96368
96372
96373
96374
96378
96381
96382
96384
96385
96386
96391
96393
96395
96396
96397
96398
96402
96413
96415
96419
96426
96430
96433
96437
96438
96439
96446
96447
96448
96455
96458
96461
96462
96463
96468
96469
96472
96473
96474
96475
96477
96480
96482
96484
96485
96486
96488
96489
96491
96493
96494
96495
96496
96498
96499
96501
96502
96503
96504
96508
96514
96515
96517
96518
96521
96522
96523
96524
96526
96527
96531
96532
96533
96534
96536
96537
96539
96547
96548
96549
96550
96554
96556
96557
96559
96563
96564
96565
96566
96570
96576
96577
96578
96581
96582
96583
96589
96592
96594
96595
96596
96599
96601
96603
96608
96610
96614
96615
96616
96619
96620
96621
96624
96632
96634
96635
96639
96641
96648
96649
96654
96656
96660
96661
96664
96665
96667
96668
96671
96681
96684
96686
96688
96689
96692
96697
96699
96700
96701
96703
96705
96710
96713
96714
96715
96716
96721
96723
96727
96728
96734
96737
96739
96740
96741
96742
96743
96744
96745
96747
96752
96753
96762
96766
96770
96771
96773
96776
96778
96779
96780
96783
96785
96786
96788
96791
96795
96796
96797
96800
96801
96802
96803
96804
96805
96807
96814
96819
96822
96823
96826
96827
96828
96829
96830
96832
96836
96837
96838
96839
96840
96843
96847
96849
96850
96851
96852
96853
96855
96856
96857
96865
96869
96872
96873
96874
96877
96881
96882
96883
96886
96887
96891
96899
96903
96905
96906
96908
96910
96911
96913
96918
96919
96920
96922
96923
96924
96925
96927
96929
96930
96931
96935
96939
96941
96946
96948
96950
96960
96961
96963
96964
96966
96967
96970
96973
96974
96977
96983
96985
96988
96994
97000
97001
97007
97008
97009
97013
97014
97015
97016
97017
97020
97021
97030
97036
97040
97043
97046
97047
97048
97049
97055
97059
97060
97062
97065
97068
97069
97071
97073
97074
97075
97077
97085
97088
97089
97090
97094
97095
97097
97098
97099
97102
97104
97106
97108
97109
97110
97111
97112
97113
97114
97115
97117
97118
97120
97121
97122
97127
97130
97137
97138
97141
97143
97150
97153
97161
97163
97164
97165
97166
97168
97173
97176
97182
97186
97187
97189
97191
97192
97193
97194
97198
97200
97202
97204
97206
97207
97208
97216
97218
97219
97224
97225
97226
97227
97229
97230
97231
97233
97236
97237
97240
97242
97245
97250
97251
97253
97255
97257
97258
97259
97260
97262
97265
97267
97271
97274
97275
97276
97281
97284
97286
97287
97288
97290
97291
97292
97293
97294
97296
97301
97311
97315
97316
97317
97324
97326
97327
97328
97330
97332
97333
97340
97342
97343
97347
97348
97351
97354
97358
97360
97361
97362
97366
97369
97375
97377
97379
97380
97385
97386
97387
97388
97389
97392
97394
97398
97399
97400
97402
97409
97410
97412
97413
97415
97417
97419
97422
97425
97427
97431
97433
97436
97438
97443
97444
97446
97447
97448
97450
97457
97459
97460
97461
97462
97465
97467
97469
97470
97471
97472
97477
97484
97488
97495
97497
97503
97506
97508
97511
97512
97513
97517
97520
97521
97523
97524
97528
97529
97530
97532
97534
97537
97540
97542
97545
97546
97547
97554
97556
97557
97558
97562
97563
97565
97578
97579
97580
97587
97592
97595
97598
97600
97605
97607
97620
97625
97626
97627
97629
97631
97635
97636
97639
97643
97645
97647
97648
97649
97650
97652
97654
97655
97658
97659
97661
97667
97669
97671
97675
97676
97677
97678
97680
97683
97686
97687
97688
97689
97690
97697
97698
97699
97703
97708
97711
97714
97717
97719
97720
97725
97727
97728
97731
97732
97736
97739
97744
97747
97748
97749
97750
97753
97756
97757
97759
97760
97762
97763
97765
97766
97768
97769
97770
97772
97778
97783
97785
97788
97789
97790
97791
97792
97793
97804
97815
97817
97819
97820
97821
97822
97827
97832
97833
97834
97840
97843
97845
97848
97849
97850
97852
97854
97855
97856
97859
97861
97867
97870
97871
97872
97873
97875
97878
97880
97882
97887
97889
97892
97893
97901
97903
97906
97908
97915
97916
97917
97919
97921
97924
97925
97926
97927
97928
97930
97931
97934
97937
97938
97944
97946
97948
97951
97953
97960
97963
97966
97969
97970
97976
97979
97980
97985
97991
97992
97995
98003
98005
98007
98008
98016
98017
98020
98025
98026
98030
98035
98036
98037
98038
98045
98046
98049
98051
98053
98055
98058
98060
98062
98063
98069
98074
98076
98077
98078
98079
98081
98083
98084
98090
98091
98098
98099
98101
98104
98108
98109
98111
98112
98113
98118
98119
98121
98123
98125
98126
98133
98134
98144
98146
98147
98154
98156
98157
98158
98164
98165
98169
98173
98181
98182
98189
98190
98191
98193
98200
98202
98206
98207
98214
98216
98217
98218
98221
98222
98223
98224
98227
98233
98234
98235
98237
98251
98253
98254
98257
98258
98268
98269
98270
98271
98274
98275
98281
98282
98285
98288
98289
98290
98291
98292
98296
98298
98299
98300
98302
98308
98309
98310
98311
98312
98313
98314
98315
98316
98319
98323
98324
98328
98330
98332
98333
98334
98338
98339
98341
98343
98347
98352
98357
98358
98359
98361
98363
98364
98365
98366
98367
98370
98371
98372
98373
98375
98376
98379
98382
98383
98385
98388
98389
98390
98398
98400
98401
98408
98410
98415
98416
98420
98421
98425
98428
98430
98434
98435
98439
98445
98446
98449
98450
98451
98453
98456
98457
98460
98464
98469
98471
98473
98481
98488
98491
98494
98496
98497
98498
98501
98502
98503
98508
98510
98513
98516
98520
98521
98522
98523
98524
98534
98536
98537
98538
98540
98546
98550
98551
98554
98557
98558
98559
98560
98564
98565
98570
98582
98583
98585
98586
98589
98590
98591
98596
98598
98603
98605
98608
98609
98610
98611
98612
98613
98614
98626
98627
98632
98636
98638
98639
98646
98647
98648
98649
98655
98659
98661
98665
98666
98667
98672
98674
98677
98678
98679
98683
98684
98685
98688
98692
98694
98698
98699
98700
98703
98706
98708
98710
98712
98714
98715
98716
98717
98721
98723
98724
98727
98728
98732
98733
98734
98742
98743
98745
98747
98749
98751
98752
98757
98759
98760
98761
98762
98771
98772
98773
98778
98784
98794
98796
98798
98802
98807
98808
98811
98815
98816
98818
98819
98824
98825
98826
98829
98830
98831
98834
98835
98836
98845
98846
98849
98851
98857
98858
98859
98864
98866
98867
98870
98873
98876
98879
98880
98881
98882
98889
98891
98892
98897
98898
98903
98912
98914
98916
98917
98918
98919
98920
98923
98924
98930
98932
98934
98939
98941
98945
98953
98954
98955
98958
98961
98964
98966
98967
98969
98971
98974
98975
98977
98979
98981
98985
98988
98993
98995
98996
98999
99000
99001
99006
99007
99009
99012
99013
99014
99023
99024
99025
99026
99028
99031
99033
99037
99041
99042
99045
99052
99054
99056
99058
99059
99067
99068
99070
99071
99073
99075
99076
99077
99080
99082
99083
99088
99092
99098
99099
99101
99102
99103
99104
99105
99109
99113
99114
99115
99117
99118
99119
99120
99121
99123
99124
99125
99126
99128
99131
99133
99134
99140
99144
99147
99148
99151
99155
99158
99159
99162
99166
99167
99168
99169
99170
99175
99178
99181
99182
99188
99189
99190
99194
99200
99202
99205
99207
99210
99213
99214
99217
99218
99221
99229
99233
99238
99241
99245
99247
99248
99249
99250
99251
99253
99254
99256
99258
99260
99261
99263
99265
99266
99267
99270
99274
99275
99276
99277
99278
99281
99286
99287
99288
99289
99296
99297
99298
99299
99300
99301
99303
99305
99307
99308
99309
99316
99317
99323
99324
99326
99328
99329
99336
99338
99339
99341
99347
99349
99352
99356
99359
99364
99370
99371
99373
99375
99376
99379
99380
99382
99387
99389
99390
99393
99395
99396
99397
99405
99408
99409
99410
99411
99413
99414
99418
99421
99423
99424
99425
99431
99434
99435
99439
99440
99441
99444
99455
99459
99461
99465
99468
99470
99471
99473
99474
99476
99477
99479
99480
99481
99482
99483
99487
99488
99491
99494
99495
99497
99498
99501
99504
99505
99506
99509
99523
99524
99530
99532
99533
99534
99535
99539
99540
99542
99543
99544
99548
99549
99552
99554
99556
99559
99561
99562
99563
99564
99571
99572
99573
99574
99575
99577
99581
99582
99583
99587
99591
99593
99596
99597
99605
99606
99608
99609
99614
99615
99617
99621
99622
99623
99627
99629
99633
99635
99637
99639
99640
99644
99645
99648
99649
99650
99652
99653
99658
99659
99660
99666
99668
99671
99675
99678
99679
99680
99681
99682
99687
99690
99692
99693
99697
99698
99699
99701
99702
99703
99707
99708
99709
99710
99711
99713
99714
99716
99719
99720
99722
99725
99726
99729
99731
99732
99735
99739
99740
99742
99743
99744
99746
99749
99752
99755
99758
99760
99765
99766
99769
99770
99775
99776
99780
99781
99782
99791
99793
99795
99796
99798
99800
99802
99805
99808
99810
99813
99816
99817
99818
99821
99822
99832
99834
99836
99838
99842
99845
99851
99855
99858
99860
99861
99864
99865
99870
99871
99875
99876
99877
99878
99879
99882
99884
99893
99896
99897
99900
99903
99904
99906
99907
99910
99913
99915
99921
99924
99925
99927
99931
99933
99934
99937
99940
99942
99944
99945
99947
99950
99955
99957
99958
99959
99961
99963
99967
99969
99970
99971
99972
99975
99977
99980
99983
99993
99994
99998
100002
100003
100005
100009
100011
100018
100020
100021
100023
100024
100027
100029
100030
100033
100034
100037
100040
100045
100046
100048
100051
100053
100055
100057
100058
100061
100063
100064
100068
100069
100070
100074
100076
100078
100079
100080
100082
100083
100084
100085
100086
100088
100092
100093
100094
100096
100097
100103
100105
100110
100111
100119
100120
100122
100123
100124
100126
100128
100134
100140
100142
100145
100146
100149
100150
100151
100157
100160
100161
100162
100164
100165
100167
100168
100169
100171
100174
100175
100176
100177
100178
100181
100183
100184
100185
100189
100191
100194
100195
100198
100202
100207
100209
100210
100216
100217
100223
100227
100228
100231
100232
100239
100240
100242
100247
100249
100250
100257
100258
100261
100263
100266
100268
100269
100270
100277
100278
100282
100283
100284
100285
100286
100288
100291
100294
100299
100300
100306
100316
100317
100325
100328
100329
100333
100339
100340
100341
100342
100345
100348
100354
100355
100358
100360
100361
100362
100363
100366
100368
100369
100370
100371
100372
100376
100379
100387
100390
100398
100399
100400
100403
100404
100412
100417
100418
100420
100425
100426
100428
100430
100431
100433
100434
100435
100436
100437
100438
100440
100448
100450
100451
100452
100453
100455
100457
100459
100460
100461
100462
100463
100465
100467
100471
100475
100480
100485
100490
100491
100492
100498
100503
100504
100505
100509
100513
100519
100520
100521
100523
100525
100527
100528
100530
100531
100534
100535
100538
100539
100543
100545
100546
100552
100554
100556
100557
100560
100565
100570
100572
100577
100578
100581
100588
100590
100598
100600
100601
100602
100604
100607
100608
100612
100613
100614
100615
100616
100618
100622
100626
100629
100630
100631
100632
100633
100634
100635
100637
100638
100641
100643
100644
100645
100649
100650
100652
100654
100658
100662
100663
100664
100665
100670
100673
100677
100678
100679
100681
100682
100683
100685
100686
100689
100690
100694
100696
100697
100699
100700
100702
100703
100706
100707
100708
100717
100718
100720
100725
100726
100727
100729
100731
100732
100733
100735
100736
100738
100741
100742
100743
100744
100747
100749
100750
100751
100752
100758
100759
100761
100762
100766
100767
100769
100774
100776
100782
100785
100789
100790
100791
100792
100793
100794
100796
100797
100798
100801
100802
100803
100805
100807
100810
100812
100813
100818
100819
100820
100825
100826
100827
100833
100834
100842
100844
100845
100846
100847
100850
100851
100853
100854
100855
100860
100863
100866
100867
100871
100881
100886
100889
100890
100892
100895
100898
100900
100902
100903
100904
100906
100909
100914
100915
100917
100920
100921
100922
100928
100929
100931
100932
100934
100937
100940
100941
100944
100951
100956
100960
100962
100963
100964
100965
100969
100972
100973
100974
100975
100978
100984
100986
100988
100990
100993
100994
101001
101004
101005
101008
101009
101010
101011
101012
101016
101017
101020
101026
101030
101031
101034
101038
101042
101048
101055
101056
101059
101060
101062
101063
101065
101073
101074
101078
101080
101081
101082
101083
101084
101090
101092
101095
101099
101100
101103
101104
101105
101106
101107
101108
101109
101113
101114
101116
101117
101118
101120
101126
101135
101136
101137
101139
101147
101150
101151
101161
101164
101169
101173
101174
101175
101176
101178
101182
101185
101189
101190
101191
101195
101197
101198
101200
101204
101209
101211
101216
101219
101223
101226
101227
101228
101229
101230
101231
101232
101233
101238
101239
101240
101241
101242
101246
101248
101250
101251
101252
101253
101254
101256
101258
101259
101263
101265
101266
101268
101273
101274
101276
101277
101278
101279
101280
101283
101284
101289
101290
101292
101294
101299
101300
101303
101305
101306
101307
101308
101309
101310
101316
101318
101319
101320
101325
101331
101334
101336
101337
101340
101342
101345
101346
101347
101348
101349
101350
101351
101358
101363
101365
101367
101368
101373
101375
101376
101377
101387
101389
101392
101393
101395
101397
101398
101407
101408
101410
101411
101412
101418
101420
101424
101427
101428
101432
101433
101434
101436
101438
101441
101446
101447
101448
101449
101450
101451
101453
101457
101458
101459
101460
101465
101467
101468
101470
101474
101477
101482
101483
101484
101486
101489
101490
101491
101492
101493
101496
101497
101499
101503
101504
101505
101507
101511
101512
101513
101520
101522
101527
101528
101529
101531
101533
101536
101539
101540
101541
101545
101547
101552
101556
101559
101560
101565
101566
101569
101575
101576
101581
101582
101583
101585
101586
101589
101590
101593
101595
101596
101603
101607
101610
101612
101614
101615
101616
101619
101620
101622
101623
101625
101626
101627
101628
101630
101635
101639
101641
101642
101645
101646
101650
101651
101652
101654
101656
101657
101661
101663
101664
101665
101666
101669
101674
101676
101682
101684
101685
101689
101695
101696
101698
101699
101700
101702
101704
101705
101708
101714
101715
101716
101720
101727
101728
101731
101738
101743
101744
101747
101748
101751
101752
101753
101755
101756
101760
101761
101763
101766
101767
101771
101774
101776
101778
101780
101786
101787
101789
101793
101794
101797
101799
101802
101803
101807
101809
101812
101813
101814
101815
101816
101817
101820
101822
101824
101831
101834
101836
101839
101842
101843
101850
101853
101854
101859
101865
101870
101871
101879
101880
101884
101887
101890
101892
101893
101895
101896
101897
101898
101904
101906
101907
101911
101913
101915
101916
101919
101921
101924
101925
101927
101929
101931
101932
101933
101934
101936
101937
101938
101942
101945
101947
101948
101951
101952
101955
101958
101959
101961
101962
101964
101966
101968
101970
101972
101974
101977
101979
101983
101984
101985
101988
101990
101991
101992
101993
101998
101999
102001
102002
102003
102007
102009
102012
102014
102015
102020
102021
102022
102026
102029
102031
102035
102036
102038
102039
102043
102045
102048
102049
102051
102052
102054
102055
102057
102060
102061
102070
102071
102073
102074
102078
102079
102081
102082
102085
102086
102091
102095
102100
102101
102102
102104
102107
102108
102117
102121
102126
102128
102131
102136
102138
102142
102144
102149
102150
102153
102154
102156
102157
102159
102170
102173
102175
102176
102177
102178
102181
102182
102184
102186
102187
102188
102194
102195
102198
102201
102202
102204
102205
102206
102208
102213
102214
102221
102223
102224
102226
102227
102228
102229
102237
102238
102240
102242
102243
102244
102247
102249
102250
102251
102252
102254
102257
102258
102260
102261
102263
102264
102266
102273
102274
102275
102280
102283
102285
102287
102289
102290
102297
102298
102304
102306
102308
102323
102325
102327
102333
102336
102349
102351
102353
102355
102359
102360
102364
102365
102367
102373
102374
102377
102378
102379
102380
102383
102384
102385
102387
102392
102393
102394
102396
102397
102398
102399
102400
102406
102408
102410
102411
102415
102419
102420
102422
102423
102427
102428
102429
102431
102433
102435
102436
102438
102440
102442
102444
102445
102447
102451
102452
102454
102458
102459
102461
102462
102463
102465
102477
102478
102480
102484
102485
102487
102488
102489
102493
102494
102496
102499
102500
102503
102505
102506
102508
102510
102511
102518
102522
102524
102525
102526
102527
102528
102530
102532
102533
102535
102537
102540
102542
102545
102546
102554
102556
102558
102559
102560
102562
102565
102566
102567
102568
102570
102571
102577
102580
102581
102582
102585
102586
102590
102592
102593
102594
102596
102598
102601
102602
102603
102607
102608
102610
102616
102619
102621
102624
102625
102629
102630
102632
102635
102640
102641
102643
102644
102645
102649
102650
102651
102658
102659
102662
102669
102670
102671
102673
102677
102679
102680
102683
102684
102694
102695
102697
102702
102706
102707
102713
102715
102717
102720
102726
102728
102731
102732
102733
102737
102743
102746
102751
102752
102754
102758
102759
102761
102765
102771
102774
102778
102782
102785
102787
102790
102794
102795
102798
102800
102802
102803
102804
102807
102808
102809
102817
102821
102824
102828
102829
102832
102833
102838
102839
102844
102848
102850
102851
102852
102854
102857
102861
102866
102868
102875
102877
102878
102880
102883
102884
102885
102887
102891
102892
102893
102895
102896
102898
102899
102902
102903
102904
102906
102907
102913
102916
102917
102924
102926
102927
102929
102930
102931
102934
102940
102941
102943
102945
102950
102954
102956
102957
102958
102960
102962
102964
102965
102970
102972
102976
102977
102979
102985
102989
102994
103001
103002
103004
103006
103008
103010
103011
103012
103013
103014
103015
103017
103021
103026
103032
103033
103035
103039
103041
103043
103044
103045
103047
103048
103051
103053
103055
103057
103058
103060
103061
103063
103064
103065
103066
103067
103068
103074
103077
103084
103087
103093
103095
103098
103100
103102
103103
103107
103108
103109
103111
103112
103113
103115
103116
103118
103119
103124
103125
103126
103127
103128
103131
103137
103138
103139
103144
103145
103146
103148
103150
103151
103152
103153
103161
103162
103164
103165
103169
103170
103172
103177
103179
103186
103189
103192
103197
103202
103203
103205
103209
103211
103213
103215
103216
103219
103221
103225
103230
103233
103235
103236
103237
103238
103240
103241
103245
103247
103251
103255
103256
103258
103265
103274
103275
103282
103288
103292
103295
103296
103298
103299
103306
103309
103310
103312
103315
103318
103321
103322
103325
103328
103331
103340
103343
103344
103346
103348
103350
103351
103352
103355
103356
103359
103361
103362
103363
103364
103365
103369
103370
103373
103376
103379
103383
103386
103389
103392
103394
103395
103396
103397
103402
103406
103410
103411
103412
103413
103416
103420
103421
103422
103423
103425
103427
103428
103429
103434
103435
103436
103437
103440
103445
103450
103451
103452
103453
103456
103457
103465
103467
103468
103469
103472
103475
103477
103479
103485
103487
103488
103491
103492
103493
103495
103496
103497
103499
103502
103504
103505
103510
103512
103514
103518
103520
103521
103524
103527
103533
103539
103541
103543
103545
103548
103549
103551
103552
103553
103554
103559
103560
103566
103569
103570
103571
103572
103573
103581
103583
103584
103585
103586
103588
103590
103591
103594
103598
103601
103602
103603
103604
103606
103607
103609
103610
103611
103612
103614
103615
103616
103618
103620
103621
103622
103623
103625
103633
103635
103639
103643
103644
103645
103649
103650
103651
103653
103656
103658
103660
103665
103666
103667
103669
103675
103676
103677
103684
103686
103690
103694
103698
103699
103700
103709
103710
103711
103712
103714
103715
103719
103724
103726
103728
103731
103732
103734
103735
103738
103740
103742
103745
103746
103747
103752
103755
103757
103758
103760
103761
103762
103764
103765
103772
103777
103779
103780
103783
103784
103785
103789
103791
103794
103795
103797
103799
103802
103803
103805
103808
103813
103815
103816
103820
103821
103827
103828
103831
103833
103837
103839
103841
103844
103847
103848
103849
103850
103852
103853
103855
103856
103859
103868
103872
103877
103888
103889
103890
103891
103894
103897
103898
103902
103903
103904
103905
103906
103907
103908
103912
103913
103915
103921
103922
103923
103924
103926
103928
103929
103931
103933
103936
103939
103942
103943
103946
103952
103953
103955
103957
103959
103960
103961
103962
103964
103965
103967
103969
103971
103974
103975
103977
103978
103981
103982
103985
103987
103989
103990
103994
103995
103998
103999
104000
104001
104006
104009
104010
104018
104025
104026
104030
104031
104039
104044
104045
104049
104052
104053
104062
104063
104067
104068
104070
104073
104077
104081
104085
104088
104090
104091
104093
104094
104095
104096
104098
104099
104103
104104
104105
104106
104108
104109
104110
104111
104112
104113
104117
104119
104120
104122
104127
104130
104131
104133
104134
104135
104138
104139
104142
104145
104147
104152
104153
104156
104164
104166
104167
104169
104175
104179
104183
104184
104185
104186
104189
104190
104195
104196
104198
104199
104201
104202
104203
104205
104206
104207
104211
104212
104219
104221
104222
104224
104225
104228
104230
104239
104241
104243
104244
104246
104247
104249
104254
104255
104257
104259
104271
104276
104279
104281
104282
104286
104291
104292
104293
104294
104295
104300
104302
104306
104307
104309
104310
104312
104314
104317
104318
104319
104320
104322
104324
104330
104332
104335
104338
104340
104345
104346
104351
104353
104354
104355
104359
104361
104362
104363
104368
104370
104373
104377
104380
104381
104384
104386
104388
104395
104404
104408
104412
104413
104414
104416
104418
104420
104422
104423
104424
104425
104427
104431
104434
104435
104436
104437
104439
104440
104441
104442
104444
104445
104449
104461
104465
104466
104467
104469
104470
104474
104476
104482
104486
104488
104491
104493
104494
104496
104498
104500
104501
104502
104504
104506
104508
104509
104511
104512
104514
104518
104519
104522
104523
104532
104535
104536
104540
104542
104544
104545
104549
104551
104553
104554
104556
104557
104564
104568
104569
104570
104572
104573
104575
104576
104579
104582
104585
104588
104591
104592
104594
104595
104596
104598
104599
104605
104607
104608
104612
104614
104616
104619
104622
104623
104626
104630
104636
104638
104639
104640
104641
104642
104648
104652
104653
104654
104655
104661
104662
104663
104664
104669
104671
104677
104678
104682
104683
104684
104686
104687
104688
104689
104690
104693
104695
104697
104699
104700
104701
104703
104704
104705
104706
104708
104711
104714
104716
104717
104719
104721
104729
104730
104738
104741
104742
104743
104745
104748
104749
104752
104753
104754
104755
104758
104760
104761
104765
104768
104771
104773
104774
104775
104777
104778
104780
104781
104785
104789
104793
104794
104797
104798
104800
104803
104807
104808
104812
104813
104814
104818
104821
104823
104825
104826
104832
104833
104834
104840
104842
104843
104847
104849
104854
104858
104860
104864
104866
104869
104871
104873
104874
104877
104878
104879
104880
104881
104883
104884
104885
104886
104888
104889
104893
104896
104897
104900
104901
104904
104906
104907
104908
104912
104916
104920
104925
104929
104931
104933
104936
104937
104938
104941
104942
104943
104944
104945
104946
104952
104960
104967
104969
104972
104973
104974
104976
104978
104983
104987
104989
104992
104993
104996
104998
105000
105004
105007
105008
105011
105012
105015
105018
105020
105026
105027
105030
105033
105035
105036
105037
105039
105040
105041
105042
105043
105046
105047
105048
105049
105050
105051
105054
105063
105067
105070
105072
105075
105078
105088
105089
105090
105094
105096
105099
105101
105104
105106
105107
105111
105112
105114
105115
105125
105130
105133
105135
105138
105140
105143
105144
105145
105146
105150
105151
105156
105158
105160
105161
105164
105166
105168
105170
105172
105173
105174
105176
105185
105191
105193
105194
105195
105196
105197
105199
105200
105202
105204
105210
105212
105213
105216
105220
105223
105225
105226
105227
105231
105233
105236
105244
105246
105248
105250
105251
105252
105258
105265
105266
105267
105269
105271
105273
105284
105286
105287
105289
105297
105298
105299
105305
105310
105311
105313
105314
105316
105317
105319
105322
105327
105329
105331
105337
105338
105339
105343
105347
105348
105351
105355
105356
105357
105358
105359
105362
105363
105365
105366
105370
105372
105373
105374
105376
105378
105384
105385
105386
105390
105393
105394
105397
105403
105405
105409
105410
105412
105417
105422
105423
105425
105427
105429
105431
105434
105436
105438
105439
105442
105444
105445
105446
105454
105458
105463
105465
105468
105469
105470
105476
105477
105478
105480
105486
105487
105488
105490
105491
105493
105495
105496
105499
105508
105510
105511
105512
105515
105517
105524
105526
105528
105529
105530
105532
105535
105537
105540
105541
105542
105544
105545
105547
105549
105550
105554
105557
105561
105564
105565
105570
105572
105573
105574
105576
105578
105581
105582
105584
105585
105591
105592
105593
105596
105599
105601
105602
105606
105609
105616
105617
105618
105620
105621
105624
105630
105632
105634
105638
105639
105642
105643
105644
105645
105648
105649
105655
105656
105658
105665
105666
105667
105672
105673
105674
105683
105685
105687
105688
105692
105693
105695
105696
105700
105703
105704
105707
105708
105709
105710
105711
105714
105715
105717
105720
105722
105723
105725
105726
105727
105728
105732
105733
105734
105735
105738
105740
105741
105742
105749
105754
105755
105757
105758
105761
105763
105765
105766
105768
105773
105775
105777
105779
105780
105783
105785
105791
105792
105793
105798
105800
105802
105804
105806
105808
105810
105811
105813
105814
105816
105818
105827
105832
105834
105835
105837
105839
105841
105842
105843
105844
105845
105846
105847
105849
105853
105857
105860
105861
105864
105865
105872
105874
105880
105881
105882
105884
105886
105890
105894
105899
105901
105904
105905
105908
105912
105913
105915
105917
105918
105921
105924
105925
105928
105930
105933
105936
105939
105940
105941
105942
105944
105959
105961
105964
105966
105969
105974
105975
105976
105978
105982
105984
105985
105988
105989
105991
105992
105993
105998
105999
106000
106002
106003
106004
106005
106006
106012
106016
106017
106018
106019
106021
106022
106023
106025
106029
106030
106033
106035
106036
106037
106038
106041
106043
106045
106048
106052
106056
106058
106063
106068
106069
106070
106071
106072
106073
106076
106077
106078
106080
106081
106084
106094
106096
106098
106099
106102
106104
106108
106109
106111
106113
106114
106116
106118
106127
106130
106132
106141
106144
106145
106148
106149
106150
106151
106152
106159
106162
106164
106165
106171
106172
106175
106185
106186
106187
106189
106192
106193
106196
106197
106199
106207
106210
106213
106215
106223
106225
106230
106231
106232
106234
106237
106238
106243
106244
106254
106256
106257
106260
106268
106276
106277
106280
106285
106287
106289
106291
106294
106295
106297
106298
106300
106301
106304
106307
106308
106311
106316
106318
106319
106320
106323
106324
106326
106327
106328
106329
106335
106338
106339
106341
106342
106343
106346
106347
106354
106356
106358
106359
106360
106362
106364
106367
106368
106369
106371
106373
106380
106381
106386
106389
106390
106392
106394
106396
106400
106402
106403
106407
106408
106410
106411
106413
106414
106417
106423
106428
106434
106435
106438
106451
106453
106456
106457
106461
106463
106465
106466
106467
106470
106471
106472
106475
106478
106481
106484
106487
106488
106492
106498
106501
106504
106505
106509
106511
106513
106515
106518
106522
106524
106525
106526
106527
106528
106529
106531
106533
106536
106541
106549
106554
106555
106557
106562
106566
106568
106570
106571
106573
106575
106577
106578
106580
106581
106582
106583
106584
106585
106586
106588
106589
106595
106596
106598
106599
106600
106601
106604
106608
106611
106613
106627
106628
106629
106638
106639
106641
106644
106647
106652
106655
106656
106657
106658
106659
106662
106665
106667
106670
106672
106676
106681
106684
106685
106687
106691
106692
106694
106695
106701
106704
106705
106707
106708
106709
106714
106716
106717
106718
106721
106726
106728
106729
106730
106731
106732
106734
106736
106737
106738
106740
106741
106742
106752
106754
106759
106761
106762
106763
106765
106769
106772
106774
106775
106776
106780
106781
106782
106783
106786
106793
106795
106797
106801
106804
106806
106807
106810
106813
106814
106816
106819
106821
106825
106826
106827
106828
106829
106830
106837
106839
106840
106842
106846
106847
106850
106852
106853
106857
106858
106859
106860
106863
106866
106867
106873
106874
106879
106885
106890
106891
106893
106895
106898
106901
106903
106904
106906
106908
106913
106916
106918
106919
106921
106922
106923
106924
106927
106928
106930
106935
106936
106938
106941
106942
106943
106944
106949
106951
106957
106960
106962
106966
106967
106975
106978
106984
106986
106988
106989
106990
106991
106992
106993
106994
106996
107000
107002
107006
107007
107009
107013
107022
107023
107025
107026
107030
107031
107033
107034
107036
107040
107044
107045
107047
107051
107054
107057
107058
107059
107060
107065
107066
107069
107073
107074
107075
107076
107079
107083
107085
107086
107087
107088
107089
107093
107095
107100
107103
107106
107108
107109
107110
107112
107119
107130
107131
107132
107133
107140
107141
107142
107143
107144
107146
107148
107149
107154
107157
107159
107162
107164
107166
107167
107168
107176
107177
107178
107182
107183
107186
107188
107189
107190
107193
107194
107195
107198
107205
107206
107207
107214
107215
107218
107219
107220
107222
107226
107229
107233
107234
107236
107237
107238
107241
107250
107251
107252
107253
107258
107260
107262
107264
107269
107270
107271
107273
107274
107276
107277
107279
107281
107282
107283
107286
107287
107289
107293
107294
107298
107300
107302
107305
107306
107307
107308
107309
107311
107312
107314
107315
107316
107318
107319
107320
107321
107322
107323
107324
107325
107327
107329
107331
107332
107333
107335
107339
107340
107341
107344
107345
107346
107348
107350
107351
107353
107354
107355
107360
107366
107368
107369
107370
107377
107378
107379
107380
107381
107382
107384
107387
107388
107391
107392
107393
107395
107396
107398
107399
107406
107408
107410
107412
107420
107421
107422
107427
107429
107430
107431
107438
107440
107442
107443
107444
107448
107451
107452
107455
107456
107458
107459
107460
107465
107471
107472
107474
107475
107477
107480
107484
107487
107488
107489
107495
107499
107500
107505
107506
107507
107512
107513
107514
107516
107520
107521
107522
107525
107527
107528
107530
107532
107542
107545
107547
107549
107550
107552
107558
107561
107562
107563
107566
107568
107570
107572
107584
107594
107595
107596
107597
107600
107602
107607
107619
107627
107630
107631
107639
107643
107647
107648
107651
107655
107658
107661
107662
107663
107667
107669
107670
107671
107672
107673
107675
107676
107680
107684
107686
107687
107688
107691
107700
107703
107704
107705
107722
107723
107724
107725
107729
107732
107737
107748
107753
107756
107759
107761
107766
107769
107770
107771
107779
107781
107782
107785
107786
107789
107793
107794
107797
107799
107801
107802
107803
107806
107807
107808
107809
107811
107812
107813
107818
107822
107825
107831
107832
107835
107837
107840
107845
107848
107849
107850
107851
107853
107860
107861
107862
107866
107870
107873
107875
107881
107882
107884
107885
107887
107888
107890
107891
107893
107894
107901
107903
107904
107914
107916
107925
107926
107928
107929
107933
107934
107935
107937
107938
107941
107942
107943
107944
107948
107949
107950
107952
107957
107959
107965
107967
107968
107970
107973
107976
107977
107979
107983
107985
107986
107987
107988
107991
107994
107997
108001
108003
108004
108005
108007
108014
108017
108022
108025
108026
108027
108030
108032
108040
108041
108046
108047
108050
108053
108054
108055
108056
108060
108063
108066
108077
108083
108085
108086
108091
108092
108094
108099
108101
108104
108106
108107
108108
108112
108116
108117
108119
108124
108126
108127
108133
108134
108136
108137
108139
108141
108143
108146
108147
108154
108156
108157
108159
108163
108166
108169
108171
108178
108183
108184
108187
108189
108191
108202
108204
108206
108207
108208
108210
108212
108216
108225
108231
108232
108235
108236
108238
108241
108243
108248
108249
108250
108251
108253
108255
108257
108259
108264
108267
108270
108271
108272
108273
108275
108277
108279
108280
108282
108288
108296
108298
108303
108304
108305
108307
108308
108309
108310
108311
108313
108315
108318
108320
108321
108323
108324
108327
108329
108331
108333
108334
108335
108336
108339
108341
108342
108343
108346
108348
108349
108350
108352
108355
108356
108357
108366
108367
108368
108373
108374
108375
108376
108379
108382
108386
108393
108394
108398
108399
108401
108402
108404
108405
108406
108413
108414
108415
108416
108417
108418
108425
108426
108428
108430
108431
108433
108434
108435
108437
108442
108444
108449
108450
108451
108454
108456
108457
108461
108463
108468
108469
108472
108476
108477
108479
108480
108484
108487
108489
108491
108493
108494
108500
108502
108505
108506
108513
108514
108515
108516
108517
108522
108525
108528
108529
108530
108532
108534
108535
108537
108538
108542
108544
108551
108552
108555
108556
108558
108559
108564
108566
108567
108570
108572
108573
108576
108587
108590
108594
108599
108600
108601
108608
108609
108613
108614
108617
108619
108624
108625
108626
108627
108628
108630
108631
108632
108635
108636
108637
108638
108640
108642
108645
108651
108657
108659
108661
108664
108666
108671
108674
108679
108680
108684
108685
108688
108689
108690
108691
108692
108693
108699
108701
108705
108706
108710
108712
108719
108720
108721
108723
108724
108730
108731
108734
108736
108750
108752
108753
108754
108755
108761
108762
108763
108766
108767
108768
108774
108776
108782
108784
108786
108788
108791
108795
108796
108797
108802
108806
108807
108814
108817
108824
108825
108826
108827
108828
108831
108832
108834
108836
108838
108840
108844
108845
108846
108851
108852
108853
108854
108856
108863
108864
108865
108869
108871
108874
108877
108879
108880
108884
108885
108886
108890
108891
108893
108894
108896
108897
108899
108903
108906
108907
108908
108909
108910
108914
108916
108917
108920
108923
108924
108926
108927
108928
108931
108932
108934
108935
108939
108942
108948
108952
108953
108955
108958
108961
108962
108964
108968
108969
108974
108975
108980
108981
108993
108994
109001
109005
109006
109008
109009
109011
109013
109017
109020
109023
109024
109025
109026
109028
109031
109032
109035
109036
109038
109040
109041
109044
109047
109048
109049
109051
109052
109055
109056
109057
109061
109062
109064
109070
109071
109074
109075
109078
109081
109082
109086
109087
109090
109093
109094
109096
109097
109100
109101
109102
109107
109117
109119
109121
109122
109123
109125
109129
109131
109132
109134
109135
109138
109139
109141
109142
109143
109145
109146
109148
109152
109153
109155
109157
109159
109160
109161
109164
109165
109170
109171
109174
109177
109179
109182
109183
109185
109187
109188
109192
109194
109195
109196
109198
109201
109202
109206
109208
109209
109212
109213
109215
109217
109219
109223
109224
109227
109232
109236
109238
109242
109244
109247
109250
109251
109253
109255
109259
109266
109267
109268
109269
109271
109274
109279
109282
109285
109289
109291
109292
109297
109298
109300
109303
109305
109309
109311
109313
109314
109329
109330
109332
109333
109334
109335
109336
109337
109339
109343
109346
109347
109348
109350
109353
109354
109355
109356
109359
109362
109367
109369
109371
109372
109373
109375
109380
109381
109387
109388
109389
109391
109392
109393
109397
109398
109400
109406
109411
109417
109419
109432
109436
109437
109438
109439
109444
109445
109446
109449
109450
109454
109457
109462
109464
109469
109471
109472
109473
109474
109476
109483
109484
109485
109488
109491
109493
109495
109499
109500
109502
109503
109514
109517
109525
109526
109529
109532
109533
109534
109536
109542
109543
109544
109547
109548
109549
109557
109558
109560
109564
109565
109566
109568
109570
109572
109574
109575
109576
109577
109578
109579
109583
109585
109599
109600
109602
109603
109604
109606
109607
109609
109610
109612
109613
109617
109619
109620
109625
109626
109633
109634
109637
109638
109639
109642
109646
109647
109649
109650
109654
109655
109657
109660
109664
109668
109671
109674
109675
109678
109679
109685
109687
109690
109693
109696
109701
109702
109703
109705
109707
109714
109717
109718
109720
109721
109724
109725
109726
109727
109728
109730
109731
109738
109740
109742
109747
109748
109749
109755
109756
109758
109759
109761
109763
109764
109765
109769
109772
109775
109776
109777
109780
109781
109782
109786
109787
109790
109796
109805
109806
109811
109812
109813
109816
109820
109828
109829
109841
109843
109844
109846
109847
109853
109854
109856
109857
109862
109863
109865
109866
109869
109870
109871
109872
109875
109881
109883
109887
109888
109889
109892
109894
109897
109898
109899
109900
109901
109902
109903
109905
109908
109910
109913
109914
109915
109917
109921
109923
109926
109928
109929
109930
109932
109934
109936
109939
109942
109946
109952
109954
109955
109961
109963
109967
109968
109973
109978
109982
109985
109986
109987
109988
109989
109995
109996
109997
110001
110003
110004
110008
110009
110010
110013
110014
110015
110017
110018
110019
110021
110022
110027
110030
110032
110040
110041
110042
110043
110044
110045
110046
110053
110057
110064
110067
110068
110074
110075
110082
110089
110093
110094
110095
110098
110105
110108
110110
110111
110113
110117
110118
110127
110130
110133
110137
110138
110142
110143
110144
110155
110158
110159
110160
110162
110163
110165
110168
110171
110172
110173
110176
110178
110179
110181
110188
110195
110198
110203
110207
110208
110217
110218
110219
110221
110222
110223
110225
110226
110227
110229
110231
110234
110235
110237
110239
110240
110242
110247
110248
110251
110252
110256
110258
110259
110260
110262
110266
110269
110272
110273
110275
110276
110277
110286
110290
110291
110292
110293
110294
110296
110298
110301
110302
110304
110305
110308
110309
110311
110312
110321
110322
110325
110327
110328
110329
110333
110334
110335
110340
110342
110343
110346
110354
110359
110360
110363
110366
110368
110370
110371
110376
110381
110383
110385
110386
110395
110397
110398
110400
110404
110405
110408
110409
110411
110413
110419
110421
110426
110428
110430
110436
110439
110441
110442
110443
110448
110450
110451
110452
110453
110454
110457
110459
110464
110466
110468
110470
110471
110480
110482
110483
110484
110486
110488
110493
110496
110503
110506
110508
110509
110510
110516
110517
110518
110519
110522
110524
110525
110526
110528
110529
110532
110534
110535
110537
110539
110540
110542
110543
110544
110545
110546
110549
110557
110558
110559
110565
110566
110568
110569
110571
110572
110573
110574
110578
110590
110591
110594
110597
110607
110609
110614
110616
110617
110619
110621
110628
110632
110635
110637
110640
110649
110651
110656
110657
110658
110659
110664
110665
110666
110671
110674
110675
110676
110678
110679
110680
110681
110684
110685
110688
110689
110691
110693
110694
110695
110696
110697
110702
110705
110706
110707
110708
110710
110711
110713
110715
110716
110717
110722
110725
110727
110730
110733
110735
110737
110740
110743
110745
110750
110756
110757
110758
110760
110763
110764
110766
110768
110771
110776
110779
110784
110785
110786
110788
110790
110791
110792
110794
110798
110800
110801
110803
110806
110807
110811
110815
110816
110818
110822
110824
110826
110827
110828
110834
110837
110840
110841
110844
110845
110848
110849
110854
110855
110858
110859
110864
110865
110868
110870
110871
110872
110878
110879
110883
110886
110887
110890
110891
110896
110897
110898
110904
110907
110911
110914
110918
110924
110929
110933
110936
110940
110945
110949
110954
110955
110957
110958
110967
110968
110969
110971
110972
110973
110976
110977
110981
110985
110989
110990
110994
110996
110998
111002
111005
111006
111008
111009
111011
111012
111013
111015
111017
111019
111020
111021
111024
111026
111029
111030
111031
111032
111035
111040
111042
111046
111048
111049
111051
111055
111056
111058
111060
111062
111065
111067
111068
111071
111077
111079
111080
111082
111084
111091
111092
111093
111095
111096
111099
111102
111103
111104
111108
111109
111112
111119
111121
111124
111125
111126
111127
111131
111133
111135
111142
111144
111146
111150
111151
111152
111153
111155
111160
111162
111163
111173
111175
111176
111178
111179
111180
111181
111184
111189
111191
111192
111195
111196
111199
111200
111203
111204
111205
111206
111208
111210
111212
111215
111216
111217
111218
111219
111220
111221
111222
111223
111225
111229
111233
111234
111235
111236
111237
111239
111242
111244
111246
111248
111252
111255
111256
111257
111260
111263
111264
111266
111269
111277
111278
111279
111281
111282
111284
111286
111287
111288
111289
111292
111294
111297
111299
111300
111302
111309
111311
111313
111316
111317
111319
111320
111324
111326
111329
111334
111335
111336
111337
111338
111351
111352
111357
111358
111364
111367
111371
111376
111379
111382
111387
111388
111393
111395
111396
111399
111402
111403
111405
111407
111408
111409
111410
111414
111416
111418
111419
111424
111425
111427
111428
111430
111435
111440
111441
111450
111452
111453
111454
111455
111457
111463
111466
111469
111470
111473
111475
111476
111479
111482
111484
111486
111487
111493
111494
111495
111496
111497
111501
111503
111506
111508
111509
111510
111512
111514
111515
111521
111524
111529
111530
111532
111533
111535
111538
111540
111541
111542
111543
111549
111550
111551
111553
111554
111557
111559
111563
111566
111567
111568
111569
111572
111573
111574
111576
111579
111581
111582
111583
111584
111585
111587
111589
111596
111598
111599
111602
111603
111605
111607
111608
111613
111614
111615
111619
111620
111624
111625
111626
111627
111628
111629
111634
111635
111636
111637
111638
111639
111640
111641
111643
111644
111648
111649
111650
111651
111654
111660
111661
111662
111664
111668
111672
111674
111675
111677
111678
111679
111681
111682
111683
111689
111691
111692
111694
111696
111697
111701
111705
111708
111711
111715
111720
111721
111729
111730
111732
111735
111738
111739
111741
111743
111744
111745
111747
111748
111753
111754
111759
111760
111765
111768
111771
111775
111776
111779
111789
111790
111791
111792
111796
111798
111800
111801
111802
111803
111804
111806
111810
111811
111813
111814
111815
111816
111822
111824
111828
111833
111834
111841
111846
111857
111862
111863
111864
111867
111868
111871
111872
111876
111878
111879
111883
111884
111888
111889
111890
111894
111895
111898
111899
111901
111902
111905
111909
111911
111914
111918
111919
111924
111925
111926
111928
111929
111931
111932
111936
111937
111942
111944
111950
111952
111954
111955
111960
111961
111962
111966
111974
111978
111982
111984
111987
111988
111989
111991
111992
111994
111995
112001
112003
112004
112007
112010
112011
112015
112016
112019
112020
112029
112031
112032
112034
112038
112039
112042
112047
112051
112054
112057
112059
112060
112061
112062
112064
112066
112067
112068
112070
112071
112077
112080
112081
112084
112085
112087
112088
112090
112092
112095
112102
112103
112104
112108
112109
112113
112118
112125
112126
112128
112130
112134
112137
112141
112149
112152
112153
112155
112156
112163
112166
112167
112170
112171
112172
112174
112179
112183
112186
112189
112190
112191
112192
112197
112200
112201
112205
112207
112208
112211
112214
112215
112217
112218
112222
112223
112224
112225
112228
112240
112242
112259
112263
112264
112270
112271
112272
112276
112277
112278
112280
112281
112283
112284
112286
112290
112296
112297
112298
112305
112306
112309
112310
112313
112317
112321
112323
112325
112326
112327
112330
112333
112341
112349
112350
112352
112353
112355
112356
112359
112364
112366
112373
112374
112377
112385
112388
112390
112391
112398
112401
112403
112405
112413
112415
112419
112423
112424
112425
112429
112438
112442
112444
112445
112446
112447
112448
112449
112451
112453
112456
112458
112464
112468
112471
112473
112475
112476
112477
112478
112480
112481
112482
112483
112484
112486
112489
112495
112496
112499
112501
112502
112506
112508
112509
112511
112512
112513
112514
112515
112516
112517
112519
112526
112527
112529
112530
112532
112534
112535
112536
112538
112539
112541
112544
112547
112549
112550
112554
112555
112557
112558
112560
112561
112564
112566
112567
112569
112570
112572
112574
112575
112578
112584
112586
112591
112592
112593
112595
112597
112599
112601
112602
112613
112617
112619
112620
112621
112622
112624
112625
112627
112629
112631
112632
112634
112636
112643
112644
112647
112648
112650
112655
112660
112664
112670
112673
112674
112675
112680
112681
112688
112689
112690
112693
112694
112701
112704
112707
112708
112710
112711
112712
112713
112714
112718
112720
112733
112734
112736
112737
112738
112743
112748
112749
112750
112751
112753
112754
112755
112756
112757
112762
112764
112766
112768
112769
112771
112772
112775
112777
112784
112789
112792
112794
112802
112805
112809
112810
112817
112822
112825
112826
112827
112833
112834
112838
112840
112841
112846
112847
112849
112851
112852
112853
112855
112858
112859
112860
112866
112868
112869
112870
112872
112874
112876
112877
112878
112879
112881
112884
112885
112888
112891
112893
112894
112896
112901
112906
112907
112911
112913
112915
112917
112919
112922
112923
112924
112928
112929
112936
112938
112940
112942
112945
112946
112949
112955
112956
112957
112958
112959
112960
112961
112962
112974
112976
112978
112980
112983
112988
112992
112999
113000
113003
113004
113009
113017
113018
113020
113021
113023
113025
113027
113028
113029
113031
113033
113037
113038
113041
113047
113048
113049
113052
113055
113061
113063
113067
113069
113071
113074
113080
113084
113089
113090
113091
113092
113093
113097
113098
113099
113102
113106
113108
113110
113115
113116
113117
113119
113123
113125
113126
113129
113130
113132
113133
113134
113136
113140
113141
113143
113144
113146
113151
113157
113158
113159
113162
113164
113166
113169
113171
113172
113176
113177
113181
113185
113186
113191
113196
113199
113201
113203
113206
113208
113209
113212
113213
113214
113219
113226
113227
113230
113231
113232
113234
113241
113246
113247
113248
113249
113252
113254
113262
113264
113268
113272
113273
113275
113277
113279
113281
113282
113283
113290
113291
113293
113294
113295
113296
113297
113298
113300
113303
113304
113305
113311
113314
113315
113316
113322
113327
113328
113329
113330
113333
113334
113335
113336
113340
113343
113352
113354
113355
113359
113361
113362
113364
113365
113366
113369
113370
113371
113372
113373
113375
113376
113380
113382
113388
113393
113395
113400
113402
113403
113405
113408
113411
113412
113415
113417
113421
113427
113429
113435
113436
113439
113440
113444
113446
113448
113449
113454
113457
113458
113462
113464
113465
113468
113473
113474
113476
113478
113480
113481
113483
113485
113489
113490
113491
113492
113494
113495
113496
113498
113503
113504
113505
113508
113515
113517
113519
113520
113524
113527
113529
113532
113533
113535
113539
113540
113551
113553
113558
113561
113574
113575
113576
113578
113584
113585
113588
113590
113598
113601
113607
113608
113617
113618
113619
113622
113623
113624
113631
113632
113634
113635
113637
113641
113643
113646
113650
113651
113654
113657
113658
113662
113664
113665
113666
113668
113669
113671
113672
113676
113678
113679
113681
113688
113694
113695
113696
113698
113700
113703
113705
113706
113707
113708
113710
113711
113712
113713
113714
113717
113718
113720
113721
113722
113727
113729
113731
113733
113734
113735
113736
113740
113742
113745
113748
113750
113755
113759
113760
113762
113765
113766
113767
113771
113772
113773
113776
113778
113781
113782
113783
113787
113789
113798
113800
113801
113803
113804
113810
113814
113817
113822
113823
113827
113828
113829
113830
113831
113832
113833
113834
113837
113839
113840
113843
113847
113849
113850
113851
113854
113856
113860
113862
113863
113864
113865
113866
113871
113873
113875
113878
113883
113885
113890
113891
113895
113896
113897
113898
113899
113900
113903
113906
113910
113911
113917
113918
113919
113920
113922
113923
113925
113927
113928
113930
113931
113933
113934
113941
113943
113944
113946
113949
113951
113953
113955
113956
113962
113964
113966
113968
113969
113970
113973
113975
113978
113980
113983
113984
113985
113986
113987
113993
113995
113998
114004
114006
114018
114021
114023
114024
114025
114029
114036
114040
114042
114043
114044
114046
114048
114050
114054
114057
114059
114066
114067
114070
114072
114074
114077
114080
114083
114084
114087
114089
114092
114095
114096
114099
114101
114104
114107
114110
114111
114112
114114
114115
114117
114119
114125
114127
114131
114133
114135
114136
114141
114142
114143
114149
114151
114156
114161
114163
114165
114167
114172
114173
114175
114179
114181
114184
114186
114188
114193
114195
114196
114197
114201
114206
114207
114210
114211
114212
114219
114221
114223
114225
114227
114228
114229
114230
114231
114233
114236
114237
114243
114244
114245
114247
114248
114250
114251
114253
114255
114256
114257
114258
114259
114260
114264
114267
114270
114271
114272
114273
114275
114276
114277
114278
114283
114291
114296
114298
114299
114302
114307
114311
114312
114314
114316
114318
114319
114325
114328
114330
114331
114335
114336
114338
114339
114341
114342
114344
114345
114346
114351
114353
114355
114361
114362
114364
114369
114373
114374
114376
114378
114380
114381
114382
114385
114388
114390
114394
114395
114397
114404
114412
114413
114414
114417
114418
114424
114428
114430
114431
114432
114434
114435
114438
114439
114440
114441
114443
114444
114446
114447
114448
114450
114457
114459
114462
114466
114467
114470
114471
114472
114474
114480
114482
114491
114492
114497
114499
114500
114501
114502
114504
114506
114507
114508
114511
114512
114513
114517
114519
114520
114523
114525
114526
114532
114534
114536
114542
114543
114544
114545
114546
114548
114550
114551
114552
114554
114555
114558
114559
114560
114561
114564
114568
114571
114572
114574
114575
114577
114580
114581
114582
114583
114585
114586
114588
114589
114590
114593
114596
114598
114604
114609
114614
114618
114622
114624
114626
114627
114630
114631
114632
114638
114639
114640
114647
114652
114653
114657
114659
114662
114663
114664
114666
114670
114671
114678
114680
114682
114684
114685
114686
114687
114688
114691
114695
114696
114697
114700
114703
114707
114713
114715
114716
114718
114719
114722
114724
114725
114726
114728
114731
114732
114734
114738
114739
114742
114746
114751
114753
114754
114755
114758
114759
114762
114776
114777
114779
114782
114783
114787
114788
114791
114792
114795
114798
114805
114807
114809
114811
114813
114814
114817
114819
114826
114831
114833
114834
114836
114841
114842
114845
114850
114851
114854
114858
114859
114860
114861
114866
114867
114870
114872
114874
114876
114881
114885
114888
114889
114890
114893
114896
114900
114902
114903
114907
114910
114914
114917
114921
114925
114927
114935
114937
114941
114942
114943
114945
114947
114948
114949
114953
114954
114955
114958
114959
114963
114968
114969
114970
114973
114975
114976
114978
114979
114982
114986
114992
114998
114999
115001
115005
115009
115014
115019
115022
115025
115026
115030
115031
115034
115035
115036
115038
115040
115042
115044
115045
115048
115050
115052
115053
115054
115056
115059
115060
115061
115062
115065
115066
115067
115068
115069
115072
115073
115075
115077
115079
115082
115084
115085
115086
115087
115091
115092
115093
115095
115098
115099
115104
115105
115106
115110
115115
115116
115119
115125
115127
115130
115135
115137
115141
115142
115145
115147
115148
115154
115157
115158
115162
115163
115164
115165
115166
115168
115172
115177
115179
115180
115182
115184
115189
115191
115193
115199
115201
115202
115204
115205
115206
115207
115208
115210
115215
115224
115229
115233
115236
115245
115247
115250
115251
115254
115259
115260
115264
115266
115270
115275
115276
115279
115282
115288
115292
115294
115295
115298
115303
115305
115308
115309
115310
115312
115314
115318
115320
115325
115329
115331
115333
115338
115342
115346
115348
115357
115360
115361
115364
115367
115369
115373
115376
115383
115385
115386
115390
115391
115394
115395
115398
115399
115403
115406
115409
115410
115415
115417
115418
115419
115420
115421
115422
115427
115428
115431
115434
115438
115439
115445
115449
115450
115454
115457
115460
115461
115463
115466
115467
115469
115470
115473
115479
115480
115482
115483
115486
115491
115492
115497
115499
115503
115505
115506
115513
115516
115518
115519
115523
115524
115525
115529
115532
115535
115538
115539
115541
115542
115543
115544
115547
115548
115554
115555
115557
115559
115561
115563
115566
115570
115571
115577
115579
115582
115585
115586
115588
115591
115594
115599
115602
115607
115608
115611
115614
115615
115621
115622
115623
115624
115630
115636
115645
115649
115651
115653
115655
115657
115658
115663
115664
115667
115669
115672
115674
115677
115678
115686
115687
115688
115689
115691
115693
115694
115695
115700
115702
115703
115707
115708
115710
115711
115713
115716
115717
115719
115720
115721
115724
115727
115729
115731
115732
115733
115735
115737
115740
115741
115742
115744
115749
115750
115758
115766
115767
115768
115769
115775
115778
115779
115781
115786
115788
115792
115797
115798
115805
115808
115810
115812
115813
115815
115820
115822
115825
115826
115827
115828
115829
115830
115831
115838
115839
115841
115842
115843
115846
115849
115851
115853
115855
115857
115860
115865
115870
115871
115876
115880
115884
115885
115890
115895
115898
115901
115902
115904
115906
115907
115908
115914
115916
115925
115929
115943
115947
115948
115950
115951
115952
115956
115960
115962
115965
115968
115972
115980
115981
115983
115985
115991
115992
115995
115997
115998
115999
116005
116009
116010
116014
116015
116019
116024
116026
116028
116031
116035
116040
116041
116046
116047
116049
116051
116053
116055
116057
116058
116059
116060
116067
116069
116071
116074
116078
116080
116081
116083
116088
116095
116096
116097
116100
116101
116104
116107
116109
116110
116113
116115
116116
116120
116125
116130
116131
116132
116133
116138
116141
116142
116143
116144
116147
116149
116151
116157
116159
116160
116165
116169
116173
116176
116177
116179
116180
116184
116187
116188
116191
116196
116203
116208
116209
116210
116212
116216
116217
116224
116227
116230
116231
116232
116234
116235
116236
116239
116243
116244
116245
116246
116249
116250
116252
116256
116258
116259
116261
116268
116269
116270
116274
116276
116279
116280
116282
116285
116286
116288
116289
116290
116293
116295
116299
116301
116303
116305
116318
116320
116321
116322
116324
116325
116330
116332
116333
116335
116338
116339
116340
116341
116343
116345
116349
116351
116354
116356
116358
116366
116367
116368
116369
116373
116377
116379
116380
116388
116392
116393
116395
116396
116398
116404
116406
116410
116411
116412
116414
116416
116417
116418
116419
116421
116424
116426
116427
116429
116432
116437
116442
116447
116448
116450
116452
116454
116457
116458
116461
116462
116467
116469
116470
116473
116474
116475
116477
116478
116481
116482
116483
116484
116485
116487
116488
116490
116491
116494
116495
116497
116498
116501
116502
116504
116507
116508
116509
116510
116513
116517
116518
116519
116521
116522
116523
116526
116527
116528
116529
116531
116536
116537
116538
116544
116545
116546
116552
116554
116555
116558
116563
116575
116579
116587
116590
116594
116596
116597
116598
116600
116602
116603
116604
116606
116612
116614
116617
116618
116623
116624
116630
116634
116636
116640
116641
116642
116644
116645
116647
116649
116650
116651
116653
116656
116660
116661
116665
116666
116668
116670
116672
116676
116678
116679
116680
116683
116684
116685
116687
116688
116691
116697
116698
116702
116704
116705
116709
116710
116711
116713
116714
116715
116716
116719
116722
116725
116726
116728
116730
116731
116735
116736
116738
116742
116744
116746
116750
116751
116752
116753
116755
116757
116758
116759
116763
116767
116770
116772
116774
116778
116780
116781
116782
116784
116785
116787
116790
116791
116792
116794
116795
116796
116797
116798
116800
116804
116809
116813
116816
116819
116821
116822
116825
116827
116828
116829
116830
116832
116833
116834
116837
116840
116843
116845
116847
116850
116851
116856
116860
116864
116869
116871
116872
116875
116879
116884
116885
116893
116894
116897
116898
116900
116903
116909
116910
116913
116914
116915
116916
116918
116919
116923
116925
116929
116930
116931
116932
116933
116935
116937
116940
116945
116947
116948
116953
116954
116956
116958
116959
116960
116966
116971
116973
116975
116978
116981
116989
116990
116993
116995
116999
117001
117004
117009
117010
117011
117014
117016
117019
117020
117021
117023
117025
117026
117029
117030
117031
117034
117038
117040
117043
117046
117047
117048
117049
117053
117055
117060
117062
117067
117068
117074
117075
117078
117079
117081
117082
117085
117086
117089
117092
117094
117097
117101
117102
117105
117107
117108
117116
117119
117123
117126
117127
117129
117130
117131
117133
117135
117138
117140
117145
117146
117149
117153
117154
117156
117158
117160
117161
117162
117163
117167
117169
117176
117184
117185
117186
117187
117191
117195
117201
117203
117209
117210
117214
117216
117219
117221
117223
117224
117226
117227
117228
117229
117230
117232
117237
117239
117244
117247
117248
117250
117251
117254
117257
117258
117259
117263
117265
117267
117269
117271
117274
117275
117279
117281
117284
117289
117293
117297
117299
117300
117301
117307
117308
117309
117310
117312
117313
117314
117316
117319
117323
117324
117326
117328
117331
117332
117339
117340
117341
117344
117345
117349
117351
117354
117355
117357
117360
117361
117362
117368
117371
117372
117377
117378
117379
117380
117381
117382
117383
117384
117386
117387
117389
117391
117394
117395
117399
117401
117407
117408
117410
117411
117414
117415
117416
117417
117418
117419
117423
117427
117431
117432
117433
117435
117437
117438
117440
117452
117455
117456
117459
117460
117468
117472
117473
117475
117476
117477
117478
117479
117480
117481
117483
117484
117486
117491
117494
117500
117502
117503
117504
117505
117507
117510
117511
117515
117518
117519
117520
117523
117526
117527
117529
117530
117531
117533
117536
117538
117540
117541
117544
117552
117554
117559
117560
117563
117564
117566
117568
117569
117572
117578
117586
117588
117590
117591
117592
117593
117594
117599
117603
117604
117607
117612
117613
117615
117617
117618
117619
117621
117623
117624
117625
117628
117629
117630
117631
117639
117640
117643
117650
117652
117654
117655
117660
117661
117663
117665
117666
117667
117673
117681
117682
117684
117685
117686
117697
117698
117700
117701
117708
117712
117713
117714
117715
117716
117719
117721
117729
117731
117732
117734
117737
117739
117743
117745
117750
117752
117755
117756
117757
117758
117766
117768
117772
117776
117777
117779
117784
117785
117786
117787
117789
117790
117791
117794
117795
117796
117798
117804
117805
117806
117815
117816
117818
117819
117821
117822
117824
117825
117827
117829
117831
117832
117833
117834
117835
117840
117844
117849
117850
117852
117854
117856
117861
117863
117865
117866
117868
117872
117873
117879
117882
117886
117887
117889
117891
117892
117893
117894
117896
117899
117903
117907
117909
117911
117912
117913
117914
117917
117921
117922
117927
117928
117932
117934
117935
117936
117939
117942
117943
117944
117947
117948
117949
117950
117952
117954
117959
117964
117967
117970
117973
117977
117978
117980
117982
117984
117985
117989
117990
117991
117994
118002
118004
118005
118007
118010
118011
118013
118015
118016
118018
118019
118024
118026
118027
118028
118030
118031
118035
118039
118043
118045
118047
118048
118049
118050
118053
118054
118056
118058
118063
118064
118067
118068
118069
118070
118072
118076
118083
118084
118089
118090
118091
118092
118095
118096
118097
118099
118104
118107
118108
118110
118111
118112
118113
118116
118117
118119
118123
118125
118126
118127
118130
118136
118140
118142
118148
118149
118150
118152
118156
118157
118159
118165
118167
118169
118171
118172
118176
118177
118179
118181
118182
118185
118187
118189
118190
118191
118192
118195
118197
118200
118202
118206
118207
118210
118212
118214
118217
118221
118223
118228
118229
118230
118237
118244
118245
118246
118251
118252
118254
118256
118260
118262
118264
118267
118268
118278
118279
118280
118281
118282
118290
118292
118293
118294
118295
118298
118299
118301
118303
118304
118309
118310
118311
118312
118315
118318
118323
118325
118326
118327
118329
118332
118333
118334
118336
118338
118339
118340
118341
118343
118348
118349
118351
118354
118355
118356
118357
118360
118364
118376
118377
118380
118381
118383
118385
118386
118387
118390
118396
118397
118399
118400
118401
118402
118403
118406
118407
118408
118409
118411
118414
118417
118419
118423
118427
118430
118432
118438
118439
118440
118444
118448
118449
118457
118459
118460
118461
118465
118466
118467
118468
118469
118474
118477
118479
118482
118484
118487
118488
118493
118494
118495
118496
118497
118499
118501
118504
118505
118506
118509
118510
118513
118515
118516
118517
118518
118519
118524
118525
118526
118528
118530
118535
118540
118541
118543
118544
118545
118550
118552
118553
118558
118559
118563
118565
118566
118569
118570
118571
118573
118583
118584
118589
118592
118594
118595
118602
118605
118608
118610
118612
118613
118617
118621
118630
118631
118637
118639
118640
118641
118646
118647
118650
118651
118653
118654
118659
118660
118662
118663
118665
118667
118668
118669
118671
118672
118673
118674
118675
118677
118679
118680
118681
118683
118686
118687
118688
118690
118692
118693
118694
118695
118696
118698
118700
118701
118707
118709
118713
118715
118718
118719
118722
118724
118725
118727
118729
118740
118742
118747
118748
118751
118753
118755
118758
118759
118761
118771
118772
118773
118775
118779
118786
118789
118792
118793
118794
118809
118810
118812
118814
118815
118816
118820
118822
118823
118824
118825
118826
118828
118829
118832
118833
118834
118836
118837
118840
118842
118843
118846
118849
118852
118854
118858
118861
118862
118872
118873
118874
118876
118877
118878
118881
118886
118887
118894
118899
118900
118901
118904
118906
118910
118911
118912
118913
118915
118916
118921
118924
118926
118928
118933
118934
118937
118941
118942
118944
118945
118946
118947
118948
118950
118955
118957
118958
118959
118960
118965
118966
118968
118974
118975
118976
118978
118979
118984
118991
118993
118995
118998
118999
119000
119002
119005
119009
119010
119013
119014
119017
119021
119023
119026
119028
119029
119030
119031
119033
119034
119035
119036
119039
119040
119041
119044
119047
119048
119050
119051
119052
119054
119056
119057
119059
119061
119064
119066
119067
119072
119073
119074
119078
119079
119080
119081
119083
119084
119087
119092
119093
119095
119096
119098
119099
119100
119105
119106
119109
119112
119115
119118
119119
119121
119122
119129
119130
119132
119134
119137
119138
119139
119140
119142
119143
119144
119145
119146
119150
119157
119158
119159
119160
119162
119163
119165
119166
119167
119168
119170
119174
119175
119176
119177
119178
119179
119180
119181
119183
119190
119193
119194
119195
119198
119200
119205
119206
119209
119211
119214
119215
119217
119219
119220
119221
119223
119225
119226
119227
119229
119231
119232
119236
119237
119241
119242
119247
119254
119256
119257
119258
119259
119261
119262
119263
119265
119266
119267
119273
119275
119277
119280
119281
119282
119284
119290
119291
119293
119295
119296
119302
119303
119304
119306
119307
119308
119309
119312
119313
119314
119317
119321
119322
119323
119324
119326
119327
119330
119331
119332
119333
119334
119336
119340
119343
119344
119345
119348
119349
119350
119356
119361
119362
119364
119365
119366
119368
119370
119373
119376
119377
119378
119381
119386
119387
119389
119390
119395
119397
119398
119401
119402
119403
119404
119406
119414
119416
119421
119424
119426
119430
119434
119438
119440
119443
119444
119452
119454
119457
119459
119460
119461
119464
119465
119466
119468
119471
119474
119475
119476
119481
119484
119485
119487
119488
119490
119491
119495
119498
119499
119508
119509
119517
119518
119521
119528
119530
119532
119533
119534
119537
119539
119540
119541
119542
119543
119546
119547
119550
119552
119554
119557
119560
119561
119562
119564
119566
119567
119568
119569
119571
119573
119574
119577
119581
119586
119593
119595
119596
119600
119607
119610
119611
119612
119616
119617
119618
119620
119621
119622
119632
119636
119637
119640
119641
119644
119647
119651
119652
119653
119655
119659
119661
119662
119664
119669
119670
119672
119673
119674
119677
119678
119679
119681
119685
119687
119689
119691
119693
119697
119700
119701
119705
119707
119708
119709
119710
119712
119713
119714
119715
119716
119722
119723
119724
119726
119727
119728
119730
119731
119739
119741
119747
119748
119750
119752
119759
119761
119763
119764
119765
119766
119769
119770
119771
119772
119774
119778
119779
119781
119783
119784
119787
119789
119790
119791
119792
119793
119794
119796
119800
119801
119804
119808
119811
119812
119814
119817
119818
119820
119824
119826
119828
119829
119830
119833
119834
119835
119837
119838
119840
119843
119848
119849
119850
119854
119860
119862
119868
119871
119876
119877
119878
119879
119882
119884
119885
119887
119889
119896
119900
119902
119905
119906
119907
119909
119910
119911
119914
119915
119916
119917
119918
119921
119926
119927
119930
119931
119932
119935
119937
119940
119945
119946
119947
119951
119953
119954
119955
119962
119965
119966
119967
119969
119976
119978
119979
119984
119986
119988
119991
119992
119995
119996
119998
120003
120006
120007
120010
120011
120012
120013
120014
120015
120018
120019
120021
120022
120024
120025
120026
120028
120029
120030
120031
120034
120039
120041
120044
120047
120049
120051
120058
120059
120062
120067
120068
120072
120075
120079
120082
120084
120086
120087
120089
120092
120093
120094
120095
120102
120103
120105
120108
120110
120112
120114
120116
120117
120118
120120
120121
120123
120125
120126
120127
120130
120131
120132
120134
120137
120140
120142
120143
120148
120152
120153
120162
120163
120164
120167
120168
120169
120172
120175
120178
120180
120182
120183
120184
120187
120188
120189
120190
120191
120192
120196
120204
120208
120211
120215
120216
120217
120218
120220
120221
120222
120226
120228
120229
120231
120233
120234
120250
120251
120252
120262
120264
120266
120268
120269
120271
120273
120276
120279
120281
120283
120284
120285
120290
120297
120298
120300
120303
120304
120308
120309
120312
120313
120316
120318
120319
120320
120321
120324
120326
120327
120331
120336
120337
120341
120343
120344
120346
120347
120349
120358
120360
120361
120364
120365
120369
120371
120373
120374
120377
120379
120384
120385
120387
120389
120391
120393
120394
120396
120400
120401
120404
120408
120409
120412
120413
120414
120415
120416
120422
120426
120431
120432
120434
120436
120437
120438
120440
120441
120445
120446
120447
120451
120453
120456
120459
120460
120461
120462
120465
120469
120470
120471
120472
120476
120478
120479
120480
120484
120485
120486
120488
120496
120498
120502
120503
120504
120506
120514
120515
120516
120522
120525
120528
120529
120530
120531
120540
120541
120543
120544
120546
120551
120552
120553
120555
120557
120558
120562
120563
120566
120567
120574
120576
120577
120578
120582
120589
120590
120591
120592
120599
120601
120602
120604
120608
120609
120610
120615
120616
120622
120624
120626
120634
120640
120641
120646
120648
120655
120656
120659
120660
120662
120663
120666
120667
120669
120670
120671
120672
120675
120676
120677
120678
120682
120690
120692
120693
120695
120697
120700
120702
120705
120707
120714
120718
120719
120722
120723
120725
120732
120734
120735
120738
120741
120744
120747
120756
120757
120759
120760
120762
120763
120767
120768
120770
120771
120772
120776
120783
120784
120789
120796
120799
120803
120809
120812
120813
120814
120815
120821
120825
120826
120833
120834
120836
120841
120842
120844
120845
120853
120854
120856
120857
120861
120862
120864
120872
120875
120878
120882
120884
120888
120890
120893
120894
120897
120900
120902
120903
120908
120912
120915
120916
120920
120924
120925
120928
120930
120932
120936
120937
120938
120939
120940
120942
120943
120945
120947
120950
120951
120953
120955
120956
120958
120959
120963
120967
120970
120972
120974
120980
120982
120983
120985
120988
120990
120993
120994
120995
120996
120997
121000
121001
121002
121004
121005
121007
121008
121015
121017
121018
121023
121024
121030
121033
121036
121037
121041
121042
121043
121046
121047
121051
121057
121060
121064
121065
121066
121069
121074
121075
121077
121079
121080
121081
121082
121084
121086
121087
121092
121094
121095
121099
121102
121107
121108
121111
121115
121116
121118
121119
121120
121123
121124
121126
121133
121138
121140
121143
121146
121147
121149
121152
121153
121155
121156
121158
121162
121165
121168
121169
121172
121173
121174
121177
121178
121180
121181
121187
121189
121190
121191
121193
121194
121195
121198
121199
121200
121201
121203
121205
121206
121208
121209
121213
121217
121220
121222
121224
121225
121229
121234
121235
121236
121239
121241
121242
121244
121253
121257
121258
121261
121264
121274
121275
121281
121282
121286
121287
121291
121301
121302
121305
121307
121308
121309
121311
121312
121314
121315
121317
121318
121321
121327
121328
121330
121334
121344
121345
121347
121350
121355
121358
121359
121360
121362
121363
121365
121366
121371
121372
121374
121375
121379
121380
121387
121388
121390
121391
121392
121396
121400
121403
121405
121406
121409
121411
121413
121416
121418
121419
121423
121426
121431
121440
121443
121448
121450
121451
121454
121457
121458
121460
121461
121464
121465
121467
121468
121473
121478
121482
121483
121485
121487
121491
121493
121495
121496
121498
121499
121501
121502
121503
121504
121506
121511
121512
121527
121530
121538
121540
121541
121543
121544
121545
121547
121551
121554
121555
121556
121558
121561
121563
121564
121569
121571
121572
121573
121575
121576
121578
121580
121583
121584
121596
121599
121601
121603
121604
121609
121610
121612
121615
121616
121618
121619
121620
121621
121623
121625
121626
121628
121630
121631
121633
121636
121637
121640
121641
121642
121643
121645
121646
121647
121652
121653
121654
121655
121657
121659
121661
121662
121665
121666
121667
121671
121672
121674
121675
121676
121681
121682
121683
121685
121692
121697
121698
121699
121700
121701
121708
121711
121713
121714
121721
121726
121729
121730
121731
121732
121733
121735
121739
121740
121741
121744
121745
121746
121749
121750
121753
121760
121763
121764
121769
121770
121773
121774
121775
121778
121782
121783
121790
121793
121800
121802
121805
121812
121814
121815
121819
121822
121828
121830
121834
121836
121842
121848
121849
121850
121856
121857
121858
121859
121861
121867
121868
121875
121876
121878
121879
121881
121882
121883
121886
121892
121896
121899
121903
121906
121910
121913
121919
121926
121928
121932
121933
121935
121937
121938
121940
121941
121943
121944
121945
121946
121948
121950
121954
121956
121957
121961
121964
121965
121966
121971
121974
121976
121977
121979
121981
121985
121986
121987
121988
121989
121991
121992
121993
121994
121998
122000
122003
122004
122006
122008
122014
122015
122016
122020
122021
122022
122026
122028
122030
122031
122038
122041
122042
122045
122048
122049
122050
122052
122059
122062
122066
122068
122069
122072
122073
122074
122075
122076
122077
122080
122084
122085
122093
122095
122096
122099
122100
122102
122108
122110
122111
122115
122117
122118
122122
122123
122126
122128
122129
122133
122139
122142
122148
122151
122154
122157
122158
122162
122166
122168
122170
122174
122175
122176
122179
122180
122184
122185
122186
122187
122188
122190
122193
122194
122197
122200
122203
122206
122210
122212
122215
122216
122219
122220
122224
122226
122229
122231
122236
122238
122240
122242
122247
122249
122252
122255
122256
122258
122260
122261
122264
122265
122266
122267
122268
122270
122273
122276
122277
122278
122281
122282
122284
122287
122289
122290
122294
122295
122296
122298
122301
122302
122305
122306
122307
122312
122313
122315
122319
122326
122328
122330
122331
122338
122339
122343
122348
122351
122353
122354
122357
122359
122360
122364
122367
122368
122370
122371
122372
122384
122385
122387
122390
122392
122398
122400
122404
122405
122406
122408
122409
122412
122415
122417
122419
122420
122421
122422
122424
122429
122432
122434
122437
122440
122441
122443
122444
122450
122452
122456
122457
122460
122467
122468
122471
122473
122477
122480
122492
122493
122494
122495
122496
122499
122500
122504
122506
122509
122511
122512
122513
122514
122515
122518
122519
122520
122521
122523
122524
122527
122528
122529
122530
122540
122541
122542
122548
122552
122553
122554
122556
122559
122562
122564
122565
122566
122568
122570
122571
122572
122575
122576
122577
122579
122581
122587
122588
122593
122594
122596
122598
122602
122603
122604
122608
122609
122610
122611
122616
122618
122620
122621
122622
122623
122626
122627
122630
122633
122639
122641
122642
122644
122645
122648
122649
122651
122652
122658
122660
122662
122663
122665
122667
122672
122676
122679
122682
122685
122687
122688
122696
122697
122698
122701
122702
122708
122710
122716
122718
122720
122725
122726
122728
122730
122731
122733
122737
122738
122740
122741
122749
122752
122756
122757
122760
122761
122764
122766
122769
122771
122773
122776
122779
122780
122781
122784
122786
122788
122789
122791
122792
122793
122805
122807
122808
122809
122810
122813
122815
122818
122819
122821
122822
122825
122826
122829
122830
122831
122838
122844
122845
122849
122852
122853
122854
122855
122859
122862
122865
122872
122873
122874
122876
122878
122881
122886
122890
122892
122893
122898
122899
122901
122902
122903
122904
122906
122908
122911
122915
122924
122927
122932
122933
122939
122942
122947
122954
122956
122959
122960
122962
122967
122968
122969
122972
122975
122977
122979
122980
122982
122983
122984
122985
122990
122991
122992
122993
122995
122996
122997
123004
123005
123010
123011
123013
123014
123015
123024
123026
123029
123030
123032
123035
123038
123040
123041
123042
123044
123049
123050
123056
123058
123060
123062
123070
123077
123078
123079
123080
123081
123085
123088
123090
123091
123093
123095
123096
123098
123099
123100
123101
123102
123105
123108
123111
123115
123116
123117
123118
123125
123126
123127
123128
123131
123132
123133
123137
123140
123141
123142
123144
123145
123147
123150
123152
123153
123157
123162
123163
123165
123166
123173
123174
123176
123179
123180
123182
123184
123186
123191
123192
123193
123194
123199
123200
123202
123203
123204
123205
123208
123209
123213
123214
123216
123217
123219
123222
123223
123228
123230
123231
123235
123237
123244
123245
123247
123249
123251
123252
123257
123259
123260
123261
123262
123275
123280
123281
123284
123287
123293
123298
123299
123300
123301
123303
123304
123305
123306
123311
123312
123313
123316
123317
123320
123321
123322
123325
123328
123335
123336
123342
123345
123348
123349
123352
123353
123356
123357
123360
123364
123365
123366
123367
123369
123371
123373
123374
123377
123378
123379
123380
123381
123390
123391
123392
123398
123402
123403
123405
123406
123408
123414
123417
123422
123423
123426
123428
123430
123431
123432
123433
123434
123436
123437
123440
123443
123444
123447
123448
123450
123454
123455
123456
123458
123459
123461
123470
123473
123480
123482
123486
123489
123492
123498
123502
123505
123509
123510
123511
123513
123518
123519
123521
123523
123525
123526
123537
123538
123539
123540
123541
123542
123544
123546
123547
123549
123550
123551
123552
123555
123557
123560
123561
123564
123567
123570
123571
123574
123576
123577
123579
123583
123584
123585
123587
123591
123594
123595
123596
123599
123600
123602
123608
123610
123612
123615
123617
123619
123622
123626
123627
123631
123633
123634
123639
123640
123641
123642
123645
123651
123655
123656
123659
123661
123664
123665
123668
123675
123676
123677
123681
123684
123685
123699
123700
123704
123705
123707
123709
123710
123711
123713
123714
123715
123716
123717
123720
123722
123723
123725
123728
123732
123734
123735
123736
123741
123742
123746
123758
123759
123762
123764
123765
123767
123778
123783
123784
123788
123789
123793
123797
123798
123799
123801
123803
123809
123810
123811
123812
123813
123816
123820
123821
123823
123825
123832
123833
123834
123836
123837
123839
123845
123847
123849
123855
123857
123858
123859
123860
123861
123862
123863
123864
123866
123867
123872
123875
123880
123881
123882
123884
123886
123887
123889
123890
123892
123896
123897
123899
123903
123904
123905
123907
123908
123910
123912
123913
123914
123918
123921
123922
123925
123932
123933
123935
123938
123939
123941
123942
123943
123944
123948
123949
123950
123952
123953
123963
123970
123971
123974
123976
123981
123985
123986
123987
123988
123991
123993
123995
123997
124001
124006
124007
124009
124010
124011
124018
124019
124021
124022
124023
124024
124027
124028
124029
124031
124032
124037
124040
124042
124043
124047
124050
124052
124054
124056
124058
124062
124064
124067
124071
124072
124075
124076
124078
124080
124086
124088
124095
124098
124100
124101
124104
124106
124107
124108
124111
124114
124118
124120
124121
124122
124125
124127
124128
124130
124134
124135
124138
124139
124140
124141
124148
124151
124152
124153
124154
124155
124159
124160
124163
124165
124166
124168
124170
124171
124172
124173
124176
124180
124181
124187
124189
124190
124193
124194
124195
124199
124202
124204
124208
124210
124211
124213
124216
124218
124220
124221
124223
124225
124226
124230
124231
124246
124248
124252
124255
124257
124259
124263
124265
124266
124270
124274
124276
124277
124283
124286
124288
124289
124291
124293
124299
124301
124302
124303
124306
124307
124309
124311
124314
124315
124316
124319
124323
124324
124325
124326
124330
124335
124336
124338
124340
124341
124343
124346
124347
124348
124360
124364
124366
124369
124374
124375
124378
124382
124383
124384
124393
124397
124398
124399
124403
124408
124413
124416
124419
124421
124423
124425
124426
124429
124435
124436
124439
124444
124445
124447
124448
124453
124454
124455
124460
124462
124463
124464
124468
124471
124474
124477
124478
124482
124484
124486
124491
124493
124497
124498
124500
124505
124511
124512
124514
124515
124516
124519
124522
124524
124525
124526
124529
124530
124531
124532
124533
124537
124538
124541
124542
124544
124549
124553
124555
124558
124559
124563
124567
124568
124569
124573
124574
124575
124577
124578
124579
124580
124581
124584
124585
124589
124590
124591
124593
124595
124596
124597
124600
124601
124602
124603
124604
124608
124609
124612
124613
124616
124618
124619
124622
124623
124624
124632
124633
124636
124640
124644
124645
124648
124652
124656
124657
124661
124663
124664
124666
124667
124670
124673
124679
124681
124682
124693
124696
124702
124708
124709
124710
124717
124718
124720
124721
124722
124726
124729
124731
124732
124737
124745
124747
124748
124752
124753
124756
124757
124760
124761
124766
124768
124770
124772
124778
124779
124784
124785
124792
124794
124795
124796
124797
124798
124802
124804
124807
124816
124817
124820
124821
124822
124823
124826
124837
124844
124845
124846
124849
124850
124851
124853
124855
124856
124857
124859
124861
124862
124866
124870
124872
124874
124878
124882
124885
124887
124888
124890
124895
124896
124901
124902
124903
124904
124906
124910
124911
124912
124915
124917
124920
124926
124928
124932
124934
124935
124936
124938
124939
124945
124946
124948
124950
124952
124953
124959
124960
124963
124968
124970
124973
124979
124983
124989
124992
124997
125001
125002
125003
125004
125005
125006
125009
125010
125011
125014
125016
125020
125026
125027
125028
125030
125032
125034
125035
125037
125042
125044
125046
125047
125051
125057
125060
125061
125062
125066
125067
125068
125069
125075
125079
125080
125081
125082
125084
125085
125087
125089
125090
125091
125092
125094
125098
125099
125100
125102
125108
125109
125111
125114
125117
125118
125120
125121
125127
125129
125130
125133
125134
125135
125137
125138
125139
125140
125144
125145
125146
125147
125155
125157
125160
125162
125163
125164
125170
125172
125175
125176
125179
125180
125181
125182
125186
125187
125193
125194
125195
125197
125198
125203
125204
125205
125206
125207
125213
125214
125216
125218
125222
125224
125231
125233
125236
125242
125244
125246
125247
125250
125254
125255
125256
125260
125264
125265
125266
125271
125274
125281
125283
125284
125286
125287
125288
125289
125294
125297
125298
125300
125302
125303
125308
125310
125314
125316
125318
125319
125322
125325
125326
125327
125328
125329
125333
125334
125335
125337
125338
125339
125340
125347
125350
125351
125352
125355
125364
125366
125367
125368
125369
125370
125372
125374
125376
125377
125379
125384
125386
125387
125388
125390
125391
125392
125393
125395
125397
125398
125404
125406
125411
125412
125413
125418
125419
125420
125426
125427
125428
125431
125432
125434
125435
125442
125443
125447
125449
125450
125451
125456
125458
125459
125463
125466
125468
125471
125474
125478
125479
125480
125481
125486
125488
125491
125494
125495
125501
125505
125507
125508
125514
125515
125517
125518
125521
125527
125531
125534
125535
125536
125539
125544
125546
125548
125551
125558
125561
125565
125566
125573
125579
125584
125585
125586
125587
125589
125592
125594
125595
125596
125598
125599
125602
125603
125605
125606
125610
125614
125616
125617
125618
125621
125622
125625
125626
125629
125631
125639
125642
125648
125649
125650
125652
125654
125656
125657
125658
125659
125661
125662
125664
125667
125668
125669
125672
125673
125678
125680
125682
125684
125685
125690
125692
125694
125699
125701
125703
125704
125705
125707
125708
125709
125710
125711
125713
125714
125715
125717
125718
125719
125724
125725
125727
125728
125729
125730
125732
125736
125738
125740
125746
125747
125748
125755
125756
125762
125763
125764
125765
125767
125768
125770
125772
125780
125781
125783
125787
125793
125794
125796
125800
125802
125805
125806
125807
125809
125810
125812
125813
125816
125819
125821
125826
125828
125830
125833
125835
125837
125839
125846
125847
125851
125852
125853
125855
125857
125861
125862
125863
125866
125868
125869
125871
125873
125874
125877
125878
125883
125885
125886
125892
125893
125895
125896
125897
125904
125905
125907
125909
125910
125911
125912
125915
125916
125917
125920
125921
125924
125928
125937
125939
125940
125941
125944
125947
125948
125950
125951
125955
125962
125963
125965
125967
125968
125980
125981
125992
125995
125996
125998
126000
126002
126005
126007
126018
126019
126020
126021
126024
126027
126028
126029
126031
126036
126038
126044
126046
126049
126050
126055
126057
126059
126065
126066
126067
126069
126074
126078
126080
126081
126084
126088
126090
126091
126092
126095
126098
126099
126100
126104
126107
126108
126112
126114
126115
126116
126117
126118
126119
126121
126127
126128
126135
126138
126139
126142
126144
126146
126147
126149
126150
126151
126152
126154
126155
126156
126157
126167
126171
126173
126174
126176
126181
126186
126189
126191
126195
126199
126205
126207
126211
126212
126215
126219
126224
126226
126231
126233
126234
126235
126236
126238
126242
126243
126244
126246
126249
126251
126256
126260
126261
126263
126267
126269
126274
126275
126276
126280
126281
126283
126284
126286
126287
126289
126291
126293
126298
126303
126306
126307
126308
126314
126316
126317
126318
126319
126321
126322
126326
126328
126330
126332
126334
126335
126339
126347
126350
126353
126354
126355
126358
126359
126363
126366
126369
126370
126371
126372
126376
126377
126379
126382
126386
126387
126388
126389
126393
126397
126405
126412
126415
126416
126418
126419
126420
126423
126429
126430
126432
126435
126436
126437
126438
126441
126442
126444
126452
126458
126459
126460
126463
126466
126471
126473
126474
126476
126477
126479
126480
126482
126485
126489
126493
126494
126496
126497
126498
126499
126500
126506
126507
126508
126510
126513
126517
126518
126520
126523
126525
126526
126528
126529
126530
126533
126537
126543
126545
126546
126555
126556
126558
126559
126561
126562
126563
126568
126569
126570
126571
126573
126575
126577
126579
126581
126582
126585
126587
126593
126594
126600
126609
126611
126622
126623
126626
126627
126628
126629
126632
126638
126639
126643
126644
126646
126648
126651
126654
126655
126657
126664
126667
126671
126673
126678
126687
126688
126689
126690
126694
126695
126696
126697
126699
126701
126702
126706
126708
126709
126710
126711
126714
126717
126718
126720
126726
126728
126731
126732
126737
126738
126740
126742
126743
126744
126747
126749
126754
126756
126758
126760
126761
126762
126763
126766
126767
126770
126771
126774
126777
126778
126781
126782
126784
126791
126792
126793
126795
126796
126802
126806
126809
126810
126811
126815
126816
126819
126821
126822
126823
126827
126834
126836
126837
126838
126839
126841
126842
126847
126850
126856
126860
126862
126863
126867
126874
126875
126876
126877
126882
126883
126888
126889
126890
126892
126896
126900
126901
126902
126907
126908
126910
126911
126912
126913
126917
126920
126921
126923
126924
126926
126928
126930
126932
126933
126936
126937
126938
126942
126945
126947
126948
126950
126953
126957
126958
126959
126960
126961
126964
126965
126966
126967
126968
126971
126972
126973
126978
126979
126983
126984
126986
126987
126990
126991
126992
126993
126995
126996
126997
126999
127001
127002
127008
127014
127020
127021
127022
127024
127025
127033
127035
127037
127039
127043
127044
127050
127053
127054
127055
127057
127060
127061
127063
127067
127068
127071
127078
127079
127083
127085
127088
127089
127091
127093
127096
127098
127107
127109
127111
127115
127119
127120
127127
127128
127130
127138
127140
127141
127142
127143
127147
127148
127150
127151
127155
127157
127159
127162
127165
127168
127170
127174
127177
127178
127181
127185
127188
127190
127191
127192
127196
127197
127199
127201
127204
127210
127216
127218
127220
127222
127225
127227
127230
127232
127242
127245
127246
127247
127250
127251
127255
127256
127257
127258
127260
127265
127267
127270
127272
127275
127278
127279
127280
127281
127282
127283
127284
127287
127288
127289
127291
127292
127294
127297
127298
127301
127303
127308
127310
127318
127319
127322
127323
127327
127329
127333
127336
127338
127347
127348
127349
127350
127352
127353
127354
127357
127358
127360
127365
127366
127367
127369
127370
127371
127372
127373
127374
127375
127376
127377
127382
127383
127394
127395
127396
127397
127399
127400
127401
127403
127404
127407
127408
127416
127417
127419
127420
127422
127427
127428
127429
127430
127431
127433
127434
127435
127437
127440
127445
127447
127449
127450
127452
127454
127456
127460
127463
127465
127469
127471
127474
127476
127478
127483
127484
127485
127491
127493
127497
127499
127501
127503
127506
127508
127510
127511
127512
127515
127516
127517
127521
127522
127524
127527
127528
127532
127534
127535
127537
127538
127539
127540
127541
127546
127549
127550
127553
127559
127563
127564
127567
127568
127570
127571
127576
127577
127578
127580
127582
127591
127593
127595
127598
127600
127603
127604
127605
127612
127613
127614
127615
127618
127620
127624
127629
127630
127634
127635
127636
127640
127645
127649
127651
127653
127659
127663
127664
127666
127667
127668
127672
127675
127679
127685
127687
127689
127690
127691
127694
127695
127698
127700
127701
127703
127704
127705
127707
127708
127714
127715
127717
127718
127719
127720
127721
127722
127726
127730
127733
127735
127739
127740
127745
127746
127748
127752
127753
127754
127758
127759
127761
127764
127765
127768
127769
127778
127781
127786
127794
127795
127799
127801
127807
127814
127817
127820
127822
127823
127826
127828
127830
127831
127832
127838
127842
127844
127845
127848
127850
127853
127854
127856
127859
127863
127864
127866
127867
127870
127875
127877
127879
127880
127882
127884
127886
127891
127892
127897
127898
127901
127902
127903
127905
127907
127909
127911
127914
127917
127922
127927
127929
127932
127937
127940
127941
127943
127944
127946
127948
127949
127950
127951
127955
127964
127966
127967
127971
127974
127975
127976
127981
127982
127985
127987
127988
127991
127993
127994
128002
128007
128008
128009
128010
128012
128017
128018
128021
128023
128024
128028
128030
128032
128034
128036
128040
128043
128046
128049
128051
128052
128054
128057
128059
128060
128061
128065
128070
128071
128073
128076
128078
128080
128084
128085
128086
128087
128089
128091
128093
128095
128098
128100
128102
128103
128104
128105
128108
128110
128112
128114
128116
128118
128120
128126
128131
128136
128140
128145
128146
128147
128149
128151
128154
128155
128156
128163
128164
128168
128173
128175
128179
128182
128185
128186
128187
128188
128191
128194
128195
128198
128201
128207
128208
128210
128211
128213
128216
128218
128222
128224
128225
128227
128229
128231
128232
128233
128234
128236
128237
128243
128244
128245
128246
128248
128253
128254
128256
128257
128259
128260
128261
128266
128268
128276
128277
128282
128285
128286
128288
128289
128291
128292
128293
128295
128296
128297
128298
128299
128301
128305
128309
128310
128318
128320
128321
128325
128331
128334
128335
128337
128338
128340
128341
128347
128351
128353
128354
128355
128356
128360
128362
128366
128368
128370
128372
128373
128375
128377
128379
128382
128384
128385
128387
128391
128393
128395
128396
128399
128400
128401
128407
128409
128411
128417
128418
128419
128424
128427
128430
128431
128432
128434
128436
128437
128438
128439
128442
128443
128446
128448
128449
128451
128452
128453
128454
128455
128456
128459
128460
128462
128463
128464
128468
128472
128473
128475
128477
128479
128480
128481
128482
128484
128486
128488
128492
128494
128502
128503
128506
128509
128511
128512
128513
128514
128516
128517
128524
128526
128529
128530
128534
128537
128539
128546
128551
128554
128555
128557
128559
128560
128561
128564
128567
128568
128571
128573
128574
128575
128582
128584
128588
128589
128592
128595
128599
128602
128604
128605
128607
128609
128610
128611
128618
128623
128625
128626
128628
128632
128633
128636
128638
128639
128640
128641
128642
128643
128647
128648
128650
128653
128656
128664
128665
128667
128669
128670
128672
128673
128675
128676
128678
128680
128681
128682
128688
128690
128692
128694
128695
128698
128701
128704
128706
128708
128711
128712
128716
128717
128719
128725
128729
128730
128732
128734
128735
128737
128738
128739
128740
128743
128747
128750
128752
128754
128755
128757
128759
128760
128761
128763
128766
128767
128768
128772
128774
128780
128781
128784
128785
128786
128787
128791
128792
128794
128795
128796
128800
128801
128809
128810
128813
128817
128820
128824
128826
128834
128835
128840
128843
128849
128856
128863
128865
128867
128869
128870
128873
128878
128879
128881
128882
128883
128885
128890
128891
128892
128894
128896
128897
128899
128901
128902
128903
128904
128907
128908
128909
128910
128911
128912
128915
128919
128920
128932
128935
128937
128940
128941
128945
128948
128953
128955
128958
128960
128961
128963
128967
128969
128972
128973
128979
128980
128982
128983
128984
128986
128989
128991
128993
128999
129001
129003
129012
129014
129017
129020
129022
129024
129025
129026
129028
129029
129031
129033
129038
129039
129042
129043
129045
129047
129048
129049
129050
129053
129056
129058
129061
129063
129066
129067
129071
129075
129077
129079
129085
129087
129090
129093
129094
129098
129111
129113
129117
129121
129122
129123
129124
129125
129126
129127
129138
129141
129145
129147
129151
129153
129155
129156
129158
129159
129162
129163
129164
129167
129168
129169
129171
129172
129179
129186
129187
129189
129191
129192
129196
129198
129202
129203
129204
129205
129206
129209
129211
129217
129219
129220
129223
129224
129225
129227
129228
129229
129230
129232
129233
129234
129235
129237
129238
129240
129243
129244
129245
129247
129249
129250
129252
129256
129259
129262
129263
129266
129268
129270
129271
129278
129281
129285
129293
129294
129295
129298
129299
129303
129306
129308
129309
129315
129324
129329
129335
129339
129342
129343
129352
129356
129359
129362
129365
129368
129371
129374
129377
129379
129382
129386
129387
129388
129389
129392
129393
129395
129400
129405
129409
129411
129412
129415
129419
129422
129428
129430
129431
129432
129433
129436
129442
129443
129444
129445
129449
129450
129452
129454
129455
129456
129459
129461
129463
129464
129465
129468
129473
129474
129475
129476
129479
129480
129483
129484
129486
129487
129488
129489
129490
129492
129493
129496
129497
129504
129505
129509
129513
129515
129517
129521
129524
129527
129528
129529
129530
129532
129534
129535
129537
129539
129542
129544
129545
129546
129547
129548
129553
129557
129558
129561
129565
129567
129570
129572
129576
129578
129580
129583
129584
129590
129593
129594
129599
129601
129603
129604
129605
129607
129611
129614
129617
129618
129619
129621
129622
129623
129633
129638
129640
129643
129646
129647
129651
129654
129656
129657
129660
129668
129672
129674
129675
129679
129680
129683
129685
129686
129688
129691
129695
129696
129698
129701
129702
129708
129709
129713
129714
129715
129717
129719
129724
129725
129733
129734
129735
129736
129738
129741
129744
129745
129747
129748
129750
129751
129753
129755
129756
129757
129758
129759
129765
129768
129770
129773
129774
129777
129778
129781
129783
129784
129785
129786
129788
129791
129792
129794
129796
129798
129803
129805
129806
129807
129808
129811
129815
129816
129819
129822
129824
129827
129830
129831
129832
129833
129839
129840
129843
129845
129846
129847
129850
129857
129864
129866
129867
129870
129871
129872
129874
129875
129876
129877
129879
129881
129884
129889
129891
129895
129899
129900
129901
129902
129911
129913
129920
129921
129922
129923
129924
129925
129926
129927
129930
129931
129932
129935
129940
129941
129942
129944
129947
129949
129951
129952
129954
129955
129958
129959
129960
129962
129963
129964
129967
129969
129971
129973
129974
129975
129979
129987
129988
129991
129993
129994
129996
129997
129999
130001
130003
130010
130011
130016
130018
130019
130021
130023
130024
130029
130036
130038
130041
130042
130045
130046
130049
130050
130051
130054
130057
130062
130063
130064
130065
130069
130070
130071
130075
130079
130080
130091
130098
130100
130105
130106
130108
130111
130113
130114
130116
130117
130118
130124
130126
130127
130130
130132
130133
130134
130137
130142
130144
130146
130147
130153
130158
130159
130163
130164
130165
130168
130169
130173
130176
130181
130182
130183
130186
130187
130188
130189
130190
130194
130201
130202
130204
130205
130207
130209
130211
130214
130215
130216
130219
130222
130226
130228
130230
130231
130232
130234
130235
130239
130241
130242
130244
130247
130250
130252
130253
130254
130256
130261
130264
130265
130268
130270
130271
130272
130273
130276
130278
130284
130285
130286
130287
130289
130294
130299
130302
130304
130305
130306
130307
130309
130311
130314
130315
130317
130319
130321
130327
130332
130333
130334
130336
130346
130350
130351
130352
130353
130358
130362
130363
130365
130371
130375
130377
130379
130381
130384
130385
130386
130387
130388
130389
130390
130391
130392
130394
130398
130401
130403
130404
130410
130413
130414
130415
130417
130424
130425
130427
130429
130430
130435
130440
130441
130444
130445
130446
130452
130454
130455
130456
130458
130461
130463
130464
130467
130472
130475
130476
130477
130480
130483
130488
130489
130492
130493
130495
130497
130499
130500
130509
130510
130511
130513
130514
130518
130519
130521
130523
130524
130525
130527
130529
130530
130532
130533
130535
130537
130538
130541
130544
130550
130553
130555
130557
130559
130561
130562
130563
130564
130567
130568
130569
130570
130572
130573
130575
130576
130577
130580
130583
130584
130586
130588
130589
130592
130595
130596
130597
130598
130599
130600
130602
130603
130604
130612
130618
130624
130626
130631
130640
130641
130646
130647
130648
130649
130650
130651
130655
130658
130659
130662
130663
130664
130665
130667
130668
130669
130670
130671
130672
130677
130681
130683
130684
130688
130690
130691
130692
130696
130702
130704
130709
130710
130718
130719
130722
130724
130728
130730
130732
130734
130736
130743
130744
130751
130753
130755
130756
130760
130762
130763
130765
130766
130772
130776
130777
130778
130780
130781
130783
130785
130787
130789
130790
130791
130800
130802
130803
130807
130809
130810
130814
130815
130816
130818
130823
130824
130826
130827
130830
130831
130832
130836
130838
130840
130842
130843
130844
130846
130851
130853
130854
130858
130861
130862
130866
130868
130872
130875
130876
130877
130879
130880
130881
130882
130891
130895
130898
130901
130905
130909
130912
130915
130916
130918
130919
130920
130921
130926
130927
130929
130930
130933
130935
130939
130940
130945
130947
130949
130950
130951
130953
130955
130959
130960
130961
130962
130964
130971
130972
130973
130974
130978
130979
130980
130982
130983
130986
130989
130992
130993
130994
130995
130996
130999
131003
131004
131005
131009
131010
131011
131013
131014
131015
131017
131018
131026
131028
131029
131040
131041
131043
131045
131046
131048
131049
131050
131051
131052
131053
131058
131059
131060
131061
131064
131066
131067
131074
131076
131077
131078
131083
131084
131085
131087
131089
131090
131092
131093
131097
131098
131100
131104
131107
131108
131109
131112
131116
131117
131121
131124
131125
131126
131127
131128
131129
131132
131135
131139
131145
131146
131147
131148
131150
131151
131155
131162
131163
131173
131175
131178
131179
131180
131181
131182
131183
131185
131190
131196
131199
131203
131204
131205
131207
131208
131210
131211
131212
131213
131214
131215
131217
131218
131220
131221
131222
131223
131225
131226
131227
131229
131232
131233
131235
131236
131241
131248
131249
131253
131255
131256
131259
131260
131262
131263
131271
131272
131274
131276
131283
131284
131285
131287
131289
131292
131295
131296
131297
131298
131300
131301
131307
131315
131317
131319
131320
131321
131324
131325
131326
131328
131329
131332
131333
131334
131336
131341
131343
131347
131350
131353
131354
131355
131362
131366
131367
131369
131374
131376
131379
131380
131381
131382
131385
131386
131389
131390
131391
131392
131393
131394
131395
131400
131403
131404
131405
131406
131411
131416
131417
131419
131420
131427
131428
131432
131433
131434
131441
131456
131458
131462
131465
131467
131468
131471
131473
131474
131475
131477
131478
131482
131483
131484
131486
131489
131492
131495
131497
131498
131499
131501
131502
131506
131517
131520
131521
131526
131527
131528
131531
131535
131536
131540
131543
131545
131551
131553
131556
131559
131567
131568
131572
131573
131574
131588
131589
131591
131593
131595
131602
131610
131615
131623
131627
131629
131630
131633
131635
131636
131638
131639
131642
131643
131647
131652
131653
131656
131657
131658
131661
131664
131665
131666
131668
131671
131675
131677
131678
131680
131681
131682
131683
131684
131689
131690
131693
131696
131701
131702
131704
131705
131711
131715
131716
131732
131738
131739
131740
131742
131745
131747
131749
131751
131754
131755
131756
131762
131768
131769
131774
131775
131784
131785
131788
131790
131797
131798
131803
131805
131806
131808
131811
131813
131814
131815
131816
131817
131818
131821
131823
131824
131826
131828
131831
131834
131835
131836
131842
131845
131849
131850
131851
131863
131868
131870
131875
131876
131884
131886
131887
131888
131890
131891
131894
131896
131897
131901
131905
131912
131915
131916
131918
131922
131923
131925
131927
131928
131929
131936
131938
131940
131941
131942
131943
131948
131951
131955
131959
131960
131965
131971
131978
131980
131991
131992
131994
131995
131996
131998
132003
132006
132008
132010
132011
132012
132013
132014
132015
132018
132021
132024
132026
132027
132029
132030
132033
132036
132040
132041
132049
132052
132054
132055
132056
132058
132061
132066
132067
132068
132070
132071
132072
132079
132084
132086
132087
132090
132092
132097
132098
132101
132103
132108
132111
132116
132117
132118
132119
132122
132123
132125
132126
132130
132131
132132
132138
132141
132142
132145
132148
132151
132157
132160
132165
132166
132167
132168
132169
132170
132172
132173
132175
132176
132177
132178
132185
132187
132191
132193
132194
132198
132199
132204
132206
132211
132214
132215
132218
132220
132221
132222
132225
132226
132227
132228
132231
132233
132235
132238
132240
132246
132250
132256
132257
132260
132261
132265
132267
132272
132275
132281
132282
132283
132284
132288
132291
132292
132294
132296
132298
132299
132300
132305
132309
132311
132315
132317
132321
132325
132327
132328
132331
132332
132333
132335
132337
132339
132340
132346
132351
132354
132355
132357
132359
132361
132363
132369
132371
132372
132380
132381
132382
132383
132395
132397
132401
132404
132405
132407
132417
132420
132421
132422
132424
132429
132431
132432
132435
132436
132438
132441
132446
132447
132449
132451
132452
132453
132454
132460
132462
132463
132469
132474
132475
132478
132479
132481
132482
132483
132484
132485
132487
132488
132489
132490
132491
132495
132498
132499
132501
132504
132506
132507
132509
132514
132526
132530
132534
132535
132538
132540
132541
132543
132549
132550
132551
132556
132559
132560
132565
132567
132572
132573
132575
132576
132578
132584
132585
132590
132591
132594
132595
132597
132600
132601
132602
132604
132606
132608
132611
132612
132616
132618
132620
132621
132623
132625
132629
132630
132633
132635
132637
132638
132644
132645
132648
132652
132653
132654
132656
132662
132664
132665
132667
132669
132671
132676
132678
132679
132682
132683
132689
132691
132692
132700
132701
132702
132703
132706
132709
132712
132713
132714
132715
132716
132717
132718
132720
132722
132724
132726
132728
132729
132730
132734
132737
132738
132741
132745
132746
132751
132754
132755
132759
132760
132761
132764
132767
132770
132772
132777
132779
132791
132792
132793
132802
132810
132811
132813
132814
132815
132816
132820
132821
132826
132828
132831
132832
132834
132835
132837
132838
132839
132840
132846
132849
132850
132852
132853
132855
132857
132858
132859
132860
132862
132869
132872
132874
132876
132877
132880
132881
132882
132884
132886
132889
132891
132894
132895
132897
132900
132901
132903
132905
132906
132909
132912
132916
132919
132921
132923
132924
132928
132929
132931
132933
132934
132939
132941
132944
132946
132949
132951
132952
132955
132956
132957
132967
132971
132976
132978
132979
132981
132982
132984
132988
132989
132990
132991
132992
132994
132995
132996
132997
132999
133000
133003
133012
133015
133016
133020
133022
133025
133027
133029
133030
133031
133037
133038
133047
133048
133051
133052
133055
133060
133065
133068
133071
133072
133073
133075
133076
133077
133078
133082
133086
133087
133089
133093
133099
133100
133101
133103
133104
133107
133108
133114
133115
133116
133117
133118
133122
133123
133124
133125
133129
133130
133131
133133
133135
133137
133138
133142
133145
133146
133147
133153
133163
133168
133170
133172
133176
133177
133179
133180
133187
133190
133192
133196
133200
133204
133208
133209
133212
133213
133217
133218
133219
133220
133222
133223
133225
133226
133227
133229
133231
133234
133240
133241
133243
133244
133252
133254
133255
133259
133269
133270
133271
133272
133273
133274
133275
133278
133282
133283
133286
133287
133288
133290
133292
133294
133295
133298
133303
133306
133308
133318
133324
133327
133328
133329
133330
133332
133333
133339
133341
133342
133347
133348
133351
133354
133358
133360
133362
133364
133366
133367
133370
133374
133381
133382
133384
133389
133390
133393
133395
133397
133399
133403
133404
133407
133408
133409
133417
133420
133422
133423
133424
133425
133426
133428
133430
133432
133433
133435
133436
133437
133440
133441
133445
133446
133447
133448
133451
133453
133454
133455
133457
133458
133460
133461
133463
133466
133467
133468
133469
133471
133477
133478
133481
133484
133488
133489
133492
133496
133498
133499
133500
133508
133510
133511
133523
133524
133525
133527
133528
133530
133531
133532
133534
133535
133536
133538
133542
133543
133544
133546
133553
133557
133559
133560
133561
133562
133566
133568
133570
133577
133581
133582
133585
133586
133593
133594
133595
133598
133603
133605
133609
133612
133617
133618
133620
133622
133625
133626
133627
133628
133632
133634
133635
133637
133638
133639
133642
133644
133645
133646
133650
133656
133658
133659
133663
133668
133669
133670
133671
133676
133678
133679
133680
133682
133687
133689
133692
133696
133699
133702
133703
133704
133707
133711
133712
133715
133717
133718
133719
133722
133731
133732
133741
133746
133760
133762
133763
133764
133765
133768
133772
133777
133778
133779
133780
133783
133787
133795
133798
133804
133805
133806
133808
133809
133810
133819
133821
133825
133827
133831
133837
133838
133839
133840
133841
133842
133845
133846
133847
133848
133852
133855
133860
133862
133863
133865
133868
133872
133873
133875
133877
133885
133886
133890
133898
133900
133901
133902
133903
133906
133912
133913
133914
133915
133916
133917
133918
133921
133922
133926
133927
133928
133930
133931
133933
133940
133944
133946
133949
133952
133955
133960
133962
133963
133964
133965
133971
133972
133975
133976
133983
133984
133985
133988
133989
133991
133994
133995
133996
133999
134001
134002
134003
134004
134008
134009
134011
134012
134017
134018
134024
134025
134026
134029
134032
134033
134034
134036
134037
134039
134041
134043
134046
134048
134050
134051
134052
134054
134055
134060
134061
134065
134069
134075
134076
134080
134083
134091
134094
134097
134104
134105
134109
134112
134117
134118
134120
134125
134126
134128
134129
134132
134133
134141
134142
134143
134144
134145
134146
134149
134150
134152
134153
134154
134155
134162
134165
134166
134173
134175
134176
134177
134179
134180
134183
134184
134186
134187
134188
134189
134195
134196
134197
134199
134200
134206
134208
134209
134212
134214
134216
134217
134218
134228
134230
134231
134232
134233
134234
134235
134238
134239
134245
134246
134248
134250
134251
134252
134253
134257
134264
134268
134271
134272
134275
134277
134280
134282
134283
134285
134286
134289
134291
134292
134294
134295
134296
134299
134300
134301
134302
134303
134308
134312
134314
134315
134320
134322
134324
134326
134328
134331
134332
134335
134342
134344
134345
134348
134351
134354
134355
134357
134358
134361
134362
134363
134364
134365
134366
134368
134369
134377
134378
134383
134389
134391
134392
134399
134400
134404
134405
134406
134407
134408
134414
134416
134418
134419
134420
134422
134425
134427
134428
134430
134436
134437
134440
134447
134449
134451
134454
134455
134457
134459
134460
134463
134465
134469
134472
134473
134475
134476
134481
134485
134488
134491
134493
134494
134500
134501
134507
134508
134510
134511
134512
134515
134519
134521
134522
134523
134526
134527
134528
134529
134530
134532
134536
134540
134541
134543
134545
134546
134550
134553
134556
134558
134561
134562
134563
134565
134567
134568
134569
134570
134571
134573
134576
134578
134580
134582
134586
134588
134591
134595
134599
134600
134603
134605
134608
134611
134619
134621
134623
134624
134630
134631
134632
134633
134635
134636
134637
134638
134641
134644
134650
134653
134654
134657
134658
134663
134664
134666
134669
134670
134672
134674
134675
134677
134678
134679
134680
134684
134691
134697
134698
134700
134703
134705
134709
134713
134717
134718
134719
134720
134722
134723
134724
134726
134727
134729
134730
134735
134737
134738
134741
134749
134753
134758
134760
134762
134766
134768
134773
134775
134776
134779
134782
134786
134788
134789
134791
134793
134794
134797
134798
134799
134803
134805
134806
134807
134811
134814
134815
134818
134819
134822
134823
134832
134835
134837
134839
134840
134841
134842
134843
134844
134846
134849
134852
134853
134854
134857
134861
134863
134865
134874
134876
134877
134885
134888
134889
134892
134896
134897
134901
134902
134907
134908
134911
134915
134916
134918
134919
134921
134925
134926
134929
134930
134932
134936
134939
134940
134941
134942
134943
134946
134947
134948
134949
134950
134951
134954
134956
134960
134961
134962
134963
134972
134973
134980
134981
134982
134983
134985
134988
134989
134990
134991
134992
134993
134999
135001
135005
135008
135011
135019
135020
135021
135025
135028
135032
135034
135035
135037
135039
135040
135042
135044
135045
135047
135048
135051
135052
135054
135058
135060
135061
135062
135063
135064
135066
135068
135074
135075
135079
135081
135083
135085
135087
135088
135089
135090
135091
135092
135098
135100
135102
135109
135110
135111
135112
135117
135118
135121
135122
135123
135125
135137
135138
135142
135144
135148
135152
135153
135154
135157
135159
135162
135163
135166
135170
135173
135175
135177
135178
135180
135181
135182
135187
135189
135190
135191
135192
135196
135198
135201
135203
135204
135207
135210
135212
135214
135215
135218
135220
135225
135230
135231
135233
135236
135237
135241
135243
135244
135250
135261
135262
135264
135266
135268
135270
135272
135274
135275
135276
135278
135280
135282
135283
135284
135287
135290
135291
135293
135294
135296
135297
135299
135302
135307
135308
135310
135311
135312
135314
135317
135322
135323
135326
135333
135335
135337
135338
135339
135341
135342
135347
135351
135352
135353
135356
135358
135361
135362
135363
135369
135370
135375
135382
135383
135384
135386
135389
135390
135391
135393
135397
135400
135403
135405
135415
135417
135418
135421
135422
135423
135424
135426
135429
135431
135432
135433
135438
135442
135443
135445
135446
135449
135450
135454
135455
135456
135459
135460
135465
135466
135470
135472
135476
135478
135480
135481
135484
135485
135486
135487
135488
135489
135490
135493
135510
135513
135522
135523
135525
135527
135528
135529
135531
135532
135535
135546
135552
135553
135557
135560
135562
135565
135566
135567
135578
135580
135584
135586
135589
135590
135591
135593
135594
135597
135598
135599
135601
135604
135607
135608
135613
135614
135626
135630
135632
135634
135637
135639
135640
135646
135647
135650
135653
135656
135658
135660
135661
135664
135665
135666
135668
135670
135672
135675
135676
135679
135688
135689
135691
135692
135693
135697
135698
135700
135701
135702
135704
135705
135707
135711
135712
135717
135719
135720
135723
135731
135737
135738
135740
135742
135745
135749
135753
135754
135755
135756
135760
135761
135765
135766
135768
135769
135776
135779
135783
135793
135794
135796
135799
135802
135812
135813
135814
135816
135817
135819
135820
135821
135824
135825
135828
135832
135833
135835
135836
135837
135841
135842
135844
135846
135848
135855
135858
135863
135864
135865
135868
135874
135877
135881
135887
135889
135892
135894
135895
135897
135898
135899
135900
135903
135905
135907
135908
135909
135912
135915
135916
135922
135923
135924
135925
135928
135930
135931
135932
135937
135938
135944
135945
135949
135950
135957
135961
135962
135967
135970
135971
135972
135976
135977
135979
135980
135984
135985
135987
135989
135993
135995
135998
135999
136001
136002
136004
136005
136010
136011
136013
136015
136017
136018
136019
136022
136023
136026
136029
136030
136031
136034
136037
136041
136044
136045
136057
136058
136060
136065
136071
136072
136073
136075
136076
136077
136082
136089
136090
136092
136094
136096
136098
136099
136101
136102
136104
136105
136106
136110
136115
136117
136118
136124
136125
136131
136133
136134
136138
136141
136143
136144
136145
136146
136148
136149
136150
136152
136162
136166
136170
136171
136174
136175
136183
136185
136187
136191
136198
136200
136201
136203
136205
136207
136211
136215
136218
136219
136221
136222
136223
136227
136229
136231
136234
136239
136243
136244
136247
136253
136254
136255
136257
136260
136261
136266
136267
136269
136271
136274
136278
136281
136282
136283
136285
136288
136292
136294
136296
136297
136298
136299
136300
136301
136302
136304
136305
136306
136309
136316
136317
136319
136325
136326
136327
136328
136330
136331
136334
136335
136337
136338
136341
136342
136343
136349
136356
136364
136365
136371
136374
136375
136379
136380
136383
136384
136385
136386
136388
136390
136393
136394
136395
136401
136404
136405
136410
136411
136416
136418
136423
136426
136432
136439
136441
136442
136446
136448
136454
136458
136461
136463
136464
136465
136467
136469
136470
136474
136475
136480
136481
136499
136503
136510
136511
136512
136513
136514
136517
136518
136520
136522
136523
136525
136527
136530
136531
136533
136534
136535
136539
136540
136541
136544
136551
136553
136555
136556
136562
136566
136568
136569
136579
136580
136584
136585
136586
136587
136588
136589
136591
136592
136598
136601
136602
136603
136605
136606
136609
136618
136624
136630
136634
136635
136636
136640
136641
136642
136645
136648
136650
136653
136655
136657
136658
136659
136660
136662
136665
136668
136669
136672
136673
136675
136680
136683
136684
136689
136690
136692
136697
136701
136702
136704
136708
136710
136711
136725
136726
136733
136734
136735
136737
136738
136739
136742
136744
136750
136751
136752
136759
136760
136761
136762
136764
136765
136766
136773
136775
136776
136778
136779
136781
136782
136789
136794
136800
136804
136805
136807
136808
136810
136811
136812
136819
136821
136823
136824
136827
136828
136829
136838
136849
136850
136851
136853
136855
136856
136857
136859
136860
136862
136863
136872
136873
136874
136875
136879
136881
136884
136886
136887
136888
136889
136894
136895
136897
136898
136899
136902
136906
136907
136911
136913
136915
136916
136919
136920
136922
136923
136925
136928
136931
136933
136934
136936
136941
136943
136944
136945
136947
136951
136957
136960
136962
136967
136968
136969
136975
136978
136980
136985
136989
136993
137002
137010
137014
137015
137018
137021
137022
137023
137035
137036
137037
137038
137039
137040
137047
137048
137049
137053
137054
137055
137058
137060
137061
137063
137065
137066
137069
137073
137074
137075
137077
137078
137079
137083
137085
137090
137094
137095
137096
137098
137101
137102
137104
137108
137113
137116
137117
137119
137120
137130
137131
137132
137135
137141
137142
137143
137144
137146
137149
137152
137155
137156
137157
137159
137163
137164
137165
137166
137171
137172
137173
137174
137175
137176
137177
137179
137180
137182
137187
137192
137194
137195
137200
137202
137204
137207
137210
137211
137212
137216
137218
137220
137222
137225
137229
137230
137232
137234
137238
137239
137240
137243
137244
137245
137249
137250
137251
137252
137253
137262
137263
137264
137266
137270
137273
137274
137277
137278
137285
137287
137288
137290
137292
137294
137295
137296
137299
137300
137301
137305
137310
137314
137317
137321
137323
137325
137330
137332
137334
137335
137338
137349
137350
137351
137357
137360
137361
137362
137363
137364
137365
137370
137375
137376
137377
137379
137382
137385
137386
137389
137390
137398
137400
137401
137406
137409
137410
137415
137419
137423
137425
137426
137430
137436
137441
137444
137445
137448
137449
137452
137455
137456
137457
137462
137466
137468
137473
137474
137477
137481
137483
137486
137488
137491
137494
137495
137496
137500
137504
137505
137509
137511
137513
137514
137515
137519
137523
137527
137528
137529
137531
137532
137534
137537
137542
137546
137547
137549
137553
137559
137564
137565
137571
137572
137573
137576
137579
137581
137583
137585
137586
137587
137588
137589
137590
137594
137596
137597
137599
137601
137602
137603
137609
137611
137616
137618
137621
137622
137623
137626
137627
137628
137629
137631
137632
137634
137637
137639
137640
137643
137647
137648
137649
137650
137656
137658
137659
137660
137662
137665
137667
137669
137670
137673
137676
137679
137681
137682
137686
137692
137698
137701
137702
137703
137704
137705
137715
137716
137717
137718
137721
137722
137729
137731
137732
137740
137741
137742
137744
137745
137746
137747
137749
137751
137753
137758
137761
137762
137763
137765
137766
137767
137768
137771
137772
137774
137776
137777
137781
137782
137784
137785
137789
137791
137792
137796
137797
137800
137803
137807
137809
137811
137812
137814
137817
137819
137821
137823
137824
137826
137837
137840
137841
137842
137845
137848
137850
137853
137858
137859
137862
137869
137871
137872
137874
137879
137880
137882
137888
137891
137894
137898
137899
137902
137903
137909
137910
137914
137916
137917
137922
137923
137925
137930
137934
137935
137938
137942
137943
137944
137945
137948
137949
137951
137953
137957
137958
137965
137966
137973
137977
137978
137980
137981
137982
137984
137988
137989
137995
138002
138009
138010
138012
138013
138014
138017
138019
138020
138023
138027
138028
138029
138030
138031
138036
138037
138039
138041
138046
138047
138050
138051
138053
138054
138055
138057
138059
138067
138068
138071
138080
138082
138084
138085
138086
138088
138092
138095
138096
138097
138103
138108
138110
138111
138113
138114
138118
138119
138121
138127
138128
138132
138137
138138
138139
138142
138149
138153
138165
138168
138171
138173
138174
138176
138178
138181
138183
138184
138187
138191
138193
138195
138196
138200
138203
138204
138205
138207
138208
138210
138211
138216
138217
138218
138221
138222
138223
138227
138230
138233
138237
138239
138241
138243
138246
138249
138253
138254
138255
138256
138257
138258
138260
138264
138266
138267
138268
138272
138273
138274
138277
138278
138279
138280
138281
138282
138285
138286
138290
138294
138296
138297
138300
138301
138303
138304
138309
138310
138313
138317
138320
138325
138327
138329
138330
138334
138335
138336
138337
138340
138344
138347
138349
138353
138361
138363
138366
138367
138369
138374
138375
138377
138385
138387
138390
138392
138393
138395
138400
138401
138408
138415
138417
138419
138420
138423
138424
138425
138427
138428
138430
138433
138435
138438
138439
138441
138444
138452
138454
138455
138456
138459
138460
138461
138462
138463
138466
138467
138468
138470
138471
138472
138475
138479
138480
138481
138485
138489
138493
138494
138496
138498
138499
138504
138513
138515
138520
138522
138529
138530
138531
138535
138540
138541
138554
138556
138557
138560
138561
138563
138564
138566
138569
138571
138572
138574
138575
138578
138579
138580
138581
138582
138583
138587
138593
138601
138602
138604
138605
138608
138609
138611
138612
138618
138627
138629
138631
138633
138635
138636
138637
138640
138641
138646
138649
138650
138653
138655
138656
138659
138660
138661
138665
138668
138669
138671
138672
138674
138675
138676
138678
138681
138686
138687
138689
138690
138691
138693
138695
138700
138703
138711
138712
138717
138722
138723
138724
138726
138729
138730
138732
138734
138736
138738
138739
138746
138747
138755
138756
138759
138760
138763
138764
138765
138766
138769
138773
138776
138777
138778
138782
138783
138784
138789
138795
138797
138798
138799
138800
138804
138807
138808
138811
138812
138814
138818
138820
138822
138824
138827
138832
138834
138835
138836
138837
138839
138843
138844
138846
138847
138848
138851
138852
138853
138859
138860
138864
138866
138870
138871
138873
138874
138878
138880
138884
138886
138889
138890
138894
138895
138905
138906
138907
138911
138912
138913
138919
138921
138925
138926
138929
138931
138932
138933
138934
138936
138942
138943
138950
138956
138960
138962
138964
138968
138972
138974
138976
138979
138980
138981
138983
138984
138985
138991
138992
138994
138995
138999
139001
139002
139004
139005
139009
139012
139013
139014
139019
139020
139022
139024
139025
139026
139029
139030
139032
139033
139035
139038
139040
139042
139043
139044
139045
139049
139050
139052
139056
139058
139060
139062
139064
139065
139067
139078
139080
139081
139083
139085
139086
139087
139090
139092
139094
139099
139102
139103
139105
139107
139108
139112
139114
139115
139117
139119
139120
139122
139124
139129
139130
139132
139134
139142
139143
139145
139147
139149
139150
139153
139154
139155
139156
139159
139166
139167
139170
139171
139174
139175
139177
139181
139182
139183
139187
139189
139190
139191
139192
139199
139201
139205
139208
139209
139210
139211
139212
139213
139217
139218
139223
139226
139229
139236
139238
139240
139244
139245
139249
139250
139251
139254
139255
139258
139265
139269
139270
139271
139274
139275
139282
139287
139290
139292
139293
139298
139301
139302
139307
139309
139310
139315
139318
139323
139325
139326
139328
139331
139333
139334
139336
139339
139342
139344
139349
139351
139353
139356
139358
139360
139361
139364
139367
139372
139373
139376
139380
139381
139383
139386
139387
139391
139393
139394
139401
139409
139414
139415
139417
139418
139422
139423
139425
139428
139429
139432
139433
139435
139437
139439
139441
139442
139444
139446
139447
139449
139450
139452
139454
139455
139456
139457
139461
139462
139464
139465
139468
139469
139470
139471
139473
139475
139479
139480
139481
139483
139484
139487
139488
139489
139490
139493
139494
139495
139496
139499
139502
139503
139505
139506
139507
139508
139509
139510
139511
139512
139513
139517
139519
139525
139526
139528
139531
139532
139536
139537
139538
139539
139540
139542
139550
139552
139553
139556
139559
139562
139564
139566
139569
139570
139571
139574
139575
139577
139578
139579
139580
139581
139584
139587
139588
139591
139592
139593
139594
139597
139600
139601
139602
139603
139605
139607
139608
139611
139623
139624
139627
139628
139630
139631
139634
139639
139641
139645
139655
139657
139658
139668
139670
139671
139675
139676
139679
139682
139688
139689
139690
139692
139697
139700
139701
139702
139707
139709
139712
139714
139715
139716
139719
139720
139721
139727
139738
139739
139740
139741
139742
139743
139744
139747
139748
139752
139754
139756
139761
139762
139763
139766
139769
139772
139778
139782
139784
139787
139789
139791
139796
139797
139800
139803
139804
139805
139806
139807
139808
139809
139812
139813
139814
139815
139817
139818
139821
139822
139826
139827
139829
139831
139832
139834
139839
139840
139843
139847
139853
139855
139856
139857
139858
139860
139864
139865
139866
139867
139868
139869
139873
139874
139876
139877
139879
139881
139882
139884
139885
139890
139891
139892
139895
139896
139897
139898
139899
139900
139903
139908
139912
139913
139915
139916
139917
139920
139921
139922
139923
139924
139926
139928
139929
139931
139932
139933
139934
139936
139937
139938
139939
139940
139941
139945
139946
139947
139948
139951
139952
139956
139957
139959
139961
139964
139965
139966
139968
139969
139970
139974
139976
139978
139980
139981
139985
139987
139990
139991
139992
139995
139996
140000
140002
140003
140010
140011
140013
140018
140021
140022
140026
140027
140030
140033
140036
140037
140038
140039
140041
140045
140049
140050
140053
140054
140056
140057
140059
140060
140064
140065
140067
140068
140069
140072
140073
140074
140075
140076
140077
140080
140081
140082
140086
140089
140091
140093
140094
140095
140098
140102
140104
140105
140107
140109
140114
140115
140117
140118
140121
140130
140136
140140
140144
140149
140150
140151
140152
140154
140155
140161
140165
140167
140171
140172
140173
140175
140176
140177
140179
140182
140183
140184
140185
140189
140190
140192
140196
140197
140198
140202
140211
140213
140216
140219
140221
140223
140229
140231
140237
140238
140240
140241
140242
140249
140252
140255
140259
140267
140275
140277
140280
140281
140284
140286
140287
140290
140294
140296
140297
140299
140301
140302
140305
140313
140314
140316
140317
140318
140326
140329
140331
140332
140341
140343
140344
140346
140350
140353
140356
140357
140358
140359
140364
140365
140367
140368
140369
140372
140374
140375
140376
140383
140386
140387
140389
140391
140394
140398
140399
140402
140405
140409
140410
140413
140415
140418
140420
140422
140426
140432
140435
140442
140443
140444
140448
140451
140455
140456
140459
140460
140465
140467
140471
140472
140477
140479
140481
140482
140486
140487
140489
140490
140494
140495
140496
140497
140500
140503
140504
140505
140508
140513
140517
140518
140520
140521
140522
140527
140529
140532
140534
140535
140542
140545
140546
140548
140554
140559
140560
140561
140562
140565
140568
140571
140572
140573
140575
140579
140581
140582
140583
140585
140586
140588
140590
140592
140593
140594
140595
140598
140599
140601
140602
140603
140607
140611
140612
140615
140621
140622
140624
140628
140634
140640
140643
140645
140646
140654
140656
140657
140661
140663
140666
140667
140669
140676
140677
140682
140683
140685
140686
140695
140697
140700
140702
140705
140707
140708
140712
140714
140715
140717
140721
140726
140728
140729
140731
140732
140733
140735
140738
140739
140742
140743
140745
140746
140747
140749
140751
140753
140754
140755
140756
140757
140758
140760
140765
140766
140767
140769
140770
140772
140773
140774
140777
140779
140780
140781
140787
140788
140790
140792
140793
140795
140800
140801
140802
140806
140813
140814
140817
140821
140824
140827
140828
140832
140834
140835
140836
140842
140846
140847
140852
140855
140858
140859
140860
140862
140863
140865
140867
140875
140877
140878
140881
140883
140885
140886
140887
140888
140890
140891
140892
140895
140896
140897
140898
140901
140903
140907
140909
140911
140914
140915
140916
140917
140920
140923
140925
140926
140929
140932
140935
140940
140941
140946
140961
140962
140964
140965
140966
140969
140972
140975
140979
140980
140986
140987
140988
140989
140991
140993
140996
140999
141005
141006
141018
141019
141022
141024
141028
141029
141030
141032
141036
141038
141044
141046
141047
141048
141049
141051
141053
141054
141055
141056
141060
141061
141065
141067
141069
141073
141075
141077
141081
141085
141087
141091
141093
141094
141099
141101
141103
141104
141108
141109
141110
141111
141112
141117
141120
141123
141127
141132
141136
141137
141138
141139
141140
141141
141143
141144
141145
141149
141150
141151
141152
141159
141160
141161
141163
141164
141166
141169
141173
141174
141176
141178
141182
141184
141185
141195
141197
141198
141201
141202
141203
141206
141208
141213
141216
141218
141220
141225
141226
141229
141237
141241
141244
141249
141251
141254
141257
141259
141262
141266
141268
141269
141274
141279
141281
141282
141286
141287
141293
141297
141298
141299
141301
141302
141303
141305
141308
141309
141314
141317
141318
141328
141329
141332
141333
141335
141336
141337
141343
141344
141350
141351
141352
141353
141356
141359
141360
141367
141371
141374
141375
141376
141378
141380
141381
141386
141388
141394
141399
141400
141403
141405
141406
141407
141408
141410
141411
141412
141414
141417
141418
141419
141420
141423
141424
141427
141429
141434
141438
141439
141441
141444
141448
141453
141455
141462
141463
141464
141466
141468
141472
141473
141474
141475
141476
141477
141478
141479
141483
141485
141488
141490
141496
141497
141498
141499
141501
141502
141508
141512
141513
141518
141524
141525
141527
141530
141531
141534
141535
141536
141539
141540
141541
141544
141545
141553
141555
141557
141559
141561
141564
141567
141569
141570
141571
141577
141578
141587
141589
141592
141593
141597
141599
141601
141606
141610
141611
141612
141617
141624
141625
141631
141635
141639
141641
141643
141647
141648
141649
141650
141651
141652
141653
141658
141659
141662
141663
141665
141674
141677
141680
141683
141687
141688
141690
141692
141693
141694
141696
141697
141698
141699
141700
141701
141702
141703
141704
141708
141710
141711
141714
141715
141719
141722
141726
141728
141731
141734
141735
141738
141740
141741
141745
141751
141752
141756
141757
141758
141759
141761
141763
141764
141767
141773
141776
141777
141779
141781
141787
141794
141796
141797
141798
141799
141802
141803
141805
141811
141813
141814
141817
141818
141820
141822
141823
141825
141826
141827
141829
141834
141835
141837
141839
141842
141845
141846
141847
141849
141851
141852
141857
141858
141861
141866
141868
141870
141873
141874
141875
141876
141878
141881
141883
141884
141887
141888
141890
141900
141905
141906
141909
141913
141918
141919
141924
141926
141928
141931
141932
141934
141936
141940
141946
141947
141951
141953
141956
141958
141959
141961
141963
141970
141971
141974
141976
141981
141982
141989
141991
142004
142005
142008
142009
142010
142015
142019
142021
142024
142028
142030
142038
142043
142045
142047
142048
142051
142053
142054
142055
142056
142060
142063
142064
142069
142072
142076
142079
142085
142091
142093
142094
142095
142096
142097
142098
142099
142100
142101
142102
142105
142106
142107
142108
142111
142112
142114
142117
142118
142120
142122
142124
142125
142126
142127
142130
142131
142132
142133
142141
142144
142146
142151
142154
142155
142156
142157
142163
142164
142165
142166
142169
142170
142171
142173
142174
142177
142180
142184
142189
142190
142191
142195
142198
142199
142201
142204
142206
142208
142209
142210
142212
142213
142214
142215
142218
142223
142225
142226
142227
142229
142230
142233
142237
142238
142240
142243
142245
142251
142253
142257
142259
142260
142261
142267
142269
142271
142272
142274
142277
142279
142281
142283
142284
142287
142289
142290
142291
142294
142296
142298
142299
142300
142308
142318
142320
142322
142328
142329
142331
142333
142337
142340
142341
142342
142352
142354
142359
142360
142361
142363
142367
142368
142370
142374
142376
142379
142381
142382
142384
142385
142386
142388
142395
142400
142403
142404
142408
142410
142413
142415
142416
142419
142422
142424
142426
142427
142429
142431
142432
142434
142437
142439
142440
142441
142444
142445
142449
142455
142456
142458
142460
142462
142463
142467
142468
142471
142472
142473
142475
142478
142482
142484
142485
142487
142490
142495
142499
142500
142501
142506
142507
142509
142510
142511
142512
142514
142516
142520
142523
142530
142533
142534
142535
142536
142537
142538
142540
142541
142542
142544
142549
142550
142552
142556
142559
142566
142567
142568
142569
142570
142572
142576
142580
142581
142586
142589
142594
142596
142603
142604
142607
142609
142610
142612
142613
142619
142620
142624
142625
142628
142629
142631
142635
142637
142638
142640
142641
142642
142644
142646
142648
142650
142651
142654
142657
142663
142664
142667
142669
142671
142675
142676
142677
142678
142681
142688
142691
142693
142694
142699
142701
142707
142710
142712
142715
142717
142718
142724
142728
142731
142733
142734
142735
142736
142742
142743
142745
142747
142749
142750
142753
142756
142761
142763
142770
142771
142772
142773
142776
142779
142780
142781
142786
142788
142789
142790
142791
142792
142794
142795
142811
142821
142822
142828
142834
142835
142838
142841
142842
142848
142853
142865
142866
142867
142869
142870
142871
142874
142875
142877
142878
142879
142881
142882
142884
142885
142887
142889
142890
142892
142895
142901
142904
142906
142907
142908
142910
142912
142918
142920
142923
142925
142929
142931
142932
142933
142934
142935
142936
142938
142941
142943
142944
142946
142950
142953
142957
142958
142962
142963
142965
142968
142970
142973
142977
142978
142985
142986
142993
142995
143000
143003
143006
143010
143012
143014
143015
143018
143019
143020
143022
143026
143027
143029
143033
143034
143035
143037
143038
143040
143042
143047
143048
143052
143053
143054
143055
143057
143060
143063
143065
143069
143073
143074
143079
143080
143081
143083
143084
143089
143091
143094
143095
143096
143097
143104
143105
143107
143111
143113
143114
143115
143116
143117
143124
143129
143130
143131
143132
143136
143140
143141
143144
143146
143147
143153
143154
143158
143160
143161
143162
143166
143167
143171
143173
143175
143178
143180
143181
143183
143184
143186
143188
143190
143191
143192
143195
143199
143204
143205
143208
143212
143214
143218
143222
143224
143230
143234
143238
143239
143242
143243
143254
143259
143264
143265
143268
143269
143271
143274
143279
143280
143282
143289
143290
143292
143294
143296
143297
143304
143307
143309
143313
143316
143318
143319
143320
143321
143325
143326
143328
143330
143331
143332
143334
143336
143338
143339
143340
143342
143345
143347
143349
143352
143353
143354
143355
143359
143362
143363
143365
143368
143373
143375
143380
143383
143384
143386
143388
143394
143395
143396
143399
143400
143405
143411
143412
143413
143417
143423
143428
143431
143432
143435
143439
143443
143446
143447
143448
143449
143450
143451
143452
143460
143462
143464
143465
143466
143467
143469
143471
143474
143478
143479
143480
143484
143489
143490
143493
143494
143495
143499
143500
143501
143502
143508
143509
143510
143513
143514
143517
143518
143520
143521
143524
143525
143527
143529
143532
143534
143536
143537
143545
143546
143552
143555
143558
143561
143562
143564
143567
143569
143570
143572
143573
143576
143577
143578
143580
143581
143583
143585
143587
143588
143589
143590
143593
143597
143605
143608
143609
143610
143613
143617
143618
143622
143627
143629
143630
143633
143634
143635
143639
143641
143643
143646
143649
143650
143653
143661
143665
143668
143673
143674
143677
143680
143682
143686
143689
143694
143696
143697
143698
143699
143700
143701
143704
143706
143709
143710
143714
143718
143721
143722
143724
143725
143727
143732
143733
143734
143735
143736
143739
143740
143741
143742
143743
143751
143755
143756
143757
143759
143762
143765
143767
143768
143771
143773
143774
143775
143780
143781
143784
143787
143792
143797
143798
143800
143801
143802
143804
143806
143807
143810
143812
143813
143814
143815
143816
143817
143818
143819
143820
143825
143827
143828
143830
143833
143834
143837
143839
143840
143847
143848
143849
143855
143859
143860
143864
143866
143872
143883
143884
143885
143888
143889
143892
143898
143903
143908
143910
143911
143913
143914
143916
143919
143923
143926
143928
143932
143937
143941
143942
143947
143948
143949
143950
143952
143956
143958
143959
143967
143968
143969
143977
143979
143981
143984
143989
143990
143991
143993
143996
143998
143999
144004
144005
144007
144011
144012
144014
144021
144024
144026
144027
144029
144030
144032
144035
144036
144039
144040
144042
144052
144054
144057
144062
144063
144067
144070
144071
144074
144075
144076
144082
144086
144087
144088
144090
144091
144094
144098
144100
144102
144105
144109
144110
144111
144115
144122
144126
144130
144131
144132
144134
144135
144136
144143
144145
144154
144156
144159
144160
144163
144164
144165
144167
144169
144173
144175
144176
144178
144179
144180
144183
144185
144188
144189
144191
144194
144196
144197
144198
144201
144202
144203
144206
144207
144209
144210
144213
144214
144215
144217
144221
144222
144223
144224
144225
144226
144227
144228
144229
144230
144232
144235
144237
144238
144240
144241
144245
144246
144247
144250
144252
144255
144259
144262
144264
144265
144266
144267
144269
144270
144271
144272
144276
144278
144283
144284
144288
144289
144291
144294
144295
144296
144299
144300
144301
144303
144305
144306
144307
144312
144313
144314
144315
144320
144321
144322
144325
144326
144327
144332
144334
144337
144338
144339
144340
144341
144343
144346
144347
144350
144351
144352
144359
144361
144363
144366
144368
144370
144371
144375
144379
144381
144382
144383
144384
144385
144389
144391
144394
144403
144404
144406
144411
144414
144419
144420
144421
144422
144424
144433
144434
144436
144437
144440
144444
144445
144448
144452
144453
144454
144455
144456
144459
144461
144468
144470
144471
144472
144474
144475
144476
144478
144480
144481
144485
144490
144492
144493
144501
144504
144505
144506
144507
144509
144516
144517
144520
144521
144522
144523
144524
144525
144526
144527
144529
144530
144532
144536
144544
144546
144547
144548
144549
144550
144552
144553
144555
144557
144562
144564
144566
144571
144573
144575
144578
144579
144580
144581
144582
144584
144589
144591
144592
144595
144600
144601
144603
144604
144614
144615
144616
144617
144619
144621
144623
144627
144629
144631
144633
144640
144642
144643
144647
144650
144652
144655
144657
144658
144659
144663
144666
144667
144668
144673
144674
144675
144676
144678
144680
144681
144683
144686
144688
144691
144695
144698
144699
144702
144709
144713
144714
144716
144718
144719
144724
144726
144728
144729
144730
144731
144733
144734
144738
144739
144742
144743
144744
144747
144751
144753
144754
144755
144758
144760
144763
144766
144767
144768
144771
144772
144776
144778
144781
144783
144784
144787
144789
144790
144799
144804
144809
144813
144815
144821
144823
144824
144827
144832
144833
144834
144836
144840
144841
144849
144856
144858
144859
144868
144869
144872
144873
144876
144879
144880
144883
144886
144888
144891
144907
144913
144915
144917
144924
144929
144930
144937
144938
144943
144947
144948
144949
144951
144952
144953
144957
144959
144964
144966
144967
144968
144969
144971
144972
144975
144978
144982
144983
144984
144985
144989
144990
144997
145003
145005
145007
145009
145016
145017
145019
145021
145026
145031
145034
145035
145038
145046
145048
145051
145054
145055
145057
145058
145059
145061
145062
145064
145065
145068
145071
145073
145075
145076
145078
145079
145080
145082
145086
145088
145093
145096
145097
145101
145108
145109
145110
145111
145112
145114
145116
145120
145121
145124
145128
145131
145132
145133
145138
145139
145140
145141
145144
145147
145153
145154
145157
145167
145170
145174
145176
145180
145184
145185
145188
145189
145191
145195
145196
145198
145200
145203
145205
145208
145209
145210
145214
145218
145221
145223
145224
145228
145230
145232
145236
145237
145241
145244
145245
145248
145249
145253
145254
145258
145261
145262
145267
145268
145269
145271
145274
145278
145281
145286
145288
145289
145290
145292
145296
145297
145306
145310
145313
145314
145317
145320
145321
145323
145326
145330
145331
145332
145333
145334
145335
145338
145340
145348
145364
145365
145366
145369
145370
145371
145372
145373
145376
145377
145381
145382
145387
145389
145391
145393
145394
145396
145403
145405
145407
145409
145410
145412
145414
145415
145416
145418
145421
145424
145426
145428
145430
145433
145434
145436
145438
145444
145445
145453
145461
145466
145468
145470
145471
145477
145478
145479
145480
145481
145485
145487
145488
145492
145495
145497
145498
145499
145501
145502
145504
145507
145510
145514
145519
145522
145523
145527
145535
145536
145537
145538
145540
145542
145543
145547
145549
145556
145559
145562
145564
145565
145567
145569
145570
145572
145573
145580
145581
145584
145585
145586
145587
145589
145591
145593
145602
145603
145605
145608
145611
145613
145614
145617
145620
145621
145624
145629
145630
145635
145637
145638
145640
145643
145646
145649
145651
145654
145658
145660
145663
145666
145667
145668
145671
145674
145675
145682
145687
145690
145692
145693
145695
145696
145700
145701
145704
145706
145709
145713
145721
145724
145725
145726
145727
145729
145730
145736
145738
145744
145748
145750
145751
145756
145758
145759
145761
145763
145764
145768
145770
145771
145773
145774
145776
145777
145778
145783
145786
145789
145797
145799
145804
145811
145813
145815
145816
145818
145821
145823
145825
145827
145829
145830
145832
145833
145834
145837
145841
145842
145843
145845
145851
145852
145870
145871
145873
145874
145875
145879
145883
145889
145892
145894
145895
145897
145898
145899
145900
145902
145904
145908
145910
145913
145915
145917
145918
145921
145924
145925
145926
145927
145930
145936
145943
145944
145947
145950
145951
145952
145957
145958
145965
145969
145973
145976
145977
145978
145979
145982
145983
145984
145985
145988
145996
146001
146002
146005
146009
146010
146018
146019
146020
146024
146028
146029
146030
146031
146037
146038
146041
146043
146044
146047
146048
146049
146051
146053
146055
146056
146063
146064
146065
146068
146071
146073
146075
146076
146081
146082
146084
146087
146088
146091
146095
146096
146098
146100
146101
146102
146104
146106
146109
146114
146115
146116
146120
146124
146126
146127
146128
146129
146131
146136
146139
146142
146145
146146
146147
146150
146152
146153
146158
146159
146160
146163
146165
146168
146169
146171
146173
146174
146175
146179
146181
146185
146187
146190
146193
146200
146203
146204
146208
146210
146214
146218
146220
146222
146226
146227
146231
146232
146234
146236
146243
146246
146247
146248
146249
146251
146252
146256
146258
146260
146261
146262
146264
146271
146272
146275
146278
146281
146283
146287
146288
146289
146293
146295
146298
146299
146303
146305
146315
146317
146318
146320
146321
146322
146323
146327
146333
146340
146345
146350
146351
146353
146357
146362
146364
146366
146367
146373
146375
146376
146378
146381
146383
146389
146391
146393
146395
146396
146398
146399
146401
146403
146404
146406
146410
146411
146416
146419
146420
146422
146425
146428
146429
146433
146438
146439
146442
146446
146448
146449
146453
146456
146462
146465
146466
146469
146470
146472
146473
146475
146478
146482
146486
146487
146490
146491
146492
146493
146497
146500
146501
146505
146508
146511
146513
146516
146517
146521
146523
146524
146526
146527
146528
146531
146537
146539
146541
146542
146545
146546
146547
146550
146552
146557
146559
146560
146564
146572
146575
146576
146579
146580
146582
146584
146587
146588
146591
146594
146595
146597
146598
146600
146603
146614
146615
146616
146618
146619
146621
146624
146625
146629
146631
146635
146641
146642
146643
146644
146647
146656
146657
146659
146661
146662
146663
146664
146665
146667
146668
146670
146679
146681
146683
146684
146685
146691
146693
146696
146698
146699
146707
146709
146711
146713
146717
146722
146723
146726
146728
146730
146732
146733
146736
146737
146738
146739
146751
146760
146761
146765
146766
146768
146771
146772
146774
146776
146777
146778
146779
146781
146784
146786
146789
146796
146800
146805
146808
146810
146815
146816
146818
146822
146823
146825
146826
146831
146833
146838
146841
146842
146843
146844
146845
146846
146850
146854
146856
146858
146860
146861
146864
146872
146873
146874
146875
146877
146883
146886
146888
146891
146892
146895
146896
146897
146898
146899
146900
146901
146905
146907
146909
146911
146915
146917
146918
146920
146921
146924
146928
146931
146935
146937
146938
146940
146948
146949
146950
146951
146954
146955
146959
146961
146962
146963
146964
146968
146969
146971
146977
146979
146981
146984
146992
146995
147000
147006
147007
147008
147009
147012
147013
147014
147016
147024
147025
147027
147029
147031
147032
147033
147034
147040
147045
147051
147052
147053
147059
147062
147063
147064
147065
147068
147071
147072
147075
147076
147077
147081
147083
147085
147090
147091
147093
147096
147103
147105
147107
147116
147124
147127
147128
147131
147132
147134
147136
147137
147139
147143
147144
147145
147149
147155
147156
147159
147160
147164
147165
147166
147168
147171
147178
147181
147184
147185
147192
147195
147197
147198
147201
147202
147203
147204
147205
147206
147207
147212
147214
147215
147221
147222
147226
147228
147233
147235
147236
147239
147241
147243
147245
147247
147249
147250
147252
147254
147256
147258
147261
147267
147269
147272
147273
147274
147275
147277
147278
147280
147282
147286
147290
147291
147293
147295
147302
147304
147305
147312
147315
147317
147318
147320
147324
147327
147328
147332
147333
147335
147336
147340
147343
147345
147349
147350
147351
147352
147353
147356
147363
147366
147369
147371
147373
147376
147377
147378
147379
147383
147389
147390
147394
147395
147397
147398
147401
147402
147404
147408
147412
147413
147414
147418
147419
147422
147425
147426
147427
147429
147438
147440
147441
147443
147444
147445
147449
147451
147452
147456
147458
147462
147463
147465
147467
147470
147471
147474
147477
147479
147484
147485
147488
147492
147495
147496
147498
147510
147511
147513
147519
147523
147526
147527
147530
147532
147535
147538
147545
147546
147547
147550
147554
147555
147559
147560
147561
147567
147568
147569
147574
147579
147583
147585
147586
147587
147589
147594
147595
147597
147598
147600
147601
147602
147603
147605
147607
147608
147609
147610
147613
147617
147618
147619
147623
147626
147630
147634
147642
147644
147646
147649
147650
147651
147653
147654
147658
147663
147665
147668
147670
147672
147675
147676
147678
147679
147680
147683
147685
147687
147689
147690
147691
147693
147695
147696
147698
147702
147705
147709
147712
147718
147720
147721
147724
147725
147727
147729
147731
147732
147734
147736
147738
147739
147740
147746
147748
147750
147751
147752
147753
147755
147758
147759
147762
147769
147771
147773
147774
147775
147776
147777
147784
147785
147786
147788
147793
147794
147795
147800
147801
147803
147804
147806
147810
147812
147813
147816
147828
147829
147833
147834
147836
147837
147840
147842
147846
147849
147853
147861
147862
147865
147868
147870
147873
147875
147881
147882
147883
147885
147886
147890
147892
147894
147896
147899
147901
147906
147909
147911
147914
147917
147920
147922
147932
147934
147938
147940
147941
147943
147948
147955
147957
147965
147966
147969
147976
147978
147979
147984
147986
147990
147991
147992
147996
147998
148003
148006
148007
148008
148009
148011
148013
148016
148018
148019
148020
148026
148027
148029
148033
148039
148040
148041
148042
148044
148045
148047
148052
148059
148062
148064
148066
148070
148071
148073
148075
148076
148077
148082
148083
148084
148086
148088
148090
148093
148094
148095
148101
148105
148108
148110
148111
148114
148115
148116
148119
148121
148122
148124
148125
148127
148130
148133
148138
148140
148144
148150
148152
148154
148162
148164
148167
148176
148179
148185
148187
148189
148191
148194
148198
148200
148214
148215
148216
148217
148218
148221
148223
148227
148231
148235
148237
148238
148240
148241
148242
148243
148249
148250
148253
148258
148259
148260
148263
148265
148266
148267
148270
148278
148279
148280
148282
148283
148290
148292
148294
148295
148296
148297
148301
148302
148304
148305
148306
148307
148308
148309
148311
148315
148317
148318
148323
148324
148326
148328
148329
148331
148332
148333
148335
148340
148341
148342
148345
148348
148352
148366
148367
148369
148370
148371
148374
148381
148384
148386
148387
148388
148394
148395
148397
148404
148410
148413
148416
148418
148432
148433
148435
148437
148440
148441
148442
148443
148444
148445
148446
148449
148456
148457
148460
148463
148467
148469
148471
148472
148474
148481
148484
148486
148491
148493
148495
148496
148500
148501
148503
148506
148508
148514
148519
148528
148529
148531
148534
148535
148537
148538
148539
148540
148546
148553
148554
148561
148566
148567
148568
148574
148575
148576
148577
148579
148580
148582
148585
148596
148599
148602
148604
148605
148607
148609
148612
148613
148616
148617
148619
148622
148625
148627
148628
148632
148635
148640
148641
148643
148647
148650
148653
148654
148657
148658
148660
148664
148667
148669
148673
148674
148678
148684
148689
148690
148691
148693
148694
148696
148699
148700
148701
148703
148707
148711
148713
148716
148718
148723
148726
148727
148735
148736
148737
148738
148739
148741
148742
148745
148747
148749
148751
148752
148753
148754
148756
148757
148758
148759
148762
148763
148765
148766
148770
148771
148772
148773
148774
148777
148785
148786
148787
148789
148790
148791
148796
148797
148800
148803
148809
148811
148812
148816
148820
148821
148822
148823
148826
148829
148834
148835
148838
148840
148841
148843
148848
148850
148854
148855
148857
148859
148860
148861
148863
148864
148865
148866
148869
148870
148871
148873
148877
148879
148880
148881
148882
148883
148885
148890
148892
148893
148899
148902
148905
148906
148907
148911
148915
148918
148919
148924
148925
148927
148928
148933
148936
148941
148943
148946
148947
148949
148952
148956
148959
148960
148962
148964
148965
148971
148976
148977
148980
148986
148989
148991
148993
148996
148998
148999
149001
149003
149007
149008
149010
149011
149014
149021
149028
149029
149030
149031
149032
149035
149036
149040
149044
149047
149048
149050
149052
149054
149058
149059
149060
149062
149064
149066
149071
149073
149074
149075
149076
149080
149081
149082
149085
149088
149091
149092
149093
149097
149099
149101
149102
149103
149106
149110
149113
149115
149117
149118
149120
149122
149123
149124
149126
149127
149129
149130
149133
149134
149135
149138
149142
149143
149144
149145
149146
149149
149152
149153
149154
149158
149160
149161
149162
149165
149167
149169
149171
149174
149176
149181
149186
149187
149188
149191
149194
149195
149196
149198
149201
149204
149207
149213
149215
149216
149226
149227
149230
149231
149233
149234
149237
149238
149241
149243
149246
149247
149248
149250
149251
149255
149256
149261
149267
149270
149271
149274
149277
149280
149281
149285
149288
149289
149293
149294
149297
149299
149300
149301
149302
149303
149304
149308
149309
149312
149313
149314
149316
149317
149318
149319
149320
149321
149322
149323
149324
149325
149327
149329
149332
149335
149338
149341
149346
149347
149350
149353
149356
149358
149359
149360
149365
149366
149367
149369
149371
149372
149373
149381
149382
149387
149388
149393
149397
149402
149405
149408
149409
149410
149411
149413
149416
149417
149428
149429
149435
149439
149443
149445
149446
149447
149456
149459
149460
149461
149462
149463
149468
149471
149473
149475
149477
149482
149486
149492
149493
149496
149500
149503
149507
149511
149516
149518
149524
149525
149530
149531
149532
149533
149541
149543
149544
149545
149546
149548
149549
149551
149553
149555
149556
149557
149559
149561
149566
149568
149571
149573
149575
149578
149581
149582
149584
149586
149590
149591
149592
149596
149601
149604
149605
149610
149611
149615
149620
149621
149622
149624
149627
149628
149630
149631
149642
149643
149644
149646
149649
149650
149651
149652
149656
149659
149660
149665
149667
149675
149678
149681
149683
149686
149687
149690
149691
149695
149702
149703
149704
149707
149708
149710
149711
149713
149714
149716
149718
149720
149721
149722
149723
149724
149725
149729
149730
149734
149736
149738
149743
149746
149747
149753
149754
149756
149757
149759
149762
149764
149765
149766
149767
149769
149770
149775
149776
149778
149779
149782
149783
149785
149786
149791
149793
149797
149799
149802
149804
149810
149814
149816
149818
149819
149820
149821
149829
149832
149833
149837
149840
149841
149842
149846
149847
149848
149851
149853
149854
149855
149858
149862
149863
149864
149866
149871
149873
149875
149879
149880
149881
149883
149885
149887
149890
149893
149894
149895
149896
149902
149903
149904
149906
149907
149909
149911
149914
149915
149916
149917
149918
149927
149928
149930
149931
149933
149934
149943
149944
149948
149949
149953
149959
149961
149963
149964
149965
149973
149975
149976
149977
149979
149983
149984
149985
149986
149989
149990
149995
149996
150007
150008
150009
150010
150015
150016
150019
150021
150023
150024
150025
150026
150028
150033
150034
150036
150038
150039
150041
150042
150048
150063
150066
150067
150068
150070
150071
150072
150080
150082
150086
150087
150088
150089
150090
150099
150100
150101
150102
150105
150106
150108
150112
150115
150116
150117
150121
150122
150125
150126
150128
150131
150137
150140
150141
150150
150151
150154
150155
150159
150162
150163
150168
150169
150171
150172
150176
150177
150179
150180
150181
150184
150185
150186
150192
150193
150196
150197
150198
150200
150201
150205
150207
150210
150214
150216
150217
150221
150224
150225
150226
150227
150228
150229
150230
150233
150235
150237
150238
150240
150242
150243
150244
150245
150247
150250
150251
150252
150253
150254
150258
150259
150260
150262
150263
150267
150268
150272
150274
150276
150278
150280
150281
150283
150285
150286
150287
150288
150289
150291
150294
150298
150302
150304
150306
150307
150312
150318
150319
150321
150323
150324
150326
150327
150328
150330
150331
150332
150336
150338
150340
150344
150348
150350
150351
150352
150359
150363
150365
150370
150372
150373
150374
150377
150379
150381
150382
150383
150386
150387
150388
150397
150398
150399
150400
150401
150402
150404
150408
150409
150410
150412
150414
150415
150418
150419
150420
150421
150423
150428
150438
150441
150444
150445
150448
150450
150456
150457
150458
150461
150462
150464
150466
150467
150469
150470
150471
150472
150473
150474
150480
150482
150483
150484
150488
150492
150495
150496
150497
150501
150511
150512
150515
150517
150518
150520
150522
150523
150525
150526
150527
150528
150530
150534
150535
150538
150539
150540
150541
150542
150552
150554
150556
150559
150561
150562
150565
150567
150568
150571
150572
150574
150586
150588
150591
150593
150594
150595
150598
150604
150605
150609
150610
150611
150623
150634
150637
150638
150639
150640
150644
150652
150653
150655
150658
150659
150662
150663
150664
150670
150671
150677
150680
150686
150687
150690
150691
150693
150698
150699
150704
150708
150710
150712
150716
150719
150721
150723
150729
150730
150735
150736
150737
150741
150743
150748
150749
150752
150755
150756
150757
150761
150762
150764
150766
150769
150774
150776
150780
150781
150785
150786
150787
150789
150790
150791
150792
150795
150796
150797
150798
150805
150808
150813
150821
150822
150823
150826
150830
150835
150836
150839
150842
150843
150844
150845
150849
150850
150851
150852
150853
150858
150863
150866
150867
150870
150873
150874
150876
150878
150879
150882
150884
150885
150888
150889
150891
150892
150898
150899
150904
150905
150907
150909
150912
150914
150915
150918
150921
150922
150923
150924
150927
150930
150931
150933
150934
150935
150936
150944
150946
150949
150954
150956
150957
150959
150961
150963
150964
150971
150972
150974
150976
150979
150981
150983
150984
150986
150987
150990
150993
150994
150995
150997
151003
151004
151008
151010
151012
151015
151018
151019
151022
151024
151031
151032
151035
151036
151037
151040
151042
151045
151049
151050
151052
151053
151056
151057
151060
151064
151067
151068
151071
151073
151075
151076
151077
151078
151086
151087
151094
151097
151100
151103
151104
151106
151107
151108
151112
151115
151123
151126
151127
151130
151136
151137
151138
151139
151141
151142
151146
151147
151152
151154
151156
151163
151169
151173
151177
151178
151181
151182
151186
151187
151190
151191
151193
151196
151197
151200
151201
151203
151206
151208
151209
151210
151214
151218
151221
151223
151225
151227
151231
151232
151240
151241
151242
151243
151247
151259
151260
151263
151264
151265
151266
151268
151274
151277
151281
151283
151285
151286
151287
151291
151294
151295
151296
151298
151301
151304
151305
151306
151308
151312
151315
151316
151319
151322
151327
151328
151330
151333
151335
151336
151339
151342
151343
151349
151350
151351
151354
151356
151358
151360
151361
151363
151364
151365
151366
151368
151370
151371
151375
151383
151385
151389
151393
151396
151402
151404
151405
151412
151413
151416
151420
151424
151426
151427
151431
151432
151433
151434
151437
151440
151441
151443
151447
151449
151450
151452
151453
151454
151459
151460
151461
151463
151465
151466
151467
151468
151474
151475
151477
151478
151481
151482
151484
151491
151495
151496
151497
151498
151499
151500
151507
151508
151510
151511
151514
151516
151521
151527
151530
151531
151537
151542
151543
151546
151548
151549
151553
151554
151555
151556
151559
151562
151565
151567
151568
151576
151577
151579
151587
151588
151590
151591
151593
151594
151602
151609
151610
151611
151613
151614
151616
151617
151622
151623
151624
151625
151626
151634
151636
151638
151639
151646
151647
151649
151652
151655
151656
151660
151661
151663
151665
151669
151673
151677
151680
151683
151685
151688
151689
151692
151694
151695
151698
151700
151705
151707
151710
151711
151713
151715
151716
151721
151723
151725
151728
151730
151732
151736
151738
151740
151743
151748
151749
151753
151754
151757
151762
151763
151770
151771
151774
151775
151776
151777
151784
151786
151788
151791
151793
151794
151795
151800
151801
151803
151806
151809
151812
151816
151819
151825
151826
151831
151834
151835
151836
151837
151842
151845
151848
151849
151850
151852
151854
151855
151858
151859
151861
151863
151867
151868
151870
151871
151872
151873
151877
151878
151880
151881
151884
151888
151890
151893
151894
151895
151896
151898
151901
151903
151904
151907
151912
151915
151916
151917
151919
151921
151924
151925
151930
151933
151939
151940
151943
151944
151947
151949
151950
151951
151952
151953
151954
151957
151961
151964
151965
151966
151970
151971
151972
151973
151979
151981
151982
151983
151984
151987
151989
151990
151992
151993
151996
152000
152002
152003
152006
152007
152008
152010
152016
152021
152022
152024
152028
152030
152031
152035
152037
152042
152043
152047
152048
152050
152054
152057
152058
152061
152062
152065
152067
152068
152069
152070
152071
152073
152080
152081
152082
152083
152086
152088
152091
152093
152094
152100
152101
152104
152110
152113
152115
152118
152124
152125
152126
152128
152129
152131
152132
152138
152139
152142
152144
152148
152152
152153
152155
152158
152159
152164
152167
152174
152179
152180
152182
152184
152185
152187
152189
152192
152195
152198
152202
152204
152205
152206
152207
152210
152212
152214
152217
152218
152219
152222
152224
152225
152227
152233
152234
152236
152239
152241
152242
152243
152244
152247
152250
152251
152252
152253
152255
152257
152258
152259
152261
152262
152263
152267
152272
152275
152276
152280
152282
152285
152286
152290
152293
152296
152297
152299
152301
152302
152310
152316
152318
152319
152322
152323
152325
152328
152331
152334
152339
152344
152347
152348
152352
152353
152360
152361
152363
152364
152365
152374
152375
152377
152379
152381
152389
152396
152397
152400
152403
152404
152409
152410
152417
152418
152419
152421
152427
152428
152430
152433
152434
152435
152436
152439
152442
152444
152446
152449
152451
152452
152454
152455
152456
152457
152458
152459
152467
152471
152474
152480
152482
152483
152484
152487
152489
152496
152497
152498
152500
152502
152503
152505
152509
152510
152513
152514
152515
152520
152523
152527
152530
152531
152535
152536
152538
152540
152543
152545
152548
152551
152554
152555
152556
152557
152567
152570
152571
152572
152574
152576
152577
152578
152581
152584
152586
152588
152590
152591
152592
152594
152596
152598
152599
152601
152603
152605
152609
152610
152613
152619
152620
152628
152632
152637
152639
152642
152645
152647
152650
152651
152655
152656
152664
152671
152672
152674
152682
152684
152685
152687
152697
152699
152700
152702
152704
152705
152706
152710
152717
152720
152722
152726
152727
152728
152730
152731
152735
152736
152737
152738
152740
152741
152746
152747
152752
152754
152755
152765
152766
152767
152769
152770
152772
152775
152776
152777
152782
152785
152789
152791
152793
152794
152796
152799
152800
152802
152805
152807
152811
152812
152813
152814
152815
152816
152818
152819
152822
152826
152830
152833
152835
152838
152843
152845
152846
152850
152855
152856
152862
152866
152874
152875
152877
152879
152881
152886
152892
152900
152901
152903
152907
152913
152917
152918
152927
152929
152935
152936
152938
152940
152941
152948
152953
152956
152959
152960
152963
152966
152967
152968
152973
152978
152980
152982
152983
152990
152992
152996
152997
152998
153004
153007
153008
153009
153010
153011
153012
153014
153019
153020
153021
153024
153028
153030
153034
153036
153040
153041
153042
153043
153044
153049
153055
153056
153058
153060
153062
153064
153069
153070
153073
153076
153083
153084
153085
153093
153098
153100
153103
153104
153105
153108
153110
153117
153118
153120
153124
153126
153127
153132
153133
153137
153138
153139
153145
153146
153147
153150
153151
153152
153153
153156
153157
153160
153165
153167
153169
153176
153178
153179
153182
153183
153184
153185
153188
153191
153193
153195
153196
153199
153200
153203
153205
153207
153209
153211
153212
153215
153217
153218
153223
153225
153226
153227
153229
153230
153240
153241
153243
153246
153247
153252
153253
153259
153262
153263
153264
153266
153267
153269
153271
153272
153278
153287
153288
153290
153292
153293
153294
153296
153297
153299
153305
153307
153308
153310
153311
153312
153313
153314
153315
153317
153320
153321
153328
153329
153330
153331
153335
153336
153338
153341
153342
153343
153345
153346
153347
153349
153350
153351
153355
153356
153357
153367
153371
153373
153374
153375
153377
153378
153379
153380
153382
153384
153387
153389
153391
153393
153398
153403
153404
153407
153409
153412
153414
153415
153418
153419
153421
153423
153424
153426
153427
153430
153431
153432
153434
153436
153439
153440
153443
153444
153449
153451
153456
153459
153462
153464
153469
153470
153474
153475
153476
153478
153480
153482
153486
153487
153490
153491
153496
153497
153500
153503
153506
153509
153515
153520
153522
153523
153527
153530
153538
153540
153541
153544
153545
153547
153548
153550
153551
153552
153554
153561
153562
153563
153566
153568
153571
153572
153576
153577
153578
153579
153580
153583
153584
153587
153590
153593
153597
153598
153600
153601
153604
153607
153609
153610
153611
153612
153614
153618
153619
153620
153627
153628
153629
153632
153634
153640
153645
153651
153652
153653
153657
153659
153663
153665
153669
153675
153677
153681
153686
153690
153691
153695
153696
153698
153699
153700
153701
153707
153708
153709
153715
153718
153719
153724
153726
153729
153730
153731
153733
153734
153741
153742
153743
153745
153746
153748
153750
153753
153755
153756
153759
153760
153761
153767
153768
153769
153770
153773
153774
153778
153782
153784
153793
153796
153800
153801
153802
153804
153805
153806
153809
153811
153812
153813
153815
153816
153822
153825
153826
153828
153830
153831
153833
153835
153836
153838
153839
153842
153846
153847
153854
153859
153860
153861
153862
153864
153865
153868
153869
153870
153874
153876
153877
153880
153884
153886
153888
153889
153890
153891
153894
153895
153898
153899
153902
153910
153912
153915
153916
153919
153920
153925
153926
153931
153933
153935
153940
153949
153952
153955
153956
153964
153965
153969
153970
153971
153973
153980
153983
153986
153989
153990
153991
153992
153993
153997
153998
154008
154013
154016
154017
154018
154019
154021
154022
154028
154029
154030
154031
154032
154033
154035
154040
154042
154048
154049
154052
154054
154056
154060
154061
154068
154070
154073
154080
154081
154082
154087
154088
154089
154091
154092
154099
154101
154103
154104
154105
154106
154107
154109
154113
154118
154128
154129
154131
154134
154135
154141
154144
154146
154147
154148
154152
154161
154162
154170
154172
154174
154175
154178
154179
154180
154183
154184
154187
154190
154193
154195
154199
154200
154204
154207
154211
154212
154216
154219
154220
154222
154224
154229
154232
154234
154235
154242
154245
154247
154249
154250
154255
154257
154258
154260
154261
154262
154267
154270
154273
154276
154278
154281
154285
154288
154289
154290
154292
154296
154297
154299
154303
154304
154309
154311
154312
154314
154315
154316
154321
154324
154326
154327
154331
154333
154334
154337
154338
154340
154344
154346
154347
154348
154356
154364
154366
154367
154368
154371
154374
154375
154379
154380
154382
154383
154384
154390
154391
154392
154397
154399
154401
154402
154404
154406
154408
154411
154413
154414
154422
154424
154426
154427
154429
154431
154433
154434
154437
154438
154439
154440
154443
154444
154448
154450
154451
154453
154454
154455
154462
154466
154467
154470
154473
154484
154485
154490
154496
154497
154499
154501
154506
154514
154517
154518
154520
154523
154525
154528
154531
154534
154536
154537
154538
154539
154540
154541
154543
154548
154551
154553
154556
154559
154560
154561
154565
154570
154580
154581
154585
154587
154589
154596
154598
154599
154602
154605
154606
154610
154611
154617
154618
154620
154622
154626
154627
154628
154631
154632
154635
154636
154638
154640
154654
154657
154660
154666
154668
154670
154671
154672
154673
154674
154677
154681
154682
154684
154686
154687
154688
154692
154695
154698
154702
154710
154715
154716
154719
154724
154725
154726
154728
154729
154730
154731
154732
154737
154738
154739
154744
154746
154748
154749
154750
154751
154752
154753
154754
154756
154760
154762
154763
154765
154768
154770
154773
154776
154781
154783
154791
154796
154799
154802
154803
154805
154812
154814
154822
154826
154829
154833
154834
154836
154837
154841
154843
154849
154851
154852
154857
154860
154862
154863
154865
154866
154869
154872
154873
154878
154884
154887
154890
154891
154893
154897
154901
154908
154911
154912
154913
154918
154921
154922
154923
154925
154929
154931
154933
154937
154938
154940
154941
154942
154943
154944
154947
154949
154955
154960
154964
154966
154969
154970
154972
154973
154975
154980
154983
154985
154986
154987
154994
155000
155001
155003
155004
155005
155008
155011
155012
155014
155018
155019
155021
155023
155025
155029
155033
155035
155037
155038
155042
155044
155045
155047
155051
155053
155054
155056
155057
155058
155059
155060
155061
155062
155065
155071
155073
155074
155077
155078
155080
155092
155096
155103
155105
155106
155109
155111
155115
155116
155117
155124
155125
155127
155129
155130
155132
155134
155138
155140
155142
155144
155145
155148
155149
155150
155151
155153
155154
155157
155162
155163
155165
155167
155171
155173
155175
155176
155181
155182
155184
155187
155188
155189
155196
155197
155198
155201
155204
155205
155206
155208
155215
155216
155225
155228
155230
155231
155232
155233
155234
155242
155245
155250
155252
155255
155259
155262
155263
155264
155268
155271
155273
155274
155277
155280
155285
155286
155290
155291
155293
155294
155295
155298
155299
155301
155302
155305
155307
155308
155310
155312
155313
155315
155316
155320
155323
155324
155331
155332
155337
155340
155341
155342
155343
155344
155345
155346
155347
155349
155350
155351
155355
155360
155361
155364
155366
155372
155373
155374
155376
155380
155382
155384
155387
155388
155391
155392
155394
155402
155407
155408
155409
155410
155416
155417
155421
155422
155424
155425
155427
155434
155435
155436
155437
155439
155442
155443
155444
155447
155449
155450
155452
155453
155454
155456
155458
155463
155464
155473
155474
155476
155483
155486
155488
155492
155498
155499
155501
155505
155506
155509
155511
155515
155517
155524
155530
155534
155536
155539
155540
155543
155544
155545
155546
155547
155548
155550
155552
155553
155554
155556
155557
155558
155560
155563
155567
155569
155573
155576
155577
155578
155580
155581
155583
155584
155586
155588
155591
155592
155593
155597
155599
155608
155609
155611
155612
155614
155615
155616
155620
155622
155628
155631
155632
155633
155636
155637
155638
155641
155642
155643
155644
155648
155652
155656
155658
155659
155662
155664
155667
155670
155671
155673
155674
155676
155677
155678
155679
155682
155685
155686
155688
155692
155695
155697
155701
155706
155710
155711
155714
155715
155717
155718
155719
155721
155722
155723
155725
155727
155729
155730
155732
155734
155735
155736
155738
155741
155742
155745
155748
155751
155752
155753
155754
155757
155763
155764
155769
155770
155771
155773
155774
155776
155778
155779
155781
155785
155786
155788
155789
155791
155793
155795
155799
155800
155801
155803
155805
155813
155814
155815
155816
155820
155821
155822
155826
155827
155835
155836
155837
155840
155847
155848
155849
155851
155854
155856
155859
155861
155862
155863
155865
155866
155868
155870
155871
155872
155873
155876
155879
155883
155887
155891
155893
155899
155901
155902
155903
155904
155910
155911
155917
155919
155923
155925
155927
155929
155933
155934
155936
155937
155938
155942
155946
155954
155956
155958
155959
155960
155961
155968
155972
155973
155975
155976
155979
155985
155986
155987
155992
155993
155994
155995
155996
156003
156006
156007
156011
156015
156019
156020
156022
156023
156025
156027
156028
156029
156037
156039
156040
156046
156049
156054
156055
156057
156058
156061
156062
156068
156072
156075
156076
156077
156080
156083
156090
156097
156099
156100
156102
156109
156110
156123
156125
156126
156127
156129
156130
156132
156133
156135
156136
156138
156139
156140
156143
156144
156145
156148
156150
156152
156153
156158
156160
156165
156166
156170
156171
156177
156178
156179
156180
156183
156184
156185
156188
156189
156191
156196
156198
156199
156200
156207
156208
156209
156210
156211
156212
156215
156216
156217
156220
156222
156224
156225
156226
156227
156229
156233
156239
156240
156241
156247
156249
156252
156255
156256
156263
156268
156271
156281
156284
156287
156289
156290
156291
156295
156296
156298
156299
156300
156301
156309
156313
156319
156322
156323
156324
156329
156330
156331
156335
156336
156337
156339
156344
156345
156347
156351
156355
156359
156360
156361
156368
156369
156371
156375
156376
156380
156383
156386
156389
156390
156392
156394
156395
156399
156401
156402
156407
156411
156417
156421
156425
156426
156428
156429
156430
156433
156438
156442
156443
156445
156447
156448
156450
156451
156452
156453
156456
156461
156463
156464
156465
156466
156470
156471
156473
156476
156478
156482
156488
156490
156492
156493
156495
156497
156500
156501
156502
156503
156504
156505
156506
156507
156508
156509
156511
156515
156519
156521
156522
156529
156531
156533
156534
156535
156539
156544
156548
156549
156550
156553
156557
156558
156559
156561
156562
156564
156566
156567
156568
156579
156580
156581
156585
156595
156596
156597
156600
156604
156605
156610
156613
156614
156617
156619
156621
156622
156624
156633
156634
156639
156643
156648
156650
156651
156653
156654
156656
156657
156659
156660
156664
156668
156669
156670
156676
156678
156680
156684
156693
156694
156702
156703
156704
156713
156716
156721
156722
156730
156735
156737
156738
156740
156741
156742
156743
156744
156745
156747
156748
156753
156756
156759
156763
156766
156768
156770
156771
156772
156777
156778
156779
156782
156784
156786
156793
156796
156802
156804
156806
156808
156809
156813
156814
156817
156820
156825
156828
156829
156831
156836
156838
156839
156840
156841
156845
156846
156849
156853
156856
156858
156861
156865
156866
156867
156869
156870
156871
156872
156873
156877
156878
156879
156885
156886
156887
156892
156895
156901
156905
156906
156915
156918
156919
156923
156924
156925
156926
156927
156929
156931
156932
156933
156936
156937
156938
156939
156945
156946
156949
156956
156959
156961
156964
156965
156966
156969
156971
156976
156977
156979
156982
156985
156988
156996
157002
157003
157004
157010
157011
157014
157016
157017
157019
157020
157021
157024
157025
157027
157029
157032
157043
157044
157045
157046
157047
157050
157052
157053
157054
157057
157058
157059
157060
157061
157066
157067
157068
157069
157072
157073
157081
157082
157083
157084
157086
157090
157091
157095
157096
157098
157099
157102
157105
157109
157110
157112
157113
157115
157117
157118
157120
157121
157123
157126
157128
157134
157138
157139
157140
157151
157152
157155
157156
157157
157159
157162
157165
157166
157167
157172
157176
157178
157179
157180
157182
157185
157187
157191
157192
157194
157197
157200
157201
157205
157207
157209
157210
157211
157212
157214
157217
157218
157219
157220
157222
157225
157226
157229
157231
157232
157233
157234
157239
157240
157241
157244
157246
157247
157248
157251
157252
157253
157256
157264
157268
157274
157275
157276
157277
157278
157280
157281
157282
157283
157286
157287
157290
157291
157292
157294
157295
157297
157298
157299
157301
157302
157305
157307
157310
157322
157325
157326
157328
157330
157331
157332
157335
157337
157340
157341
157345
157348
157349
157351
157352
157354
157357
157359
157364
157367
157370
157375
157379
157380
157383
157385
157390
157392
157393
157396
157397
157402
157403
157415
157419
157420
157422
157431
157435
157439
157443
157446
157447
157448
157451
157460
157462
157463
157465
157466
157467
157468
157470
157473
157474
157477
157479
157481
157482
157485
157486
157488
157490
157491
157492
157494
157498
157500
157502
157507
157508
157510
157513
157523
157524
157526
157531
157533
157535
157536
157537
157543
157544
157545
157552
157553
157555
157556
157559
157560
157563
157565
157568
157570
157571
157573
157574
157575
157576
157577
157579
157581
157582
157584
157586
157588
157590
157591
157592
157595
157600
157601
157612
157616
157617
157618
157622
157625
157629
157632
157636
157639
157641
157643
157644
157645
157646
157648
157649
157653
157655
157664
157665
157667
157668
157670
157673
157676
157678
157680
157683
157686
157687
157688
157689
157694
157697
157698
157699
157700
157704
157706
157714
157715
157718
157721
157722
157725
157726
157727
157729
157733
157734
157735
157738
157739
157740
157743
157745
157749
157757
157759
157761
157768
157771
157773
157778
157779
157782
157785
157789
157790
157792
157798
157799
157802
157806
157809
157811
157812
157814
157815
157816
157817
157818
157819
157821
157823
157833
157834
157836
157838
157839
157841
157842
157844
157845
157850
157852
157853
157854
157855
157856
157857
157860
157861
157866
157867
157869
157871
157872
157873
157874
157876
157878
157880
157881
157883
157884
157887
157889
157892
157893
157897
157901
157904
157906
157907
157908
157911
157912
157918
157920
157922
157923
157924
157933
157936
157939
157940
157942
157943
157944
157951
157952
157956
157957
157960
157962
157966
157967
157968
157972
157978
157979
157987
157990
157992
157994
157996
157997
157999
158002
158005
158007
158014
158015
158022
158023
158024
158027
158029
158031
158036
158042
158044
158045
158050
158055
158060
158063
158064
158065
158066
158069
158071
158072
158075
158077
158078
158080
158083
158084
158090
158094
158103
158104
158107
158108
158111
158112
158113
158116
158117
158119
158120
158121
158124
158128
158129
158131
158134
158136
158137
158141
158142
158143
158148
158149
158150
158155
158156
158157
158160
158162
158164
158167
158169
158171
158172
158175
158177
158180
158181
158182
158186
158187
158190
158193
158195
158198
158200
158201
158202
158204
158206
158208
158209
158210
158211
158216
158217
158220
158221
158225
158229
158231
158232
158238
158240
158241
158245
158248
158249
158253
158257
158258
158259
158260
158261
158263
158264
158268
158269
158271
158275
158276
158282
158283
158284
158290
158293
158294
158296
158297
158299
158305
158310
158311
158316
158317
158319
158320
158321
158322
158323
158325
158326
158332
158335
158339
158343
158345
158346
158347
158348
158349
158351
158352
158353
158356
158360
158361
158364
158367
158370
158371
158374
158376
158377
158385
158386
158387
158388
158389
158390
158392
158393
158395
158396
158398
158400
158403
158405
158406
158409
158410
158411
158412
158416
158420
158424
158425
158429
158431
158432
158435
158441
158448
158451
158454
158457
158469
158470
158474
158478
158480
158481
158483
158484
158486
158489
158491
158492
158495
158499
158508
158514
158517
158518
158527
158528
158530
158534
158535
158539
158540
158541
158543
158544
158545
158554
158557
158558
158559
158561
158562
158565
158566
158567
158570
158571
158579
158580
158582
158583
158588
158590
158594
158599
158600
158601
158605
158607
158608
158611
158613
158614
158615
158619
158622
158627
158629
158630
158634
158638
158640
158643
158648
158650
158653
158655
158656
158660
158661
158662
158666
158669
158670
158672
158675
158677
158679
158680
158682
158686
158687
158691
158693
158694
158696
158700
158702
158703
158704
158713
158715
158717
158719
158721
158724
158728
158729
158733
158739
158749
158751
158758
158759
158767
158768
158774
158777
158778
158779
158780
158783
158785
158787
158788
158792
158793
158796
158801
158808
158809
158811
158814
158815
158817
158821
158822
158823
158827
158828
158830
158831
158832
158845
158847
158848
158849
158851
158852
158853
158856
158857
158858
158860
158861
158862
158863
158866
158874
158876
158877
158881
158882
158884
158885
158895
158898
158901
158902
158904
158905
158911
158913
158914
158915
158916
158920
158922
158923
158926
158927
158928
158929
158931
158932
158934
158935
158936
158937
158938
158940
158947
158952
158953
158956
158957
158959
158962
158972
158973
158977
158978
158979
158990
158995
158997
159001
159002
159005
159008
159009
159010
159014
159018
159021
159023
159025
159030
159032
159034
159035
159041
159045
159047
159048
159052
159055
159056
159057
159061
159062
159064
159066
159067
159068
159069
159075
159080
159084
159087
159088
159089
159090
159092
159093
159100
159103
159107
159109
159116
159117
159122
159124
159126
159128
159138
159142
159152
159154
159155
159156
159165
159167
159169
159171
159176
159177
159178
159182
159184
159194
159197
159200
159201
159206
159212
159213
159214
159219
159225
159228
159233
159237
159240
159241
159245
159246
159257
159258
159259
159261
159265
159269
159270
159274
159275
159276
159277
159284
159287
159289
159292
159294
159298
159299
159301
159304
159305
159306
159307
159308
159309
159310
159318
159321
159323
159326
159327
159330
159342
159343
159345
159349
159350
159353
159354
159355
159357
159362
159364
159365
159369
159371
159372
159373
159379
159386
159387
159388
159392
159393
159394
159395
159396
159400
159401
159402
159404
159406
159408
159410
159411
159413
159414
159419
159420
159422
159424
159427
159428
159429
159432
159433
159435
159436
159437
159438
159444
159447
159453
159458
159465
159467
159468
159469
159470
159472
159474
159475
159477
159478
159479
159480
159484
159487
159492
159494
159495
159496
159499
159500
159501
159502
159504
159505
159511
159513
159523
159524
159525
159529
159531
159533
159534
159535
159545
159546
159547
159550
159551
159555
159556
159557
159560
159563
159566
159568
159570
159571
159573
159578
159581
159584
159585
159591
159592
159596
159597
159598
159599
159605
159609
159613
159615
159617
159620
159621
159624
159625
159626
159627
159628
159636
159637
159640
159647
159648
159649
159650
159651
159656
159659
159662
159665
159668
159671
159672
159674
159678
159679
159680
159683
159687
159688
159695
159696
159698
159700
159703
159706
159710
159711
159714
159716
159717
159718
159719
159724
159725
159727
159731
159732
159734
159737
159738
159740
159741
159747
159751
159752
159753
159756
159757
159762
159763
159765
159766
159768
159771
159772
159773
159778
159779
159781
159786
159788
159789
159790
159792
159793
159797
159799
159801
159802
159805
159808
159809
159810
159812
159814
159819
159824
159825
159827
159829
159830
159833
159841
159844
159846
159847
159852
159853
159854
159856
159860
159862
159868
159869
159873
159875
159877
159878
159880
159881
159887
159891
159892
159894
159901
159906
159908
159909
159914
159915
159917
159923
159927
159930
159933
159934
159937
159939
159943
159944
159945
159946
159947
159949
159950
159953
159955
159957
159958
159960
159963
159966
159969
159971
159972
159974
159980
159985
159987
159988
159989
159990
159992
159993
159995
159999
160009
160014
160017
160026
160027
160031
160037
160040
160041
160047
160048
160051
160054
160056
160057
160058
160059
160061
160062
160066
160068
160072
160073
160081
160082
160086
160087
160088
160089
160092
160093
160096
160101
160102
160103
160105
160106
160107
160110
160111
160114
160120
160121
160122
160123
160128
160134
160135
160136
160137
160138
160141
160144
160145
160149
160150
160152
160154
160159
160160
160166
160167
160172
160174
160175
160176
160177
160183
160185
160188
160191
160195
160196
160200
160204
160205
160207
160209
160211
160215
160216
160217
160218
160222
160226
160228
160229
160230
160234
160236
160239
160240
160241
160250
160252
160253
160254
160257
160258
160259
160260
160262
160263
160265
160267
160269
160272
160273
160274
160281
160283
160287
160288
160289
160292
160294
160298
160299
160307
160309
160311
160317
160318
160319
160321
160324
160325
160330
160331
160336
160338
160339
160340
160342
160343
160345
160347
160348
160349
160350
160352
160354
160359
160360
160367
160369
160370
160374
160378
160379
160380
160385
160386
160388
160389
160396
160397
160403
160406
160407
160408
160410
160412
160413
160418
160424
160425
160429
160430
160431
160436
160437
160438
160439
160440
160444
160445
160451
160455
160456
160460
160461
160463
160464
160467
160469
160471
160472
160477
160480
160481
160490
160493
160494
160499
160502
160503
160507
160509
160510
160513
160514
160515
160516
160517
160520
160525
160527
160528
160531
160532
160533
160534
160537
160538
160541
160542
160548
160551
160552
160553
160555
160556
160558
160560
160561
160563
160566
160567
160577
160579
160582
160583
160584
160585
160587
160592
160593
160596
160601
160606
160608
160609
160615
160616
160617
160618
160621
160623
160627
160629
160630
160632
160633
160634
160636
160640
160642
160647
160651
160652
160654
160657
160663
160666
160667
160668
160672
160673
160675
160676
160684
160687
160688
160689
160690
160694
160696
160704
160705
160710
160712
160713
160714
160721
160722
160723
160725
160727
160728
160731
160733
160734
160736
160737
160738
160741
160743
160747
160749
160753
160754
160757
160758
160763
160768
160769
160770
160771
160772
160775
160779
160780
160781
160783
160785
160786
160789
160792
160796
160797
160800
160801
160802
160810
160815
160816
160818
160819
160822
160824
160825
160828
160829
160833
160835
160836
160837
160839
160841
160844
160845
160848
160850
160854
160855
160856
160860
160871
160876
160879
160883
160886
160888
160891
160894
160898
160899
160901
160902
160907
160911
160915
160919
160920
160921
160924
160929
160931
160935
160936
160940
160948
160949
160951
160952
160957
160958
160960
160964
160965
160966
160969
160973
160979
160980
160982
160987
160990
160992
160993
160995
160998
160999
161000
161004
161008
161009
161014
161015
161016
161019
161021
161023
161024
161027
161028
161029
161030
161033
161038
161042
161043
161044
161045
161047
161053
161056
161058
161060
161063
161064
161066
161067
161068
161069
161071
161073
161075
161077
161080
161082
161086
161089
161092
161097
161100
161103
161104
161106
161109
161112
161117
161120
161122
161123
161126
161127
161130
161131
161132
161135
161138
161140
161143
161146
161148
161149
161151
161152
161156
161158
161159
161160
161165
161167
161173
161176
161178
161182
161183
161185
161188
161189
161190
161191
161192
161196
161197
161198
161202
161204
161206
161218
161220
161222
161224
161225
161228
161229
161230
161234
161235
161237
161238
161244
161245
161246
161247
161248
161261
161263
161270
161272
161273
161274
161276
161278
161280
161281
161284
161285
161291
161294
161295
161296
161302
161303
161307
161308
161310
161312
161313
161320
161321
161322
161323
161325
161333
161335
161341
161342
161343
161345
161346
161347
161349
161350
161351
161353
161355
161356
161357
161359
161361
161365
161367
161370
161371
161372
161375
161376
161379
161383
161390
161394
161395
161396
161397
161398
161399
161402
161404
161412
161415
161419
161420
161421
161422
161431
161432
161434
161435
161437
161439
161442
161443
161445
161447
161451
161452
161454
161455
161457
161462
161463
161464
161469
161470
161471
161473
161474
161475
161476
161478
161479
161484
161485
161492
161493
161494
161496
161503
161505
161508
161509
161510
161511
161512
161517
161518
161521
161523
161527
161528
161531
161532
161534
161535
161538
161539
161540
161543
161549
161550
161551
161552
161553
161554
161559
161560
161564
161569
161573
161574
161575
161578
161580
161581
161583
161585
161591
161595
161596
161598
161599
161603
161604
161605
161608
161609
161610
161612
161615
161616
161617
161621
161623
161628
161632
161634
161635
161644
161645
161647
161648
161649
161651
161660
161661
161667
161672
161674
161675
161677
161681
161682
161684
161688
161693
161694
161698
161700
161708
161714
161715
161719
161720
161721
161722
161725
161727
161729
161730
161733
161735
161737
161738
161740
161742
161743
161744
161745
161748
161752
161753
161756
161758
161759
161760
161761
161762
161772
161775
161778
161780
161781
161782
161783
161788
161790
161793
161794
161796
161797
161798
161801
161802
161807
161809
161812
161815
161817
161818
161819
161820
161821
161823
161825
161826
161828
161834
161839
161840
161841
161844
161847
161848
161851
161853
161857
161858
161859
161863
161864
161867
161870
161875
161876
161878
161883
161885
161887
161889
161897
161899
161904
161905
161906
161907
161911
161912
161914
161915
161916
161923
161924
161928
161932
161934
161940
161941
161942
161949
161950
161951
161956
161959
161962
161965
161967
161970
161971
161974
161978
161979
161980
161982
161983
161988
161992
161993
162002
162004
162005
162006
162008
162009
162011
162014
162017
162018
162019
162026
162027
162029
162034
162035
162037
162038
162039
162040
162049
162050
162051
162053
162057
162059
162061
162064
162066
162068
162071
162075
162079
162081
162083
162085
162086
162088
162094
162095
162096
162097
162101
162102
162106
162108
162110
162114
162115
162116
162117
162120
162123
162124
162125
162129
162132
162133
162136
162138
162146
162149
162150
162151
162152
162156
162160
162161
162164
162166
162172
162174
162175
162179
162181
162182
162184
162185
162186
162187
162190
162191
162198
162199
162200
162203
162205
162207
162212
162214
162215
162217
162218
162222
162224
162228
162230
162233
162234
162242
162243
162246
162252
162255
162256
162259
162260
162265
162267
162271
162272
162274
162276
162277
162278
162284
162287
162291
162292
162295
162296
162301
162305
162306
162307
162308
162310
162313
162316
162321
162326
162327
162329
162330
162334
162335
162338
162340
162343
162345
162346
162348
162349
162351
162352
162354
162358
162359
162362
162368
162369
162370
162379
162381
162384
162389
162391
162392
162397
162398
162401
162407
162409
162410
162411
162412
162414
162415
162417
162420
162422
162423
162425
162436
162437
162440
162444
162455
162460
162467
162471
162473
162474
162475
162476
162480
162481
162483
162484
162485
162488
162491
162492
162495
162497
162498
162500
162503
162511
162513
162514
162517
162519
162521
162524
162525
162526
162530
162533
162536
162543
162546
162550
162551
162553
162554
162560
162562
162564
162575
162578
162587
162589
162590
162591
162592
162593
162595
162596
162602
162604
162605
162608
162610
162612
162615
162620
162621
162622
162624
162626
162627
162628
162629
162633
162635
162639
162642
162647
162661
162663
162665
162666
162667
162674
162677
162685
162686
162689
162699
162706
162707
162709
162715
162717
162718
162719
162722
162723
162724
162725
162730
162732
162733
162736
162738
162739
162740
162741
162744
162747
162748
162752
162754
162758
162759
162760
162761
162763
162765
162766
162768
162769
162771
162774
162781
162784
162785
162787
162789
162792
162798
162804
162806
162810
162814
162822
162823
162827
162833
162840
162842
162848
162849
162853
162856
162859
162862
162867
162870
162871
162873
162875
162877
162878
162880
162884
162885
162886
162888
162889
162895
162896
162897
162898
162901
162903
162904
162908
162911
162916
162918
162919
162925
162926
162927
162930
162932
162937
162953
162955
162956
162959
162960
162961
162962
162963
162965
162968
162969
162970
162971
162973
162974
162975
162981
162982
162984
162985
162986
162989
162990
162997
162998
162999
163000
163001
163008
163021
163023
163028
163029
163030
163031
163032
163036
163038
163039
163045
163046
163047
163051
163052
163057
163059
163060
163061
163063
163066
163071
163073
163074
163076
163077
163080
163081
163082
163083
163086
163088
163092
163094
163095
163102
163109
163110
163114
163115
163117
163122
163123
163124
163127
163128
163136
163137
163139
163146
163149
163153
163155
163156
163157
163158
163159
163160
163162
163166
163167
163168
163170
163171
163172
163173
163178
163182
163183
163184
163185
163186
163190
163192
163199
163200
163201
163205
163206
163210
163211
163212
163213
163215
163216
163217
163230
163231
163233
163235
163238
163242
163245
163247
163251
163252
163257
163260
163262
163265
163268
163272
163273
163275
163277
163278
163282
163284
163285
163289
163292
163293
163295
163297
163298
163299
163301
163304
163306
163307
163309
163310
163316
163324
163325
163331
163337
163342
163345
163349
163350
163352
163353
163357
163360
163361
163363
163365
163367
163368
163371
163375
163380
163382
163383
163384
163386
163389
163393
163394
163395
163396
163397
163400
163403
163404
163405
163412
163414
163415
163417
163418
163419
163420
163424
163428
163430
163433
163441
163442
163444
163445
163448
163450
163454
163460
163463
163464
163465
163467
163470
163472
163473
163482
163484
163487
163493
163496
163497
163499
163503
163505
163506
163508
163510
163511
163512
163514
163517
163522
163527
163530
163533
163534
163536
163543
163544
163545
163548
163550
163555
163559
163564
163578
163580
163581
163583
163585
163586
163588
163589
163592
163595
163600
163604
163610
163616
163617
163620
163624
163627
163629
163634
163639
163641
163647
163651
163652
163659
163661
163663
163664
163666
163667
163670
163671
163677
163678
163687
163690
163692
163695
163701
163702
163703
163705
163706
163709
163712
163715
163722
163731
163732
163741
163743
163748
163751
163756
163757
163763
163764
163765
163768
163771
163775
163777
163779
163780
163784
163786
163788
163793
163794
163796
163798
163799
163801
163802
163803
163804
163809
163811
163813
163816
163818
163820
163824
163827
163835
163836
163840
163841
163842
163844
163845
163846
163847
163849
163850
163851
163853
163855
163857
163860
163861
163866
163867
163869
163871
163876
163878
163881
163883
163884
163889
163891
163896
163897
163899
163901
163906
163911
163916
163917
163918
163920
163924
163929
163933
163934
163937
163943
163944
163946
163950
163953
163957
163962
163963
163965
163967
163968
163973
163981
163982
163983
163985
163992
163993
163994
163997
163999
164000
164001
164002
164007
164014
164015
164019
164021
164024
164025
164027
164028
164029
164033
164034
164038
164039
164042
164048
164049
164050
164052
164056
164062
164066
164070
164071
164078
164080
164086
164087
164090
164095
164096
164099
164100
164103
164105
164107
164111
164116
164117
164121
164126
164128
164131
164132
164135
164136
164137
164138
164139
164141
164144
164145
164153
164154
164158
164162
164163
164173
164175
164179
164181
164184
164188
164189
164192
164195
164200
164202
164203
164205
164208
164218
164225
164226
164227
164229
164233
164235
164237
164242
164243
164245
164247
164249
164252
164253
164256
164258
164261
164263
164265
164266
164267
164268
164269
164270
164274
164275
164277
164280
164281
164282
164285
164286
164287
164289
164290
164294
164296
164297
164298
164300
164301
164304
164309
164311
164313
164315
164318
164319
164320
164321
164324
164328
164331
164332
164335
164343
164344
164345
164348
164349
164350
164351
164352
164355
164358
164359
164362
164363
164365
164368
164370
164371
164372
164373
164376
164379
164382
164383
164384
164385
164388
164391
164393
164395
164397
164399
164400
164406
164407
164410
164415
164417
164419
164420
164422
164423
164424
164429
164431
164432
164435
164445
164446
164447
164455
164457
164462
164464
164469
164471
164473
164474
164478
164480
164481
164483
164484
164487
164488
164489
164491
164492
164493
164496
164497
164499
164502
164504
164507
164511
164512
164513
164515
164519
164520
164521
164526
164528
164529
164530
164532
164543
164545
164547
164549
164550
164551
164552
164553
164555
164557
164558
164561
164563
164564
164567
164568
164573
164575
164576
164577
164578
164579
164580
164582
164583
164584
164590
164591
164593
164594
164595
164596
164597
164598
164603
164604
164605
164606
164607
164608
164609
164612
164613
164622
164625
164626
164627
164628
164630
164631
164632
164635
164636
164637
164641
164643
164645
164647
164648
164651
164653
164655
164658
164659
164665
164668
164669
164672
164673
164674
164681
164683
164685
164686
164688
164689
164690
164693
164694
164696
164697
164700
164701
164702
164704
164705
164708
164709
164713
164715
164716
164717
164720
164724
164726
164730
164731
164734
164735
164740
164742
164743
164744
164748
164750
164752
164753
164754
164755
164756
164758
164759
164767
164769
164771
164776
164777
164783
164784
164785
164786
164791
164793
164796
164798
164799
164801
164802
164806
164807
164811
164812
164820
164823
164825
164827
164832
164835
164838
164842
164851
164852
164853
164855
164857
164859
164861
164863
164864
164867
164869
164871
164874
164876
164878
164879
164880
164882
164884
164886
164887
164889
164890
164892
164893
164900
164901
164903
164908
164912
164913
164917
164922
164924
164926
164930
164934
164936
164937
164938
164943
164944
164945
164946
164947
164948
164949
164953
164954
164955
164958
164960
164961
164962
164963
164966
164968
164969
164971
164972
164974
164975
164979
164982
164991
164993
164995
164997
164998
165000
165001
165004
165005
165008
165009
165012
165014
165017
165018
165019
165025
165029
165032
165034
165039
165041
165044
165051
165056
165061
165062
165063
165064
165066
165067
165069
165071
165075
165080
165082
165084
165085
165088
165090
165091
165094
165100
165104
165107
165109
165111
165113
165115
165118
165119
165122
165124
165130
165133
165134
165135
165137
165144
165146
165150
165151
165153
165159
165161
165163
165167
165169
165170
165171
165173
165176
165178
165181
165185
165192
165193
165196
165198
165199
165200
165201
165202
165206
165207
165208
165214
165217
165218
165220
165222
165223
165224
165227
165229
165234
165235
165236
165237
165238
165248
165249
165251
165255
165256
165258
165259
165262
165265
165266
165269
165270
165272
165274
165275
165276
165278
165279
165283
165284
165285
165287
165288
165289
165292
165294
165296
165298
165307
165308
165310
165323
165325
165328
165332
165333
165334
165336
165340
165341
165342
165345
165346
165348
165356
165357
165358
165359
165360
165363
165365
165367
165370
165371
165372
165378
165379
165384
165385
165390
165391
165396
165397
165405
165408
165410
165413
165419
165420
165421
165422
165423
165425
165435
165438
165439
165440
165442
165446
165447
165450
165452
165453
165454
165455
165462
165468
165469
165472
165473
165476
165477
165479
165480
165481
165486
165489
165492
165493
165494
165495
165497
165500
165504
165507
165508
165513
165515
165516
165517
165519
165521
165524
165526
165529
165530
165531
165532
165533
165537
165538
165540
165543
165545
165547
165549
165550
165555
165559
165561
165562
165566
165568
165573
165576
165578
165580
165581
165582
165583
165587
165591
165592
165594
165595
165602
165603
165607
165609
165611
165613
165614
165617
165619
165621
165624
165625
165627
165629
165631
165632
165638
165641
165643
165646
165647
165650
165655
165658
165659
165662
165663
165667
165674
165680
165682
165683
165685
165686
165687
165688
165690
165691
165692
165696
165698
165701
165704
165707
165709
165712
165716
165719
165721
165723
165725
165735
165739
165742
165743
165746
165747
165748
165751
165752
165753
165755
165757
165767
165768
165769
165772
165773
165774
165778
165781
165784
165786
165787
165794
165797
165800
165801
165805
165806
165809
165811
165814
165822
165829
165834
165839
165840
165841
165842
165843
165844
165845
165847
165849
165851
165855
165856
165859
165861
165866
165867
165868
165870
165872
165873
165875
165877
165879
165881
165883
165884
165885
165888
165890
165891
165892
165894
165895
165896
165899
165901
165912
165914
165921
165922
165923
165929
165933
165934
165936
165941
165946
165947
165949
165951
165953
165954
165962
165964
165965
165969
165976
165977
165979
165980
165986
165989
165994
165997
165998
166002
166006
166007
166008
166009
166012
166017
166020
166022
166025
166027
166028
166031
166039
166041
166046
166048
166050
166051
166053
166057
166062
166067
166070
166071
166072
166073
166074
166076
166078
166080
166081
166082
166083
166089
166092
166093
166094
166095
166096
166097
166098
166100
166102
166103
166105
166108
166109
166110
166111
166112
166113
166119
166123
166124
166125
166128
166131
166132
166133
166135
166139
166140
166143
166145
166149
166150
166152
166159
166161
166164
166165
166171
166173
166178
166180
166182
166184
166189
166193
166195
166200
166201
166207
166209
166211
166212
166217
166222
166223
166224
166231
166239
166240
166242
166245
166248
166255
166258
166259
166262
166265
166268
166270
166273
166281
166282
166287
166289
166293
166295
166296
166297
166299
166300
166301
166304
166305
166306
166307
166308
166309
166310
166312
166314
166315
166317
166325
166327
166330
166332
166333
166338
166343
166344
166346
166347
166353
166354
166355
166359
166360
166361
166364
166367
166372
166373
166375
166376
166379
166382
166383
166388
166392
166395
166397
166400
166403
166410
166412
166414
166416
166419
166420
166422
166424
166427
166428
166429
166431
166434
166441
166447
166448
166449
166452
166453
166454
166457
166458
166462
166463
166464
166465
166468
166474
166478
166481
166482
166483
166486
166487
166488
166490
166498
166499
166500
166501
166502
166505
166507
166508
166509
166511
166513
166517
166519
166521
166522
166525
166526
166528
166532
166537
166538
166540
166546
166548
166550
166551
166555
166556
166557
166559
166569
166574
166580
166581
166582
166584
166585
166586
166588
166590
166593
166596
166597
166599
166604
166605
166606
166607
166609
166610
166611
166612
166613
166617
166618
166627
166629
166634
166635
166638
166640
166641
166647
166649
166650
166652
166657
166661
166662
166665
166666
166668
166670
166671
166674
166676
166677
166678
166684
166685
166686
166687
166688
166690
166691
166692
166694
166696
166699
166701
166704
166705
166707
166714
166715
166719
166721
166724
166725
166726
166729
166730
166732
166733
166734
166735
166736
166737
166739
166742
166743
166744
166746
166748
166749
166751
166752
166754
166755
166756
166757
166759
166760
166764
166768
166769
166771
166773
166777
166778
166780
166783
166786
166788
166790
166792
166793
166803
166807
166814
166815
166816
166819
166820
166822
166823
166825
166826
166827
166830
166832
166834
166836
166838
166844
166845
166851
166853
166854
166855
166857
166858
166859
166860
166861
166862
166863
166864
166867
166868
166872
166873
166876
166878
166881
166884
166885
166888
166890
166892
166894
166896
166899
166901
166904
166909
166910
166911
166919
166922
166924
166925
166931
166942
166949
166951
166953
166956
166958
166959
166961
166963
166964
166965
166966
166968
166970
166971
166972
166973
166977
166984
166986
166989
166991
166992
166996
167000
167004
167006
167007
167010
167011
167012
167015
167016
167019
167023
167024
167025
167028
167031
167035
167036
167041
167042
167044
167045
167048
167050
167052
167057
167060
167061
167062
167068
167074
167076
167077
167083
167084
167089
167099
167101
167103
167105
167107
167111
167113
167115
167119
167120
167121
167124
167125
167129
167134
167135
167136
167137
167138
167140
167143
167144
167145
167150
167154
167156
167160
167164
167167
167169
167170
167173
167176
167177
167178
167179
167181
167182
167191
167195
167199
167200
167206
167207
167211
167213
167214
167222
167223
167226
167228
167230
167231
167232
167234
167239
167240
167242
167244
167245
167250
167251
167252
167258
167262
167265
167266
167272
167274
167276
167277
167282
167285
167287
167293
167296
167298
167305
167306
167308
167311
167312
167314
167315
167324
167325
167327
167328
167330
167331
167333
167334
167336
167337
167342
167346
167347
167349
167350
167352
167354
167357
167364
167365
167366
167370
167371
167373
167375
167376
167378
167382
167384
167385
167395
167398
167402
167404
167405
167407
167413
167417
167418
167425
167428
167433
167437
167439
167441
167443
167444
167445
167450
167451
167453
167454
167455
167457
167458
167459
167460
167462
167466
167467
167468
167469
167474
167476
167477
167478
167482
167486
167488
167494
167495
167497
167499
167503
167505
167506
167509
167510
167512
167513
167515
167519
167520
167523
167524
167526
167527
167528
167530
167532
167533
167534
167535
167545
167547
167553
167555
167558
167560
167561
167564
167565
167566
167568
167569
167571
167581
167582
167583
167585
167587
167589
167593
167596
167597
167598
167603
167610
167611
167612
167613
167616
167619
167620
167621
167622
167625
167626
167627
167630
167631
167633
167640
167644
167645
167648
167650
167656
167657
167659
167660
167664
167665
167666
167669
167670
167672
167678
167680
167682
167683
167686
167687
167688
167689
167690
167692
167694
167696
167697
167698
167700
167707
167711
167712
167716
167717
167719
167720
167721
167723
167730
167732
167737
167740
167742
167744
167745
167747
167752
167753
167758
167760
167761
167762
167763
167767
167768
167769
167772
167773
167774
167775
167777
167780
167781
167782
167783
167785
167788
167790
167793
167794
167797
167798
167800
167801
167802
167806
167808
167810
167811
167813
167815
167817
167819
167823
167834
167835
167837
167838
167839
167841
167842
167843
167848
167849
167852
167854
167856
167857
167858
167859
167860
167861
167862
167868
167869
167870
167871
167872
167873
167874
167878
167879
167881
167884
167885
167887
167888
167890
167891
167893
167895
167899
167900
167902
167908
167909
167910
167911
167920
167924
167925
167927
167930
167931
167939
167941
167942
167943
167946
167948
167949
167954
167955
167959
167964
167965
167968
167969
167973
167978
167979
167980
167983
167984
167986
167988
167990
167991
167992
167995
167996
167999
168001
168003
168004
168006
168007
168012
168013
168016
168024
168027
168030
168033
168034
168037
168039
168041
168048
168050
168051
168052
168053
168056
168057
168058
168066
168067
168076
168077
168081
168082
168088
168089
168092
168093
168094
168096
168098
168099
168101
168103
168105
168106
168108
168111
168112
168118
168123
168126
168129
168134
168136
168137
168139
168140
168142
168144
168147
168149
168152
168154
168157
168163
168164
168166
168175
168176
168177
168180
168182
168183
168184
168186
168188
168193
168194
168195
168197
168200
168201
168208
168211
168217
168223
168224
168227
168233
168235
168236
168240
168247
168251
168252
168254
168255
168256
168258
168260
168261
168263
168271
168274
168276
168277
168278
168284
168286
168291
168292
168295
168296
168297
168301
168302
168305
168307
168314
168316
168319
168320
168322
168325
168326
168331
168334
168335
168336
168339
168340
168344
168345
168346
168347
168348
168351
168353
168357
168358
168361
168362
168368
168370
168373
168375
168381
168382
168383
168384
168385
168386
168389
168392
168396
168399
168401
168403
168404
168406
168408
168418
168419
168421
168425
168426
168427
168433
168438
168439
168444
168446
168448
168453
168458
168460
168461
168467
168468
168469
168470
168473
168474
168476
168481
168489
168495
168497
168498
168500
168502
168504
168510
168514
168515
168518
168520
168522
168526
168534
168538
168543
168546
168547
168548
168549
168550
168553
168555
168558
168559
168565
168569
168573
168575
168576
168578
168579
168581
168584
168587
168588
168591
168598
168599
168600
168601
168607
168608
168609
168610
168611
168613
168614
168615
168619
168620
168624
168626
168627
168633
168634
168635
168646
168647
168648
168650
168659
168661
168662
168665
168668
168673
168674
168676
168678
168681
168682
168687
168690
168691
168693
168694
168700
168702
168705
168710
168712
168716
168718
168719
168725
168726
168728
168730
168731
168734
168736
168742
168743
168746
168748
168753
168756
168762
168766
168768
168773
168774
168775
168777
168778
168780
168781
168782
168785
168786
168788
168789
168790
168793
168794
168795
168797
168798
168803
168808
168812
168813
168814
168816
168821
168822
168823
168824
168825
168826
168832
168834
168835
168838
168839
168845
168847
168848
168849
168853
168854
168856
168858
168859
168861
168863
168867
168869
168873
168874
168884
168885
168889
168891
168893
168894
168895
168897
168899
168900
168901
168905
168906
168908
168910
168912
168913
168915
168916
168917
168919
168921
168922
168924
168927
168928
168930
168933
168934
168938
168939
168946
168953
168954
168955
168958
168959
168962
168964
168965
168967
168968
168969
168970
168972
168978
168983
168987
168989
168993
168995
168996
168997
169001
169003
169004
169006
169007
169011
169012
169015
169018
169019
169023
169024
169026
169027
169029
169030
169031
169032
169038
169044
169046
169047
169048
169054
169056
169062
169065
169067
169068
169069
169071
169073
169077
169078
169080
169082
169084
169093
169095
169097
169111
169113
169114
169115
169118
169119
169120
169121
169123
169125
169127
169131
169132
169138
169139
169140
169142
169144
169145
169147
169149
169154
169155
169156
169157
169159
169163
169165
169166
169167
169170
169171
169174
169176
169177
169178
169179
169181
169182
169183
169184
169185
169186
169187
169188
169190
169194
169196
169197
169198
169200
169202
169203
169205
169207
169208
169209
169212
169213
169214
169215
169217
169218
169219
169222
169223
169227
169230
169235
169236
169237
169238
169243
169246
169250
169253
169254
169255
169256
169257
169258
169260
169261
169264
169266
169267
169269
169277
169287
169288
169289
169291
169295
169298
169299
169307
169310
169311
169312
169314
169315
169316
169317
169318
169321
169322
169323
169328
169329
169332
169333
169335
169337
169339
169340
169341
169344
169346
169350
169354
169357
169362
169363
169365
169368
169369
169370
169373
169378
169383
169384
169391
169394
169395
169398
169399
169403
169407
169408
169409
169410
169412
169415
169417
169418
169420
169421
169424
169427
169429
169434
169435
169436
169437
169443
169444
169446
169447
169448
169449
169450
169454
169456
169458
169462
169467
169468
169469
169470
169475
169477
169478
169479
169481
169482
169483
169485
169492
169494
169495
169497
169500
169510
169514
169516
169520
169521
169523
169527
169531
169533
169538
169539
169543
169544
169546
169547
169549
169550
169551
169558
169560
169562
169564
169567
169568
169576
169578
169582
169583
169585
169586
169587
169588
169591
169596
169598
169600
169601
169602
169603
169604
169605
169607
169608
169609
169610
169611
169612
169616
169617
169619
169625
169628
169630
169631
169633
169635
169636
169637
169639
169640
169642
169645
169647
169648
169650
169661
169662
169665
169666
169670
169673
169675
169678
169679
169681
169682
169683
169685
169686
169689
169693
169695
169696
169698
169699
169700
169702
169713
169715
169716
169717
169721
169722
169724
169725
169726
169727
169728
169732
169734
169736
169738
169739
169742
169744
169747
169748
169749
169750
169752
169755
169757
169758
169762
169763
169764
169765
169768
169769
169770
169774
169775
169776
169779
169780
169782
169787
169788
169789
169791
169792
169793
169796
169799
169800
169802
169804
169806
169808
169809
169811
169814
169818
169819
169820
169821
169823
169830
169831
169841
169843
169845
169846
169847
169849
169850
169853
169854
169857
169860
169861
169864
169865
169867
169872
169873
169874
169881
169883
169884
169885
169887
169888
169890
169892
169893
169895
169897
169898
169900
169901
169904
169908
169909
169910
169915
169924
169926
169927
169937
169939
169942
169943
169945
169947
169951
169952
169953
169955
169956
169959
169961
169962
169963
169964
169968
169975
169977
169978
169979
169981
169985
169987
169989
169990
169991
169992
169994
169995
170002
170008
170009
170010
170013
170014
170015
170020
170021
170029
170030
170031
170035
170039
170043
170048
170049
170050
170052
170055
170056
170060
170062
170064
170073
170074
170075
170077
170078
170079
170080
170081
170085
170088
170091
170092
170093
170094
170098
170100
170103
170104
170106
170111
170117
170119
170120
170121
170128
170129
170136
170140
170142
170147
170148
170150
170153
170157
170158
170162
170167
170170
170171
170172
170177
170183
170186
170188
170192
170194
170208
170210
170211
170214
170222
170226
170228
170242
170244
170245
170246
170252
170256
170257
170258
170260
170261
170262
170263
170266
170267
170268
170269
170272
170274
170275
170280
170282
170283
170287
170292
170293
170295
170299
170301
170305
170308
170313
170314
170315
170317
170320
170324
170327
170334
170336
170340
170341
170342
170343
170345
170347
170350
170354
170355
170359
170362
170369
170372
170373
170374
170375
170379
170380
170386
170387
170388
170390
170393
170396
170398
170399
170401
170405
170406
170408
170412
170413
170417
170424
170429
170431
170434
170435
170440
170447
170449
170451
170452
170453
170454
170455
170461
170468
170469
170476
170478
170479
170485
170493
170496
170498
170499
170500
170505
170509
170510
170512
170514
170515
170518
170519
170520
170521
170522
170523
170525
170526
170527
170533
170534
170536
170537
170538
170541
170547
170548
170550
170552
170556
170557
170563
170564
170571
170572
170579
170580
170583
170584
170585
170586
170587
170595
170596
170597
170598
170599
170600
170602
170603
170608
170611
170614
170616
170626
170633
170634
170635
170636
170637
170639
170640
170642
170648
170650
170651
170652
170653
170668
170669
170670
170671
170675
170678
170680
170682
170683
170685
170686
170687
170691
170695
170697
170698
170702
170707
170708
170710
170712
170713
170714
170721
170722
170724
170729
170731
170734
170735
170736
170740
170742
170745
170747
170748
170755
170759
170761
170762
170763
170764
170765
170766
170771
170776
170778
170780
170787
170788
170789
170791
170800
170801
170802
170810
170811
170815
170816
170818
170820
170821
170822
170824
170829
170830
170834
170836
170839
170841
170842
170843
170849
170850
170851
170852
170853
170854
170859
170862
170863
170864
170865
170867
170869
170872
170875
170877
170879
170880
170882
170883
170886
170887
170888
170892
170896
170898
170899
170902
170903
170904
170908
170911
170912
170914
170915
170918
170920
170923
170925
170927
170928
170931
170932
170935
170936
170938
170943
170944
170945
170947
170950
170952
170955
170958
170959
170961
170962
170967
170968
170974
170975
170976
170977
170981
170984
170985
170990
170991
170992
171002
171008
171012
171017
171019
171023
171026
171030
171031
171032
171033
171036
171037
171039
171040
171041
171043
171044
171045
171046
171047
171048
171049
171051
171053
171054
171055
171057
171062
171063
171064
171065
171073
171076
171078
171079
171080
171081
171084
171085
171087
171089
171091
171094
171101
171108
171109
171110
171112
171114
171120
171121
171122
171124
171125
171127
171129
171134
171136
171137
171140
171142
171144
171147
171149
171156
171157
171159
171162
171165
171166
171168
171176
171180
171182
171183
171184
171187
171191
171192
171195
171196
171198
171199
171201
171205
171208
171209
171212
171217
171219
171220
171223
171226
171228
171229
171231
171241
171242
171244
171247
171263
171265
171273
171274
171276
171278
171284
171287
171288
171302
171304
171306
171310
171312
171314
171317
171318
171321
171322
171325
171329
171330
171331
171332
171336
171337
171338
171343
171347
171348
171350
171351
171352
171354
171360
171363
171364
171365
171369
171372
171378
171379
171382
171383
171389
171395
171398
171401
171403
171405
171409
171410
171412
171416
171418
171421
171428
171433
171437
171447
171448
171449
171452
171456
171457
171459
171467
171473
171480
171482
171483
171487
171489
171490
171491
171492
171495
171498
171499
171500
171508
171509
171510
171511
171512
171513
171514
171515
171522
171523
171524
171525
171531
171532
171534
171538
171540
171541
171542
171543
171549
171555
171556
171560
171571
171572
171573
171574
171575
171580
171582
171587
171588
171596
171600
171603
171604
171605
171606
171607
171611
171612
171613
171615
171617
171620
171621
171622
171624
171625
171627
171628
171629
171631
171632
171636
171641
171643
171646
171647
171648
171651
171652
171654
171660
171661
171663
171664
171668
171679
171680
171682
171688
171690
171691
171692
171694
171696
171698
171703
171705
171707
171709
171710
171711
171713
171714
171721
171725
171728
171729
171733
171735
171737
171739
171742
171753
171761
171764
171767
171768
171769
171770
171771
171773
171774
171777
171784
171786
171788
171789
171790
171791
171795
171797
171799
171801
171803
171804
171806
171809
171810
171811
171812
171814
171817
171819
171824
171826
171827
171831
171835
171837
171840
171841
171844
171848
171849
171850
171856
171863
171864
171865
171866
171871
171872
171874
171875
171876
171877
171883
171885
171890
171891
171892
171897
171901
171902
171904
171905
171907
171908
171912
171913
171914
171920
171921
171931
171932
171934
171935
171946
171948
171950
171956
171957
171961
171964
171966
171967
171968
171970
171974
171975
171976
171978
171979
171982
171984
171986
171987
171991
171993
171995
171996
171998
171999
172000
172003
172004
172005
172007
172011
172013
172015
172016
172022
172025
172030
172033
172034
172040
172042
172045
172047
172048
172051
172052
172053
172055
172063
172065
172072
172073
172080
172081
172082
172092
172093
172095
172096
172097
172101
172107
172108
172109
172111
172112
172113
172115
172119
172125
172126
172127
172136
172138
172139
172142
172145
172146
172147
172148
172149
172150
172153
172155
172161
172163
172165
172166
172168
172175
172176
172177
172178
172181
172184
172187
172191
172192
172197
172198
172199
172203
172206
172207
172210
172211
172217
172218
172220
172221
172222
172225
172233
172235
172239
172241
172242
172244
172245
172247
172249
172251
172262
172263
172264
172267
172270
172273
172275
172278
172283
172285
172286
172287
172288
172290
172292
172302
172305
172306
172307
172308
172311
172312
172317
172319
172323
172324
172325
172326
172327
172331
172336
172337
172340
172342
172344
172346
172356
172358
172361
172363
172364
172365
172367
172368
172372
172386
172387
172388
172389
172392
172398
172399
172401
172402
172403
172407
172410
172412
172414
172416
172421
172422
172425
172426
172428
172429
172431
172434
172437
172438
172439
172440
172442
172443
172445
172450
172452
172457
172458
172459
172460
172461
172462
172463
172464
172468
172472
172474
172475
172476
172477
172480
172481
172482
172486
172487
172490
172491
172492
172493
172494
172495
172496
172497
172500
172501
172504
172505
172512
172516
172517
172525
172528
172533
172534
172536
172537
172542
172551
172552
172554
172555
172557
172559
172560
172562
172565
172566
172567
172570
172572
172575
172577
172579
172580
172585
172590
172592
172593
172595
172597
172599
172601
172602
172606
172607
172610
172612
172616
172619
172620
172621
172622
172623
172626
172628
172629
172630
172632
172635
172639
172641
172642
172643
172645
172646
172648
172649
172651
172653
172654
172656
172657
172663
172668
172669
172671
172672
172681
172682
172683
172684
172686
172689
172692
172696
172697
172698
172701
172703
172706
172708
172710
172711
172714
172716
172717
172722
172723
172724
172725
172728
172729
172730
172731
172732
172733
172735
172736
172739
172741
172744
172745
172748
172749
172750
172754
172755
172758
172760
172764
172765
172767
172768
172770
172773
172775
172776
172785
172790
172793
172794
172795
172798
172802
172803
172804
172806
172810
172813
172814
172819
172820
172821
172822
172823
172824
172831
172833
172834
172836
172839
172843
172849
172850
172851
172852
172854
172855
172856
172857
172868
172869
172870
172874
172876
172877
172878
172883
172887
172888
172890
172892
172894
172895
172896
172900
172907
172908
172912
172919
172920
172922
172924
172925
172927
172930
172934
172935
172936
172940
172943
172945
172946
172948
172954
172955
172957
172962
172963
172964
172966
172968
172969
172975
172977
172979
172982
172983
172984
172988
172990
172992
172994
172997
172999
173001
173003
173007
173014
173016
173017
173021
173022
173024
173025
173028
173032
173033
173034
173035
173038
173040
173041
173042
173045
173047
173049
173052
173053
173055
173056
173061
173063
173064
173065
173068
173069
173070
173072
173073
173074
173076
173077
173079
173081
173083
173084
173086
173090
173091
173093
173094
173096
173099
173101
173102
173103
173112
173113
173115
173117
173121
173123
173124
173128
173130
173133
173134
173135
173136
173137
173139
173141
173142
173145
173146
173147
173148
173152
173157
173158
173160
173161
173162
173163
173168
173170
173174
173176
173178
173183
173185
173186
173187
173192
173193
173195
173196
173198
173199
173200
173202
173204
173205
173207
173208
173209
173212
173213
173215
173220
173221
173224
173228
173230
173231
173232
173233
173236
173240
173246
173248
173250
173253
173255
173258
173259
173262
173267
173271
173272
173274
173275
173276
173278
173279
173280
173282
173284
173285
173289
173290
173294
173299
173302
173306
173308
173314
173315
173316
173317
173318
173320
173323
173324
173325
173327
173328
173330
173335
173336
173337
173338
173339
173342
173343
173346
173349
173351
173355
173358
173359
173365
173366
173367
173374
173379
173381
173383
173386
173387
173393
173396
173397
173398
173399
173401
173403
173406
173410
173411
173413
173414
173415
173419
173421
173422
173423
173424
173425
173426
173429
173432
173433
173438
173439
173440
173441
173442
173443
173450
173451
173452
173453
173456
173460
173463
173469
173470
173476
173477
173478
173481
173482
173483
173487
173488
173490
173491
173495
173497
173500
173501
173502
173503
173505
173506
173508
173510
173512
173517
173523
173526
173527
173529
173530
173531
173535
173536
173538
173540
173541
173542
173543
173544
173545
173546
173550
173551
173552
173555
173556
173557
173558
173560
173562
173563
173567
173570
173575
173583
173585
173587
173588
173589
173590
173591
173592
173595
173598
173599
173600
173603
173604
173605
173606
173607
173609
173610
173611
173614
173619
173621
173623
173624
173625
173627
173632
173633
173636
173640
173643
173647
173649
173650
173651
173653
173654
173658
173659
173660
173665
173667
173669
173670
173672
173673
173674
173676
173679
173683
173686
173688
173691
173692
173693
173694
173696
173700
173703
173706
173708
173709
173710
173713
173716
173719
173720
173729
173732
173734
173735
173736
173737
173741
173743
173746
173751
173752
173755
173757
173760
173766
173771
173772
173773
173774
173775
173778
173781
173782
173783
173784
173793
173794
173795
173798
173806
173807
173809
173811
173812
173814
173815
173817
173818
173820
173823
173824
173827
173828
173832
173834
173835
173838
173839
173843
173844
173846
173849
173850
173851
173854
173855
173860
173863
173865
173867
173868
173869
173872
173873
173874
173875
173877
173878
173879
173880
173883
173887
173889
173890
173891
173896
173897
173898
173909
173911
173912
173915
173916
173919
173920
173921
173922
173928
173930
173932
173933
173934
173935
173937
173939
173941
173942
173952
173954
173958
173961
173964
173966
173967
173973
173977
173978
173980
173981
173985
173987
173988
173994
173996
173997
173998
174000
174002
174004
174005
174006
174009
174012
174014
174015
174016
174017
174018
174020
174021
174022
174024
174025
174028
174029
174032
174033
174037
174038
174041
174045
174048
174062
174067
174070
174072
174076
174077
174081
174082
174084
174086
174088
174089
174090
174093
174099
174100
174102
174103
174105
174111
174116
174117
174118
174121
174122
174123
174124
174125
174126
174129
174138
174139
174140
174143
174144
174146
174152
174156
174158
174164
174167
174168
174172
174173
174176
174177
174178
174185
174190
174192
174193
174197
174199
174202
174203
174205
174210
174211
174215
174216
174223
174225
174229
174231
174232
174233
174237
174238
174239
174240
174241
174245
174247
174248
174249
174251
174252
174254
174256
174257
174259
174262
174263
174266
174271
174274
174278
174279
174282
174284
174289
174294
174295
174296
174297
174299
174301
174302
174303
174305
174306
174310
174312
174313
174314
174315
174319
174320
174321
174328
174330
174332
174333
174334
174335
174338
174339
174341
174343
174345
174347
174350
174352
174353
174354
174356
174358
174365
174368
174370
174372
174373
174374
174376
174383
174384
174386
174387
174389
174390
174392
174394
174397
174399
174401
174403
174404
174405
174408
174410
174411
174412
174416
174421
174422
174423
174424
174426
174427
174428
174434
174435
174440
174441
174443
174444
174445
174446
174448
174449
174450
174452
174454
174455
174458
174465
174468
174470
174472
174479
174480
174481
174483
174485
174488
174492
174499
174501
174502
174503
174504
174511
174512
174513
174519
174524
174525
174527
174529
174532
174539
174543
174547
174553
174556
174560
174562
174565
174569
174574
174578
174581
174588
174590
174595
174596
174597
174598
174599
174600
174601
174602
174603
174604
174608
174612
174616
174621
174622
174623
174625
174626
174627
174628
174629
174631
174636
174640
174641
174643
174648
174649
174650
174653
174656
174659
174660
174661
174662
174672
174673
174674
174677
174678
174680
174683
174684
174685
174689
174690
174693
174694
174695
174699
174702
174707
174711
174714
174715
174720
174721
174722
174723
174727
174729
174735
174738
174741
174744
174748
174753
174758
174759
174764
174767
174771
174772
174777
174781
174783
174788
174790
174793
174796
174805
174808
174810
174813
174822
174826
174833
174834
174835
174836
174837
174839
174840
174842
174845
174849
174850
174854
174856
174859
174860
174861
174862
174863
174865
174866
174867
174868
174873
174878
174882
174887
174888
174889
174890
174891
174894
174912
174915
174918
174924
174925
174926
174927
174928
174935
174936
174938
174940
174944
174945
174946
174949
174950
174952
174953
174954
174959
174960
174961
174962
174963
174965
174966
174973
174976
174978
174982
174985
174989
174993
174995
174996
174998
175000
175011
175013
175018
175019
175020
175022
175023
175024
175027
175028
175030
175031
175032
175039
175043
175044
175046
175051
175054
175055
175057
175058
175062
175063
175064
175065
175070
175074
175075
175079
175080
175081
175082
175083
175090
175096
175097
175099
175102
175108
175109
175117
175118
175126
175133
175135
175136
175138
175139
175140
175142
175146
175149
175150
175151
175155
175156
175162
175166
175168
175172
175173
175176
175177
175179
175180
175181
175182
175183
175185
175187
175189
175190
175191
175192
175194
175199
175200
175204
175206
175209
175210
175218
175220
175222
175223
175224
175225
175227
175229
175233
175234
175235
175237
175239
175240
175241
175242
175244
175246
175256
175258
175260
175265
175266
175270
175275
175279
175280
175284
175285
175287
175292
175295
175296
175299
175300
175301
175302
175304
175305
175306
175310
175313
175314
175317
175320
175321
175323
175326
175330
175332
175335
175336
175338
175343
175344
175345
175346
175348
175350
175358
175364
175367
175368
175373
175375
175377
175381
175382
175387
175389
175390
175391
175397
175400
175401
175406
175407
175412
175415
175418
175420
175421
175428
175429
175431
175435
175436
175441
175443
175444
175445
175446
175448
175449
175450
175455
175456
175459
175463
175465
175469
175471
175475
175477
175480
175483
175486
175488
175492
175493
175496
175498
175499
175502
175503
175504
175506
175507
175509
175522
175524
175526
175527
175531
175533
175534
175538
175542
175545
175546
175548
175553
175554
175555
175556
175557
175558
175560
175561
175564
175565
175567
175569
175571
175573
175574
175575
175576
175580
175581
175582
175583
175585
175586
175588
175601
175602
175604
175605
175606
175607
175616
175619
175620
175621
175626
175628
175631
175633
175634
175635
175637
175645
175646
175648
175659
175660
175661
175664
175670
175675
175677
175678
175680
175682
175685
175690
175693
175694
175695
175697
175699
175704
175705
175708
175711
175712
175713
175720
175723
175728
175734
175739
175741
175743
175746
175748
175749
175750
175751
175752
175756
175760
175761
175762
175763
175765
175767
175769
175771
175772
175773
175778
175779
175781
175782
175789
175794
175814
175818
175820
175825
175833
175834
175838
175841
175846
175850
175851
175854
175858
175859
175860
175863
175864
175868
175869
175874
175875
175876
175877
175878
175884
175889
175890
175895
175899
175900
175903
175906
175908
175909
175910
175913
175917
175918
175919
175926
175927
175930
175933
175937
175939
175941
175945
175949
175952
175961
175963
175965
175966
175967
175968
175971
175974
175976
175977
175980
175984
175988
175990
175992
175994
175999
176000
176003
176006
176008
176017
176019
176021
176022
176023
176025
176026
176027
176028
176029
176031
176033
176037
176039
176044
176045
176046
176049
176050
176058
176060
176061
176062
176063
176064
176067
176069
176070
176072
176073
176079
176081
176082
176083
176084
176086
176093
176094
176096
176098
176100
176101
176102
176111
176115
176117
176127
176130
176133
176137
176138
176141
176147
176150
176152
176153
176157
176161
176162
176164
176166
176171
176172
176173
176174
176176
176182
176187
176191
176192
176193
176195
176201
176204
176206
176207
176208
176211
176215
176217
176218
176219
176220
176222
176226
176228
176229
176231
176235
176236
176240
176245
176246
176247
176248
176251
176261
176264
176265
176270
176273
176280
176282
176289
176293
176296
176300
176301
176306
176310
176311
176313
176317
176318
176324
176327
176329
176331
176334
176336
176337
176338
176339
176340
176341
176342
176346
176347
176349
176353
176355
176359
176360
176363
176366
176368
176370
176371
176372
176374
176380
176383
176384
176385
176387
176388
176390
176391
176397
176399
176400
176401
176403
176406
176407
176409
176411
176412
176413
176414
176415
176418
176421
176423
176425
176429
176430
176431
176434
176437
176438
176440
176443
176445
176449
176451
176453
176458
176460
176465
176468
176469
176472
176473
176474
176477
176482
176484
176486
176491
176492
176493
176494
176496
176498
176501
176504
176506
176507
176509
176511
176512
176515
176516
176522
176523
176526
176530
176534
176537
176540
176544
176545
176547
176548
176549
176552
176554
176556
176560
176564
176565
176567
176569
176571
176576
176584
176592
176594
176596
176597
176601
176602
176603
176605
176606
176607
176612
176619
176620
176626
176627
176629
176631
176638
176640
176641
176644
176646
176647
176649
176650
176653
176655
176658
176659
176664
176665
176666
176667
176670
176671
176673
176675
176677
176684
176686
176694
176696
176700
176702
176705
176706
176712
176714
176717
176718
176719
176720
176721
176722
176723
176726
176731
176732
176736
176737
176740
176742
176748
176749
176751
176752
176755
176756
176757
176759
176763
176764
176767
176768
176769
176772
176774
176775
176776
176779
176780
176781
176782
176783
176786
176787
176790
176792
176794
176795
176797
176800
176806
176810
176811
176812
176815
176816
176822
176828
176830
176837
176839
176840
176842
176843
176849
176850
176852
176853
176857
176860
176869
176870
176871
176872
176873
176875
176877
176878
176883
176885
176893
176894
176895
176897
176898
176902
176903
176904
176905
176906
176908
176909
176910
176926
176928
176942
176946
176950
176953
176956
176958
176959
176960
176961
176963
176964
176965
176966
176969
176971
176972
176973
176976
176981
176982
176984
176987
176989
176990
176991
176994
176996
176999
177001
177006
177008
177011
177013
177018
177022
177024
177028
177030
177032
177034
177035
177037
177042
177044
177046
177049
177051
177053
177055
177056
177057
177059
177069
177071
177073
177075
177076
177077
177078
177081
177082
177085
177088
177089
177094
177099
177100
177105
177108
177109
177110
177115
177120
177122
177124
177127
177136
177137
177138
177141
177142
177149
177151
177154
177155
177157
177161
177162
177163
177164
177165
177167
177173
177174
177175
177176
177178
177180
177181
177183
177185
177188
177190
177195
177196
177198
177201
177202
177206
177208
177216
177217
177219
177220
177223
177224
177227
177231
177232
177234
177237
177240
177241
177243
177251
177252
177253
177256
177259
177262
177264
177266
177267
177268
177269
177270
177275
177279
177282
177284
177286
177290
177292
177294
177296
177297
177300
177302
177305
177306
177308
177310
177312
177314
177315
177316
177317
177318
177320
177321
177323
177325
177326
177327
177328
177330
177331
177332
177334
177335
177336
177340
177346
177349
177351
177352
177356
177357
177363
177364
177365
177372
177373
177374
177379
177380
177381
177387
177392
177393
177395
177397
177401
177406
177411
177412
177414
177416
177418
177420
177421
177422
177423
177425
177433
177434
177439
177440
177441
177443
177445
177447
177450
177451
177454
177455
177462
177465
177466
177469
177472
177477
177479
177482
177483
177485
177486
177488
177490
177492
177493
177494
177495
177497
177498
177500
177504
177509
177515
177517
177519
177521
177524
177526
177533
177536
177540
177542
177543
177544
177545
177547
177549
177551
177553
177556
177557
177560
177565
177567
177568
177569
177573
177575
177580
177582
177584
177585
177586
177589
177590
177591
177595
177597
177598
177600
177601
177602
177603
177604
177609
177611
177616
177617
177618
177622
177625
177628
177629
177631
177644
177646
177650
177652
177653
177654
177657
177658
177662
177665
177670
177672
177673
177675
177677
177678
177682
177684
177685
177687
177689
177692
177693
177694
177698
177699
177700
177706
177712
177717
177720
177725
177728
177729
177735
177736
177737
177745
177746
177747
177754
177757
177762
177768
177769
177773
177776
177781
177782
177784
177785
177786
177788
177790
177791
177792
177795
177797
177803
177804
177806
177808
177815
177819
177820
177821
177822
177823
177825
177826
177827
177831
177834
177837
177839
177841
177842
177845
177847
177851
177856
177858
177859
177860
177865
177866
177872
177874
177876
177878
177881
177882
177884
177885
177886
177888
177889
177890
177892
177893
177902
177904
177906
177908
177911
177914
177918
177919
177920
177922
177923
177924
177925
177928
177930
177931
177932
177936
177937
177945
177947
177949
177950
177951
177952
177953
177956
177958
177960
177961
177962
177963
177964
177972
177974
177976
177980
177982
177989
177990
177991
177993
177995
177998
177999
178000
178001
178002
178004
178005
178006
178007
178009
178011
178016
178020
178022
178024
178026
178032
178038
178039
178041
178043
178046
178048
178049
178051
178055
178056
178058
178059
178063
178064
178066
178067
178069
178073
178074
178075
178078
178079
178080
178082
178086
178089
178091
178094
178095
178096
178097
178102
178104
178105
178109
178119
178122
178123
178125
178126
178128
178133
178134
178138
178143
178144
178150
178151
178152
178153
178154
178155
178156
178165
178167
178168
178169
178176
178178
178181
178185
178186
178189
178190
178191
178192
178194
178195
178201
178209
178210
178211
178212
178214
178215
178216
178222
178226
178227
178230
178232
178233
178236
178239
178240
178242
178243
178245
178248
178249
178250
178251
178252
178261
178262
178265
178268
178269
178270
178272
178275
178276
178279
178284
178286
178292
178294
178295
178299
178302
178304
178308
178314
178315
178317
178319
178320
178322
178323
178324
178325
178329
178332
178334
178335
178337
178338
178343
178344
178346
178349
178350
178351
178352
178353
178354
178355
178357
178358
178361
178368
178371
178375
178377
178381
178382
178385
178391
178395
178398
178399
178401
178404
178405
178406
178409
178410
178411
178412
178417
178427
178429
178430
178436
178438
178440
178446
178447
178448
178449
178450
178453
178454
178456
178458
178460
178461
178464
178465
178466
178467
178471
178472
178473
178475
178477
178479
178480
178482
178483
178486
178488
178490
178493
178495
178497
178498
178502
178503
178505
178507
178508
178509
178512
178518
178523
178525
178526
178530
178534
178538
178540
178544
178546
178548
178549
178550
178551
178553
178556
178562
178564
178565
178566
178569
178570
178578
178579
178582
178585
178587
178590
178591
178593
178596
178597
178598
178599
178600
178608
178610
178615
178617
178618
178619
178624
178625
178626
178627
178629
178630
178631
178633
178638
178640
178643
178646
178650
178655
178656
178657
178663
178664
178665
178669
178670
178671
178672
178674
178675
178677
178680
178682
178686
178687
178688
178691
178692
178694
178697
178705
178706
178707
178708
178709
178712
178713
178715
178716
178718
178719
178723
178724
178727
178730
178732
178733
178735
178736
178738
178739
178740
178741
178742
178743
178745
178746
178748
178750
178751
178753
178754
178756
178757
178758
178762
178764
178765
178766
178768
178769
178774
178775
178778
178779
178782
178783
178786
178787
178791
178794
178795
178800
178804
178805
178806
178807
178811
178812
178815
178818
178819
178824
178825
178827
178831
178835
178847
178848
178849
178850
178851
178855
178856
178859
178860
178862
178863
178864
178865
178867
178868
178873
178874
178875
178876
178877
178879
178880
178882
178883
178884
178885
178886
178890
178891
178897
178900
178902
178904
178905
178907
178910
178911
178918
178920
178921
178931
178932
178933
178935
178936
178937
178939
178940
178941
178945
178946
178950
178951
178952
178954
178955
178956
178957
178958
178963
178964
178966
178967
178968
178970
178971
178975
178977
178978
178979
178980
178982
178984
178987
178989
178990
178991
178992
178993
178994
178995
178997
179000
179001
179002
179003
179012
179016
179018
179021
179022
179023
179024
179025
179031
179032
179038
179040
179043
179044
179045
179046
179047
179049
179050
179051
179053
179055
179057
179060
179061
179066
179071
179074
179075
179076
179077
179078
179079
179083
179087
179090
179091
179096
179101
179103
179104
179105
179115
179117
179122
179124
179125
179129
179130
179137
179141
179146
179149
179153
179154
179155
179156
179158
179159
179160
179161
179162
179163
179164
179170
179171
179173
179176
179177
179178
179180
179181
179182
179183
179185
179188
179189
179190
179192
179194
179196
179198
179199
179201
179203
179206
179211
179213
179215
179217
179218
179221
179222
179223
179224
179226
179228
179231
179232
179236
179237
179240
179243
179248
179252
179254
179256
179257
179258
179262
179264
179265
179266
179271
179273
179278
179279
179281
179285
179287
179289
179290
179294
179297
179298
179300
179302
179305
179309
179314
179319
179321
179324
179326
179327
179331
179332
179334
179336
179341
179342
179343
179345
179347
179348
179350
179355
179359
179362
179363
179364
179369
179371
179373
179374
179375
179386
179387
179389
179397
179399
179400
179404
179410
179412
179416
179425
179426
179429
179431
179433
179435
179437
179439
179444
179445
179446
179447
179451
179455
179461
179462
179463
179465
179469
179470
179475
179477
179478
179480
179482
179483
179485
179486
179487
179488
179490
179492
179495
179496
179499
179501
179504
179505
179509
179512
179513
179515
179517
179518
179524
179526
179528
179535
179536
179539
179541
179542
179543
179544
179546
179548
179550
179551
179553
179556
179558
179559
179565
179567
179568
179575
179577
179578
179580
179581
179582
179585
179586
179590
179591
179593
179597
179602
179603
179604
179607
179608
179609
179619
179621
179627
179628
179633
179635
179641
179642
179649
179653
179655
179657
179659
179661
179662
179664
179667
179668
179670
179672
179673
179683
179686
179688
179689
179693
179694
179695
179696
179698
179699
179705
179707
179708
179713
179717
179721
179725
179730
179731
179734
179735
179737
179742
179744
179745
179746
179747
179749
179752
179756
179761
179764
179769
179771
179772
179773
179774
179775
179777
179780
179785
179787
179798
179800
179808
179809
179812
179813
179814
179817
179818
179822
179824
179825
179826
179828
179829
179830
179832
179837
179842
179846
179847
179848
179852
179853
179855
179857
179858
179861
179862
179865
179868
179870
179872
179878
179881
179885
179886
179888
179894
179899
179901
179902
179905
179907
179908
179918
179920
179921
179922
179925
179928
179929
179931
179938
179940
179942
179946
179951
179953
179956
179957
179961
179962
179964
179965
179967
179968
179969
179970
179971
179978
179980
179982
179984
179989
179990
179992
179994
179995
179999
180000
180001
180003
180005
180006
180007
180009
180011
180012
180013
180016
180017
180020
180021
180022
180025
180029
180031
180033
180035
180038
180043
180044
180045
180050
180053
180062
180065
180067
180070
180073
180075
180079
180080
180082
180084
180085
180086
180089
180096
180097
180099
180105
180106
180107
180117
180118
180119
180121
180122
180123
180125
180126
180131
180132
180136
180137
180138
180139
180140
180141
180146
180147
180148
180150
180153
180159
180160
180163
180166
180167
180169
180170
180171
180174
180177
180179
180185
180186
180189
180191
180196
180198
180205
180206
180208
180210
180211
180216
180221
180222
180228
180229
180231
180234
180235
180236
180239
180242
180243
180245
180246
180248
180249
180255
180256
180258
180259
180260
180261
180262
180264
180269
180270
180273
180274
180278
180279
180280
180281
180286
180289
180290
180292
180295
180296
180297
180302
180305
180307
180308
180310
180313
180315
180319
180326
180328
180335
180339
180340
180341
180342
180345
180347
180349
180358
180359
180361
180362
180363
180366
180367
180368
180371
180372
180374
180375
180381
180385
180388
180390
180392
180395
180397
180398
180399
180402
180409
180411
180414
180422
180426
180433
180438
180441
180443
180444
180445
180446
180449
180452
180453
180455
180458
180459
180462
180465
180467
180469
180470
180478
180481
180482
180483
180484
180485
180488
180489
180492
180495
180496
180499
180500
180501
180502
180504
180513
180514
180515
180516
180520
180524
180530
180531
180533
180534
180535
180536
180537
180538
180549
180550
180551
180554
180556
180557
180560
180561
180562
180567
180568
180577
180578
180580
180583
180588
180589
180591
180595
180598
180600
180601
180603
180605
180606
180607
180617
180619
180621
180623
180624
180625
180628
180630
180632
180634
180642
180648
180650
180653
180654
180655
180656
180660
180661
180662
180668
180670
180672
180674
180678
180680
180683
180687
180689
180693
180696
180697
180698
180701
180702
180703
180707
180709
180711
180713
180716
180718
180722
180724
180727
180730
180731
180733
180734
180737
180744
180745
180746
180747
180748
180750
180752
180753
180754
180755
180761
180762
180766
180767
180768
180770
180775
180781
180786
180789
180790
180791
180793
180794
180800
180801
180803
180808
180814
180821
180822
180823
180824
180826
180827
180829
180831
180833
180839
180849
180852
180854
180855
180856
180858
180861
180869
180873
180879
180881
180882
180886
180890
180892
180893
180894
180896
180897
180899
180901
180902
180903
180907
180910
180912
180913
180914
180916
180917
180922
180925
180926
180929
180931
180932
180933
180934
180935
180946
180947
180951
180952
180955
180959
180963
180964
180968
180970
180971
180975
180980
180982
180985
180997
180999
181000
181001
181002
181006
181008
181009
181012
181013
181020
181023
181026
181029
181030
181032
181033
181037
181039
181040
181042
181046
181048
181049
181050
181053
181057
181058
181060
181062
181063
181064
181068
181074
181075
181080
181084
181086
181090
181092
181093
181098
181100
181102
181103
181104
181105
181108
181111
181112
181113
181114
181115
181118
181125
181129
181130
181131
181132
181133
181134
181135
181139
181143
181149
181150
181152
181156
181160
181161
181162
181165
181172
181174
181175
181178
181181
181183
181184
181185
181186
181187
181189
181190
181193
181194
181196
181198
181200
181202
181205
181206
181207
181208
181209
181210
181211
181214
181222
181229
181234
181236
181238
181247
181249
181252
181253
181255
181259
181262
181263
181268
181269
181271
181272
181276
181278
181279
181281
181282
181283
181286
181290
181293
181296
181301
181306
181309
181310
181312
181317
181320
181326
181327
181328
181332
181334
181340
181342
181344
181345
181346
181347
181350
181351
181352
181353
181354
181356
181357
181359
181362
181366
181371
181372
181373
181374
181380
181381
181383
181387
181391
181392
181393
181396
181403
181404
181406
181408
181409
181415
181417
181421
181422
181423
181425
181430
181439
181441
181444
181445
181448
181449
181451
181452
181453
181454
181459
181462
181463
181464
181472
181473
181474
181484
181486
181487
181489
181493
181497
181499
181500
181504
181508
181514
181518
181520
181521
181522
181523
181527
181531
181532
181534
181535
181536
181537
181545
181546
181549
181552
181556
181558
181560
181561
181567
181570
181571
181576
181582
181584
181587
181588
181589
181591
181595
181596
181599
181603
181604
181608
181611
181613
181614
181615
181619
181622
181624
181626
181628
181631
181632
181635
181636
181637
181641
181644
181647
181650
181653
181654
181656
181661
181662
181663
181667
181673
181675
181676
181678
181680
181681
181682
181684
181689
181690
181692
181697
181703
181704
181707
181708
181716
181719
181723
181727
181728
181730
181732
181733
181736
181738
181739
181740
181741
181742
181743
181744
181745
181749
181751
181753
181754
181761
181765
181767
181769
181770
181779
181784
181785
181787
181793
181796
181797
181798
181799
181803
181808
181809
181811
181812
181813
181824
181829
181830
181833
181834
181835
181838
181839
181841
181842
181845
181846
181847
181849
181851
181853
181854
181855
181857
181860
181865
181867
181868
181870
181874
181886
181887
181889
181891
181893
181894
181895
181896
181897
181898
181899
181902
181904
181905
181906
181907
181909
181910
181912
181913
181919
181922
181923
181925
181927
181930
181933
181936
181943
181944
181947
181948
181951
181952
181953
181955
181960
181961
181962
181963
181966
181967
181972
181973
181977
181980
181981
181982
181983
181986
181989
181994
181995
181999
182000
182003
182004
182010
182011
182013
182014
182016
182021
182023
182024
182025
182029
182031
182036
182037
182038
182041
182045
182051
182055
182058
182061
182063
182064
182065
182069
182070
182072
182077
182078
182081
182082
182084
182086
182087
182090
182091
182095
182097
182098
182099
182100
182102
182106
182112
182113
182118
182119
182120
182124
182128
182133
182134
182137
182138
182139
182140
182141
182142
182145
182147
182149
182150
182153
182154
182155
182157
182159
182163
182164
182165
182166
182176
182178
182179
182182
182183
182186
182187
182191
182195
182196
182200
182204
182210
182211
182212
182218
182222
182223
182227
182234
182235
182240
182243
182244
182246
182247
182248
182254
182260
182262
182263
182264
182265
182269
182272
182274
182276
182277
182285
182289
182290
182292
182295
182301
182304
182307
182311
182319
182322
182323
182329
182330
182334
182336
182337
182342
182343
182345
182347
182351
182356
182363
182364
182367
182371
182374
182384
182385
182388
182390
182391
182393
182395
182402
182406
182408
182413
182417
182418
182419
182422
182424
182425
182428
182437
182438
182443
182444
182445
182448
182451
182453
182456
182459
182461
182467
182468
182471
182472
182475
182476
182477
182479
182488
182490
182491
182492
182494
182495
182496
182497
182498
182500
182501
182503
182505
182508
182509
182512
182513
182514
182515
182517
182521
182523
182527
182528
182532
182533
182538
182542
182545
182547
182553
182554
182556
182557
182562
182567
182569
182574
182576
182582
182587
182588
182590
182591
182592
182593
182594
182597
182598
182601
182602
182603
182605
182607
182608
182610
182613
182614
182620
182623
182625
182631
182634
182638
182639
182641
182644
182645
182646
182648
182650
182654
182657
182662
182671
182675
182678
182683
182684
182687
182690
182691
182694
182695
182697
182699
182700
182702
182704
182705
182709
182711
182713
182716
182717
182720
182724
182725
182726
182727
182728
182730
182731
182732
182733
182737
182738
182739
182744
182745
182749
182757
182759
182762
182763
182765
182777
182782
182783
182784
182790
182791
182792
182793
182797
182798
182799
182800
182801
182802
182803
182806
182809
182812
182814
182815
182816
182820
182821
182825
182828
182829
182831
182836
182838
182839
182843
182845
182847
182848
182852
182857
182859
182862
182865
182867
182869
182871
182872
182874
182877
182879
182882
182889
182891
182892
182896
182898
182902
182903
182905
182906
182910
182912
182915
182917
182919
182921
182922
182927
182929
182931
182933
182937
182943
182948
182950
182951
182952
182955
182959
182960
182962
182970
182971
182972
182973
182974
182975
182977
182979
182980
182982
182984
182986
182988
182989
182990
182992
182993
182997
182998
182999
183001
183002
183004
183006
183013
183014
183015
183016
183017
183019
183022
183026
183027
183028
183030
183031
183032
183035
183044
183046
183047
183049
183051
183052
183053
183054
183055
183056
183061
183063
183065
183068
183071
183081
183087
183088
183092
183100
183101
183106
183107
183110
183112
183114
183115
183118
183119
183122
183123
183125
183128
183129
183132
183135
183138
183140
183141
183142
183143
183145
183147
183150
183152
183153
183162
183167
183168
183171
183172
183173
183175
183182
183183
183187
183189
183191
183194
183195
183197
183199
183201
183203
183204
183206
183207
183210
183213
183214
183215
183216
183221
183222
183224
183226
183227
183230
183239
183244
183245
183246
183247
183248
183250
183252
183255
183256
183262
183264
183267
183268
183269
183273
183278
183280
183284
183286
183287
183289
183292
183294
183296
183297
183300
183301
183303
183313
183314
183316
183318
183323
183324
183328
183329
183330
183331
183332
183334
183335
183336
183338
183342
183343
183344
183347
183349
183354
183355
183357
183361
183368
183370
183373
183374
183375
183382
183383
183384
183385
183390
183393
183395
183399
183402
183404
183408
183414
183415
183417
183420
183423
183427
183428
183429
183436
183437
183438
183441
183442
183443
183446
183447
183452
183455
183456
183459
183460
183462
183463
183465
183466
183471
183472
183478
183481
183483
183486
183487
183491
183492
183496
183498
183501
183505
183506
183507
183509
183511
183515
183518
183519
183522
183525
183526
183527
183530
183534
183537
183542
183543
183548
183550
183551
183552
183556
183561
183564
183568
183570
183574
183581
183582
183584
183585
183592
183593
183597
183598
183599
183600
183601
183602
183606
183620
183621
183622
183627
183628
183629
183635
183637
183638
183639
183642
183643
183645
183646
183648
183649
183659
183661
183664
183672
183674
183678
183681
183682
183688
183689
183690
183691
183694
183695
183696
183698
183699
183700
183701
183703
183705
183707
183709
183711
183715
183719
183721
183725
183727
183728
183729
183730
183732
183735
183736
183737
183739
183741
183745
183748
183750
183751
183756
183759
183763
183764
183767
183768
183770
183773
183775
183776
183779
183782
183783
183787
183789
183793
183794
183803
183805
183808
183809
183813
183817
183819
183822
183824
183829
183831
183837
183839
183841
183843
183844
183845
183849
183850
183852
183853
183855
183857
183861
183865
183869
183870
183871
183873
183876
183877
183885
183886
183887
183888
183889
183894
183895
183900
183903
183905
183906
183910
183912
183914
183915
183921
183923
183926
183927
183931
183932
183938
183940
183941
183946
183955
183956
183963
183965
183967
183968
183969
183974
183976
183977
183979
183983
183984
183985
183987
183988
183991
183992
183993
183994
183995
183996
184002
184004
184005
184007
184008
184011
184012
184015
184023
184025
184028
184031
184032
184033
184035
184036
184037
184038
184039
184041
184042
184044
184056
184058
184061
184063
184068
184069
184071
184072
184073
184076
184081
184082
184083
184085
184086
184090
184094
184097
184098
184109
184111
184112
184113
184114
184115
184116
184122
184124
184125
184131
184136
184138
184140
184144
184146
184147
184152
184157
184158
184159
184165
184167
184168
184171
184172
184173
184174
184175
184177
184180
184181
184184
184188
184189
184190
184191
184192
184194
184200
184205
184208
184209
184211
184217
184224
184227
184228
184237
184239
184240
184241
184243
184244
184245
184246
184252
184256
184257
184259
184260
184261
184262
184263
184268
184274
184278
184279
184280
184283
184284
184287
184290
184291
184295
184296
184298
184299
184300
184303
184306
184307
184309
184313
184315
184316
184317
184318
184319
184322
184324
184326
184330
184332
184339
184341
184342
184344
184348
184351
184352
184355
184356
184359
184361
184362
184370
184371
184372
184374
184377
184383
184384
184386
184390
184392
184397
184406
184407
184417
184419
184420
184422
184430
184431
184435
184438
184440
184442
184447
184449
184452
184454
184456
184458
184464
184465
184466
184467
184468
184470
184471
184475
184476
184478
184480
184481
184485
184491
184492
184494
184495
184496
184498
184500
184504
184510
184517
184518
184520
184524
184526
184528
184532
184536
184539
184540
184546
184548
184551
184568
184575
184581
184587
184592
184596
184601
184602
184604
184605
184606
184607
184609
184610
184612
184613
184615
184617
184619
184627
184628
184630
184631
184636
184637
184638
184639
184642
184643
184646
184650
184651
184653
184656
184659
184661
184662
184663
184665
184666
184669
184671
184682
184683
184684
184690
184691
184692
184693
184695
184696
184698
184701
184708
184710
184715
184716
184717
184719
184720
184722
184724
184726
184727
184731
184734
184736
184746
184751
184753
184754
184755
184756
184758
184765
184771
184772
184774
184780
184785
184787
184789
184792
184794
184795
184796
184797
184798
184799
184801
184805
184806
184809
184814
184820
184822
184825
184826
184827
184828
184835
184836
184840
184843
184845
184846
184851
184852
184853
184854
184856
184869
184876
184879
184880
184882
184883
184885
184886
184887
184892
184893
184895
184896
184899
184901
184904
184914
184915
184916
184920
184923
184926
184928
184930
184931
184935
184938
184939
184941
184942
184946
184947
184952
184954
184955
184956
184958
184960
184962
184963
184967
184970
184971
184974
184977
184979
184985
184986
184990
184996
184997
184998
184999
185000
185002
185007
185011
185012
185013
185016
185018
185020
185023
185028
185032
185033
185035
185037
185039
185042
185044
185046
185051
185052
185053
185055
185058
185059
185060
185063
185065
185066
185069
185070
185072
185073
185074
185076
185078
185080
185081
185083
185084
185085
185088
185089
185090
185093
185095
185097
185098
185103
185109
185113
185114
185116
185118
185119
185120
185121
185127
185132
185133
185137
185138
185140
185147
185148
185150
185151
185153
185154
185155
185156
185162
185164
185168
185173
185178
185181
185183
185184
185185
185192
185196
185197
185198
185199
185203
185208
185211
185214
185215
185220
185221
185223
185227
185229
185238
185243
185247
185249
185255
185261
185264
185265
185267
185269
185270
185271
185274
185275
185276
185285
185289
185290
185291
185292
185296
185298
185300
185304
185306
185308
185309
185316
185321
185324
185326
185329
185330
185331
185335
185337
185339
185341
185343
185344
185346
185348
185349
185354
185355
185358
185360
185362
185363
185364
185369
185373
185378
185380
185382
185385
185392
185398
185400
185401
185407
185409
185410
185417
185418
185429
185435
185436
185441
185442
185444
185447
185448
185452
185454
185456
185467
185468
185469
185470
185471
185473
185474
185476
185477
185479
185481
185483
185485
185488
185491
185492
185493
185495
185496
185497
185498
185499
185505
185506
185509
185513
185514
185517
185522
185523
185525
185528
185535
185537
185539
185540
185541
185542
185545
185550
185551
185552
185553
185554
185560
185561
185562
185564
185567
185570
185573
185574
185576
185579
185588
185590
185591
185593
185596
185601
185602
185606
185608
185610
185612
185613
185614
185624
185626
185632
185634
185637
185640
185641
185644
185645
185650
185653
185655
185658
185659
185661
185662
185666
185668
185672
185673
185674
185678
185680
185682
185683
185684
185686
185687
185688
185693
185695
185696
185697
185698
185700
185703
185705
185706
185707
185709
185711
185712
185715
185716
185717
185723
185727
185729
185734
185737
185739
185743
185746
185747
185751
185753
185754
185758
185760
185761
185764
185767
185769
185771
185775
185776
185777
185778
185781
185784
185794
185799
185800
185802
185803
185807
185810
185819
185820
185821
185823
185824
185825
185826
185840
185841
185843
185844
185846
185847
185848
185859
185861
185862
185863
185865
185869
185874
185875
185877
185879
185886
185887
185888
185889
185894
185897
185899
185902
185906
185909
185911
185922
185932
185934
185935
185936
185939
185941
185944
185946
185952
185958
185961
185963
185966
185967
185969
185972
185974
185980
185981
185983
185984
185985
185986
185987
185990
185992
185994
185997
185998
186000
186001
186006
186010
186012
186013
186022
186024
186029
186030
186032
186033
186034
186037
186038
186042
186051
186055
186056
186059
186061
186062
186064
186068
186071
186073
186074
186075
186077
186078
186084
186085
186086
186087
186088
186090
186092
186095
186096
186098
186100
186101
186103
186110
186113
186115
186117
186118
186119
186120
186125
186127
186130
186131
186132
186135
186136
186138
186142
186145
186149
186153
186154
186155
186156
186159
186162
186165
186168
186171
186172
186179
186181
186185
186186
186188
186189
186190
186191
186192
186196
186197
186198
186205
186206
186207
186209
186210
186211
186215
186216
186217
186219
186222
186223
186224
186227
186232
186233
186238
186241
186243
186245
186248
186253
186255
186257
186258
186259
186261
186262
186263
186264
186267
186271
186273
186275
186276
186284
186285
186286
186288
186290
186291
186294
186296
186299
186300
186301
186304
186306
186309
186311
186314
186319
186321
186329
186331
186333
186334
186335
186336
186342
186345
186349
186353
186359
186360
186361
186363
186365
186370
186374
186377
186384
186385
186386
186387
186391
186393
186394
186397
186400
186403
186405
186406
186410
186412
186417
186419
186421
186423
186424
186425
186427
186431
186433
186437
186439
186441
186442
186443
186444
186447
186450
186454
186457
186458
186459
186461
186462
186464
186466
186467
186471
186474
186475
186477
186487
186488
186492
186493
186499
186500
186501
186505
186509
186512
186513
186516
186518
186520
186522
186524
186527
186530
186531
186533
186534
186535
186536
186538
186540
186542
186543
186545
186547
186548
186554
186555
186559
186560
186565
186576
186577
186578
186580
186581
186583
186593
186594
186599
186603
186605
186614
186616
186618
186622
186623
186625
186626
186628
186634
186635
186636
186639
186641
186642
186644
186645
186653
186655
186657
186658
186660
186667
186672
186673
186674
186680
186681
186683
186684
186686
186689
186691
186692
186693
186697
186703
186704
186705
186709
186715
186717
186718
186719
186720
186722
186724
186725
186727
186728
186732
186734
186736
186742
186745
186746
186747
186749
186754
186755
186759
186763
186766
186769
186772
186776
186782
186783
186785
186787
186790
186792
186797
186799
186802
186803
186805
186808
186810
186812
186820
186825
186828
186831
186833
186840
186841
186847
186849
186850
186852
186854
186855
186860
186862
186866
186867
186871
186872
186874
186877
186879
186880
186881
186882
186883
186886
186887
186888
186890
186901
186906
186907
186910
186911
186914
186915
186918
186920
186921
186922
186925
186927
186928
186929
186935
186939
186941
186943
186944
186945
186948
186956
186957
186958
186959
186961
186969
186970
186980
186982
186984
186988
186994
186995
187001
187006
187007
187008
187012
187016
187018
187021
187022
187023
187024
187025
187026
187027
187028
187030
187031
187032
187041
187043
187048
187050
187051
187052
187053
187055
187058
187061
187062
187066
187068
187069
187073
187075
187076
187077
187079
187081
187082
187083
187084
187091
187092
187093
187097
187099
187101
187102
187107
187109
187111
187113
187114
187118
187121
187127
187130
187132
187136
187138
187139
187140
187148
187152
187154
187155
187157
187159
187164
187165
187168
187169
187172
187173
187177
187179
187181
187182
187184
187187
187188
187189
187191
187192
187194
187195
187200
187205
187206
187207
187209
187211
187220
187221
187226
187227
187228
187230
187232
187233
187235
187236
187240
187242
187244
187247
187248
187249
187250
187254
187258
187265
187267
187271
187272
187274
187276
187278
187279
187281
187282
187284
187285
187288
187290
187292
187301
187303
187305
187306
187315
187317
187320
187322
187326
187327
187328
187330
187332
187336
187343
187345
187346
187347
187348
187349
187352
187353
187355
187365
187370
187373
187374
187377
187378
187382
187384
187385
187387
187388
187390
187392
187393
187394
187395
187399
187403
187404
187406
187407
187409
187412
187414
187418
187424
187428
187429
187431
187433
187434
187437
187441
187445
187448
187450
187451
187452
187454
187455
187458
187460
187462
187463
187464
187465
187466
187470
187473
187475
187477
187482
187483
187492
187495
187496
187497
187501
187510
187512
187513
187515
187519
187523
187525
187527
187528
187534
187540
187543
187544
187545
187547
187548
187549
187552
187553
187554
187555
187559
187561
187565
187567
187572
187577
187578
187579
187582
187585
187586
187588
187590
187592
187593
187594
187595
187597
187598
187600
187601
187602
187604
187606
187608
187610
187611
187612
187614
187617
187618
187620
187623
187627
187629
187630
187634
187639
187644
187646
187647
187648
187650
187651
187652
187660
187663
187666
187667
187669
187674
187676
187677
187680
187685
187690
187693
187695
187696
187697
187702
187709
187710
187713
187714
187718
187723
187726
187732
187733
187734
187735
187740
187741
187742
187747
187748
187749
187751
187752
187755
187758
187766
187768
187769
187772
187783
187785
187786
187789
187790
187793
187794
187796
187798
187803
187805
187807
187808
187811
187812
187813
187815
187817
187822
187826
187827
187830
187833
187838
187841
187842
187844
187845
187848
187851
187852
187853
187858
187859
187861
187864
187870
187874
187875
187877
187878
187881
187885
187886
187890
187891
187892
187894
187895
187897
187899
187902
187903
187904
187905
187907
187910
187911
187912
187914
187916
187919
187921
187923
187928
187929
187930
187932
187933
187935
187937
187939
187944
187945
187947
187953
187954
187955
187956
187958
187959
187960
187962
187963
187965
187966
187968
187970
187973
187975
187976
187981
187982
187984
187989
187990
187991
187993
187996
188003
188011
188013
188014
188015
188019
188020
188022
188028
188036
188040
188043
188044
188045
188051
188052
188055
188056
188059
188064
188066
188067
188069
188070
188071
188073
188074
188082
188083
188084
188086
188089
188090
188091
188095
188097
188099
188102
188103
188104
188106
188107
188111
188114
188117
188118
188119
188123
188127
188129
188130
188131
188133
188134
188135
188138
188142
188145
188149
188150
188153
188155
188161
188162
188164
188166
188170
188171
188172
188174
188175
188177
188178
188179
188180
188181
188184
188185
188187
188188
188195
188197
188199
188204
188212
188213
188215
188225
188228
188229
188231
188233
188234
188236
188237
188241
188242
188243
188248
188250
188252
188253
188256
188261
188262
188265
188267
188274
188275
188278
188279
188281
188285
188286
188288
188293
188297
188302
188305
188308
188310
188311
188312
188313
188319
188321
188323
188324
188327
188328
188329
188331
188332
188333
188335
188336
188338
188340
188346
188348
188352
188354
188355
188359
188361
188362
188366
188371
188372
188374
188375
188376
188377
188378
188381
188382
188383
188384
188392
188394
188396
188400
188403
188404
188413
188417
188418
188420
188423
188424
188426
188427
188434
188435
188436
188440
188441
188444
188445
188446
188449
188450
188454
188460
188464
188467
188470
188473
188474
188476
188477
188479
188480
188484
188485
188488
188489
188490
188493
188494
188495
188498
188500
188505
188506
188509
188510
188511
188513
188516
188517
188520
188524
188525
188527
188531
188533
188534
188539
188541
188544
188546
188547
188552
188554
188556
188558
188577
188580
188581
188584
188590
188593
188594
188596
188597
188600
188601
188602
188604
188610
188611
188612
188613
188614
188619
188620
188624
188625
188631
188632
188633
188634
188642
188652
188653
188662
188664
188670
188675
188676
188677
188680
188683
188685
188689
188690
188692
188694
188698
188702
188703
188705
188706
188707
188709
188712
188715
188721
188722
188723
188724
188725
188729
188730
188731
188733
188734
188735
188739
188741
188742
188745
188747
188748
188753
188759
188766
188769
188770
188773
188775
188776
188777
188778
188781
188785
188790
188791
188792
188795
188796
188797
188799
188800
188801
188802
188806
188809
188811
188815
188819
188824
188834
188835
188836
188840
188841
188844
188850
188852
188854
188855
188857
188858
188859
188860
188863
188864
188867
188870
188871
188872
188876
188882
188885
188887
188889
188890
188892
188895
188897
188903
188905
188906
188907
188908
188910
188911
188914
188915
188916
188924
188926
188927
188931
188932
188935
188938
188940
188941
188944
188945
188948
188949
188950
188951
188954
188956
188962
188963
188964
188965
188971
188975
188978
188979
188981
188982
188983
188987
188998
189000
189001
189009
189013
189014
189019
189025
189028
189036
189038
189042
189044
189046
189047
189052
189054
189056
189057
189059
189060
189061
189063
189064
189065
189068
189070
189076
189082
189084
189086
189088
189089
189093
189096
189099
189102
189106
189107
189108
189112
189113
189116
189118
189119
189126
189127
189128
189129
189130
189131
189133
189136
189140
189141
189143
189146
189147
189156
189158
189159
189160
189161
189163
189165
189166
189169
189171
189173
189175
189176
189180
189181
189184
189189
189194
189196
189197
189198
189199
189200
189203
189206
189207
189209
189213
189215
189216
189217
189218
189219
189222
189224
189226
189229
189232
189235
189236
189237
189241
189243
189245
189249
189251
189252
189254
189256
189258
189262
189264
189269
189271
189272
189273
189274
189277
189278
189281
189282
189284
189286
189287
189288
189290
189293
189294
189297
189299
189304
189305
189308
189312
189313
189314
189322
189325
189327
189328
189330
189332
189333
189334
189335
189336
189337
189340
189342
189343
189344
189347
189348
189350
189351
189353
189355
189356
189358
189360
189361
189365
189366
189367
189372
189373
189374
189375
189377
189380
189383
189384
189389
189390
189391
189392
189393
189396
189398
189404
189407
189408
189409
189411
189421
189425
189426
189427
189431
189432
189434
189435
189436
189441
189445
189446
189451
189452
189455
189457
189461
189463
189464
189465
189466
189469
189476
189478
189482
189483
189485
189486
189487
189488
189490
189492
189493
189494
189495
189498
189500
189502
189505
189506
189508
189512
189513
189515
189521
189522
189523
189524
189526
189527
189528
189529
189530
189532
189533
189534
189536
189539
189541
189543
189546
189547
189550
189551
189553
189558
189560
189562
189563
189565
189568
189574
189576
189577
189579
189580
189581
189584
189586
189587
189590
189595
189602
189604
189605
189611
189616
189617
189618
189621
189625
189627
189630
189634
189635
189640
189646
189648
189650
189653
189654
189655
189658
189663
189665
189666
189668
189670
189671
189672
189675
189676
189677
189678
189679
189682
189687
189691
189692
189694
189695
189696
189697
189698
189701
189703
189704
189707
189713
189715
189719
189721
189722
189724
189729
189730
189731
189733
189734
189738
189739
189744
189746
189747
189749
189750
189751
189758
189763
189766
189768
189770
189771
189775
189778
189782
189784
189786
189790
189792
189793
189796
189797
189801
189802
189803
189804
189805
189808
189809
189810
189811
189814
189818
189820
189822
189831
189834
189840
189842
189843
189844
189847
189848
189851
189853
189854
189855
189858
189860
189861
189862
189867
189871
189872
189876
189878
189881
189886
189887
189891
189894
189900
189903
189909
189912
189913
189915
189916
189918
189919
189921
189925
189929
189931
189934
189938
189941
189942
189943
189947
189948
189950
189951
189952
189956
189958
189959
189961
189964
189965
189969
189970
189975
189977
189978
189979
189981
189982
189985
189989
189990
189993
189998
190005
190007
190008
190019
190022
190025
190027
190029
190032
190035
190036
190038
190041
190042
190043
190046
190047
190049
190050
190053
190054
190056
190060
190061
190062
190063
190065
190066
190068
190069
190070
190071
190072
190073
190074
190078
190081
190082
190088
190093
190095
190099
190104
190110
190112
190115
190120
190121
190122
190125
190127
190129
190139
190141
190142
190143
190146
190148
190149
190155
190156
190158
190159
190160
190161
190163
190164
190169
190170
190172
190174
190175
190178
190179
190181
190182
190190
190191
190192
190198
190200
190204
190207
190208
190209
190211
190213
190215
190221
190226
190228
190233
190236
190239
190241
190247
190249
190251
190252
190253
190255
190256
190258
190259
190261
190265
190266
190267
190271
190272
190275
190281
190284
190291
190292
190293
190296
190297
190299
190300
190303
190304
190307
190311
190313
190315
190321
190324
190329
190330
190332
190335
190337
190340
190344
190345
190348
190349
190350
190354
190355
190357
190358
190359
190361
190362
190363
190368
190380
190382
190392
190396
190397
190401
190410
190412
190413
190415
190417
190419
190421
190422
190426
190427
190428
190435
190441
190442
190443
190445
190451
190452
190453
190461
190466
190468
190471
190475
190476
190479
190484
190485
190490
190491
190492
190495
190499
190500
190501
190502
190504
190505
190506
190513
190515
190518
190519
190522
190524
190528
190529
190530
190532
190534
190538
190541
190543
190545
190546
190549
190553
190557
190558
190561
190563
190564
190567
190568
190571
190574
190577
190579
190587
190590
190591
190597
190603
190606
190608
190611
190612
190613
190615
190616
190619
190626
190634
190637
190639
190640
190643
190645
190646
190654
190660
190661
190665
190666
190670
190672
190673
190677
190679
190680
190682
190684
190685
190686
190688
190690
190692
190693
190694
190695
190696
190700
190710
190712
190714
190718
190721
190723
190728
190730
190731
190738
190742
190744
190746
190750
190751
190752
190754
190755
190760
190761
190762
190764
190765
190766
190767
190768
190771
190773
190774
190775
190777
190778
190781
190782
190783
190788
190790
190791
190792
190794
190798
190799
190800
190803
190804
190805
190809
190817
190818
190821
190823
190825
190829
190831
190832
190834
190837
190839
190844
190845
190847
190858
190861
190862
190863
190864
190867
190874
190877
190878
190881
190883
190884
190885
190888
190894
190901
190903
190905
190907
190919
190920
190926
190932
190934
190935
190937
190940
190943
190947
190953
190954
190956
190960
190961
190965
190969
190973
190977
190978
190979
190981
190988
190990
190991
190992
190997
191000
191007
191008
191009
191012
191013
191016
191018
191020
191021
191022
191024
191026
191027
191030
191038
191044
191045
191046
191048
191049
191050
191054
191055
191060
191070
191072
191074
191077
191080
191082
191083
191084
191086
191088
191089
191090
191092
191097
191098
191112
191113
191114
191116
191117
191118
191119
191122
191124
191125
191126
191129
191133
191137
191141
191145
191146
191147
191148
191151
191154
191155
191156
191160
191164
191166
191167
191169
191174
191176
191177
191178
191181
191183
191184
191185
191189
191190
191192
191194
191199
191201
191203
191206
191208
191210
191211
191214
191215
191216
191219
191221
191224
191227
191228
191230
191232
191234
191237
191238
191242
191243
191245
191246
191247
191249
191252
191253
191254
191256
191257
191266
191267
191268
191269
191270
191272
191274
191276
191277
191279
191280
191281
191286
191287
191288
191292
191293
191294
191296
191297
191302
191305
191309
191310
191315
191317
191321
191326
191336
191338
191340
191341
191348
191352
191354
191355
191356
191357
191360
191365
191371
191372
191374
191375
191377
191379
191384
191389
191390
191394
191397
191400
191401
191402
191406
191407
191408
191409
191411
191413
191416
191422
191424
191426
191427
191428
191429
191432
191436
191440
191442
191443
191446
191449
191451
191452
191454
191457
191460
191462
191463
191464
191465
191466
191468
191471
191472
191479
191480
191481
191482
191483
191484
191485
191488
191489
191493
191498
191500
191506
191508
191512
191513
191516
191518
191523
191525
191528
191533
191534
191538
191543
191550
191554
191555
191557
191561
191562
191564
191565
191566
191567
191568
191576
191577
191579
191582
191584
191585
191597
191600
191604
191606
191607
191608
191613
191614
191616
191618
191621
191625
191627
191629
191630
191631
191632
191633
191634
191637
191639
191644
191645
191648
191649
191651
191653
191657
191658
191661
191668
191670
191671
191674
191677
191679
191681
191682
191683
191685
191686
191688
191689
191690
191691
191695
191696
191697
191699
191701
191704
191708
191709
191712
191715
191716
191717
191718
191721
191723
191726
191728
191729
191737
191738
191739
191740
191741
191744
191745
191751
191752
191754
191760
191761
191764
191765
191766
191770
191772
191774
191775
191778
191781
191786
191787
191788
191790
191792
191795
191796
191800
191807
191811
191817
191818
191819
191820
191822
191823
191831
191832
191836
191838
191839
191846
191849
191851
191852
191853
191857
191865
191867
191869
191870
191871
191874
191877
191884
191886
191889
191891
191892
191896
191897
191899
191904
191907
191908
191909
191911
191913
191916
191917
191918
191919
191922
191929
191932
191934
191936
191937
191939
191941
191944
191946
191947
191949
191955
191956
191957
191963
191967
191970
191979
191980
191981
191982
191984
191985
191996
192009
192010
192012
192018
192019
192021
192022
192023
192026
192030
192031
192033
192036
192037
192040
192044
192050
192052
192053
192056
192057
192060
192061
192068
192072
192073
192075
192077
192079
192082
192083
192087
192088
192089
192092
192095
192096
192098
192099
192104
192108
192110
192111
192116
192118
192120
192122
192127
192132
192133
192136
192137
192139
192140
192143
192144
192146
192149
192150
192151
192155
192160
192163
192164
192169
192173
192176
192177
192179
192181
192184
192185
192186
192191
192192
192195
192197
192201
192202
192205
192208
192209
192211
192214
192216
192217
192218
192221
192222
192223
192225
192226
192228
192229
192230
192231
192239
192240
192241
192243
192244
192246
192248
192253
192255
192257
192258
192261
192265
192267
192272
192274
192277
192278
192279
192280
192281
192283
192284
192286
192288
192289
192290
192294
192295
192297
192298
192300
192316
192317
192321
192325
192329
192337
192340
192341
192345
192351
192352
192355
192360
192361
192363
192366
192372
192374
192375
192377
192379
192382
192383
192389
192392
192394
192395
192399
192403
192405
192406
192408
192409
192415
192417
192419
192423
192427
192430
192432
192434
192437
192439
192440
192444
192446
192447
192450
192452
192453
192455
192456
192458
192460
192462
192464
192466
192467
192468
192469
192472
192482
192485
192486
192494
192496
192499
192501
192502
192503
192506
192509
192513
192514
192519
192521
192523
192528
192530
192531
192534
192540
192542
192543
192545
192550
192558
192559
192560
192561
192563
192564
192567
192569
192573
192578
192579
192580
192582
192583
192584
192585
192586
192591
192594
192595
192597
192600
192601
192603
192606
192607
192608
192610
192613
192615
192617
192620
192621
192622
192629
192631
192632
192633
192635
192638
192639
192644
192645
192646
192655
192657
192661
192667
192671
192672
192675
192676
192679
192681
192682
192684
192686
192690
192691
192692
192693
192698
192699
192702
192704
192706
192707
192708
192711
192712
192713
192714
192716
192717
192720
192721
192722
192723
192724
192725
192728
192730
192741
192747
192750
192752
192753
192758
192761
192768
192775
192777
192784
192788
192790
192791
192792
192795
192797
192799
192802
192805
192809
192811
192814
192816
192819
192828
192830
192831
192833
192842
192844
192845
192847
192849
192851
192852
192855
192856
192859
192863
192866
192867
192869
192871
192873
192874
192876
192883
192885
192889
192890
192894
192896
192901
192904
192906
192909
192912
192914
192917
192918
192921
192922
192923
192926
192928
192931
192932
192934
192935
192938
192939
192941
192942
192943
192945
192946
192948
192951
192952
192953
192962
192963
192964
192967
192974
192975
192976
192982
192985
192989
192995
193001
193002
193003
193007
193010
193011
193014
193015
193017
193019
193023
193025
193031
193035
193036
193037
193038
193040
193047
193048
193052
193054
193055
193059
193061
193063
193064
193069
193070
193076
193078
193079
193081
193083
193085
193086
193088
193091
193097
193101
193102
193103
193108
193109
193115
193116
193119
193121
193125
193127
193132
193134
193135
193138
193142
193144
193145
193147
193148
193150
193152
193153
193155
193156
193157
193158
193159
193163
193164
193166
193168
193170
193172
193178
193179
193180
193181
193182
193185
193187
193188
193189
193190
193193
193196
193198
193200
193201
193202
193203
193205
193208
193209
193212
193217
193226
193227
193228
193229
193230
193233
193236
193244
193253
193255
193258
193260
193261
193262
193264
193267
193268
193271
193273
193276
193278
193283
193290
193291
193293
193297
193298
193301
193307
193309
193310
193318
193319
193320
193323
193326
193328
193330
193331
193335
193338
193341
193343
193347
193348
193353
193356
193358
193360
193362
193363
193366
193368
193370
193372
193374
193378
193380
193385
193386
193389
193391
193393
193398
193403
193410
193413
193414
193416
193420
193421
193427
193428
193429
193436
193438
193441
193448
193449
193451
193453
193454
193462
193463
193466
193467
193471
193473
193476
193477
193482
193485
193489
193490
193492
193494
193503
193504
193505
193506
193507
193508
193510
193511
193512
193514
193520
193522
193527
193530
193533
193535
193536
193537
193538
193541
193542
193544
193545
193546
193550
193551
193553
193559
193560
193569
193571
193573
193575
193577
193578
193581
193582
193583
193590
193594
193595
193597
193603
193604
193613
193618
193628
193631
193634
193635
193639
193642
193644
193645
193646
193648
193649
193650
193651
193654
193658
193660
193662
193664
193665
193667
193674
193675
193679
193682
193683
193684
193685
193686
193688
193692
193693
193696
193699
193701
193704
193705
193706
193708
193711
193713
193715
193716
193717
193718
193727
193732
193735
193736
193737
193740
193741
193745
193747
193752
193753
193754
193755
193758
193767
193768
193774
193777
193779
193782
193785
193786
193788
193791
193793
193795
193797
193799
193800
193803
193809
193810
193811
193812
193815
193817
193818
193820
193822
193824
193826
193827
193833
193836
193838
193845
193847
193849
193851
193852
193853
193854
193855
193858
193859
193860
193866
193871
193872
193873
193874
193876
193878
193879
193881
193886
193889
193894
193895
193896
193897
193905
193906
193908
193910
193912
193913
193915
193917
193918
193920
193923
193924
193927
193928
193929
193932
193934
193935
193939
193940
193941
193943
193944
193947
193955
193956
193959
193961
193965
193966
193967
193975
193976
193980
193985
193991
193992
193993
193994
193995
193999
194000
194001
194003
194007
194008
194010
194013
194014
194016
194017
194021
194022
194025
194028
194036
194038
194039
194042
194043
194044
194045
194046
194047
194053
194055
194058
194060
194065
194068
194070
194075
194081
194082
194083
194084
194085
194087
194088
194090
194091
194096
194097
194100
194102
194103
194105
194106
194108
194111
194112
194114
194116
194119
194122
194124
194127
194129
194130
194131
194134
194135
194136
194138
194140
194143
194146
194148
194150
194151
194155
194160
194164
194165
194166
194167
194176
194180
194182
194184
194186
194192
194196
194197
194204
194208
194209
194211
194213
194215
194216
194222
194224
194225
194227
194228
194232
194238
194240
194242
194243
194244
194245
194248
194250
194252
194253
194259
194263
194265
194269
194271
194278
194280
194281
194283
194284
194286
194287
194288
194292
194301
194302
194303
194306
194307
194312
194314
194315
194317
194319
194321
194325
194330
194332
194334
194337
194342
194343
194344
194346
194348
194350
194354
194356
194357
194359
194363
194366
194367
194369
194370
194372
194373
194374
194376
194380
194389
194391
194392
194394
194395
194398
194402
194403
194405
194406
194407
194408
194409
194410
194412
194414
194415
194416
194418
194419
194421
194422
194423
194425
194433
194435
194436
194437
194438
194440
194444
194448
194450
194451
194452
194453
194454
194456
194462
194463
194465
194467
194469
194470
194472
194473
194476
194477
194480
194484
194485
194490
194492
194494
194499
194503
194505
194506
194509
194513
194515
194516
194517
194518
194522
194524
194527
194530
194531
194534
194535
194536
194538
194543
194544
194548
194550
194556
194558
194560
194563
194572
194580
194584
194586
194591
194592
194593
194594
194598
194599
194603
194604
194609
194611
194612
194613
194616
194617
194624
194626
194627
194633
194635
194638
194639
194645
194648
194650
194652
194654
194659
194660
194663
194664
194665
194667
194675
194676
194682
194684
194695
194697
194701
194704
194705
194709
194710
194712
194715
194717
194719
194729
194731
194734
194735
194739
194740
194748
194749
194758
194759
194760
194761
194762
194763
194765
194767
194768
194769
194771
194774
194777
194778
194779
194780
194782
194783
194789
194792
194796
194797
194798
194801
194804
194807
194809
194811
194812
194814
194815
194816
194817
194818
194821
194822
194823
194824
194825
194826
194831
194832
194833
194835
194838
194843
194845
194846
194847
194848
194849
194850
194853
194857
194859
194862
194864
194869
194872
194873
194874
194875
194883
194884
194885
194889
194891
194892
194897
194901
194902
194906
194907
194908
194909
194910
194912
194914
194917
194918
194921
194925
194930
194931
194934
194938
194940
194941
194943
194944
194948
194953
194954
194961
194962
194970
194974
194975
194978
194987
194990
194991
194992
194993
194995
194997
194998
194999
195002
195004
195007
195008
195011
195018
195021
195022
195025
195026
195027
195029
195031
195034
195035
195037
195038
195039
195041
195042
195049
195050
195052
195053
195059
195060
195062
195066
195070
195081
195085
195087
195090
195095
195096
195098
195099
195100
195101
195102
195108
195111
195114
195115
195118
195119
195120
195122
195126
195128
195130
195132
195137
195138
195141
195146
195148
195152
195154
195155
195157
195160
195165
195170
195178
195179
195181
195194
195198
195199
195200
195205
195207
195210
195211
195212
195213
195221
195222
195224
195229
195232
195233
195236
195238
195240
195247
195250
195251
195254
195255
195256
195257
195263
195265
195267
195268
195269
195270
195274
195275
195277
195278
195280
195281
195284
195285
195287
195296
195297
195299
195300
195304
195305
195307
195308
195314
195315
195316
195318
195319
195322
195323
195324
195325
195326
195332
195338
195341
195343
195344
195347
195350
195352
195353
195354
195359
195361
195362
195363
195364
195365
195368
195370
195371
195375
195377
195379
195380
195381
195384
195386
195389
195391
195392
195394
195395
195397
195398
195400
195405
195416
195420
195421
195422
195428
195429
195432
195434
195440
195445
195447
195449
195450
195451
195453
195454
195457
195458
195459
195468
195469
195470
195472
195479
195482
195485
195489
195490
195491
195494
195497
195499
195504
195507
195511
195512
195514
195516
195520
195521
195526
195527
195529
195535
195537
195538
195539
195540
195541
195543
195546
195551
195552
195553
195559
195562
195565
195568
195569
195570
195572
195574
195575
195579
195588
195589
195590
195593
195599
195602
195605
195608
195617
195620
195621
195625
195626
195627
195628
195631
195635
195641
195644
195645
195647
195653
195654
195656
195657
195659
195660
195665
195672
195673
195677
195678
195679
195681
195685
195687
195690
195691
195696
195697
195701
195702
195705
195706
195707
195708
195714
195716
195718
195719
195721
195722
195723
195725
195727
195728
195729
195730
195731
195738
195739
195742
195743
195745
195746
195747
195748
195749
195753
195755
195756
195760
195764
195766
195767
195771
195776
195783
195784
195785
195787
195788
195791
195796
195798
195799
195802
195807
195808
195809
195810
195812
195818
195825
195827
195829
195834
195838
195841
195842
195847
195848
195849
195852
195859
195861
195864
195870
195871
195873
195874
195879
195880
195883
195885
195886
195889
195891
195892
195894
195897
195898
195899
195900
195903
195904
195905
195907
195908
195914
195917
195918
195921
195925
195926
195930
195933
195934
195941
195942
195945
195947
195948
195949
195954
195956
195958
195960
195961
195962
195965
195967
195969
195974
195978
195980
195990
195992
195998
195999
196003
196005
196010
196013
196014
196015
196016
196017
196018
196019
196024
196025
196026
196029
196030
196031
196036
196038
196040
196041
196043
196044
196052
196053
196057
196058
196060
196061
196062
196065
196067
196068
196083
196084
196088
196089
196093
196094
196098
196099
196102
196106
196107
196109
196110
196111
196116
196117
196118
196120
196122
196125
196127
196130
196132
196134
196138
196141
196143
196145
196149
196150
196151
196154
196156
196157
196158
196160
196163
196164
196165
196169
196170
196171
196174
196177
196181
196187
196189
196192
196196
196197
196200
196201
196202
196204
196205
196207
196208
196210
196212
196214
196215
196216
196225
196228
196233
196236
196237
196239
196241
196246
196252
196269
196270
196272
196273
196277
196278
196279
196280
196283
196284
196285
196287
196289
196290
196291
196293
196295
196297
196301
196303
196304
196305
196307
196312
196315
196316
196317
196318
196323
196328
196330
196333
196336
196337
196341
196344
196347
196349
196354
196357
196359
196360
196363
196365
196366
196367
196373
196376
196380
196381
196383
196384
196386
196387
196390
196391
196392
196394
196397
196399
196400
196401
196402
196404
196406
196407
196408
196410
196411
196415
196416
196419
196421
196422
196424
196425
196426
196434
196436
196442
196443
196445
196446
196449
196455
196459
196466
196469
196473
196474
196476
196477
196478
196479
196480
196481
196482
196486
196488
196494
196510
196511
196512
196515
196520
196521
196526
196527
196528
196529
196534
196535
196536
196538
196544
196545
196547
196549
196551
196552
196553
196554
196558
196559
196560
196563
196567
196569
196572
196578
196579
196580
196582
196583
196584
196585
196589
196590
196591
196598
196600
196605
196606
196608
196609
196610
196611
196615
196616
196622
196623
196626
196629
196645
196646
196647
196651
196653
196657
196662
196664
196668
196669
196670
196675
196676
196682
196683
196684
196686
196687
196689
196694
196695
196697
196698
196699
196702
196703
196704
196712
196719
196720
196721
196722
196723
196732
196734
196736
196737
196738
196739
196743
196751
196752
196753
196755
196758
196764
196765
196766
196767
196768
196773
196775
196780
196782
196783
196786
196787
196788
196792
196793
196795
196800
196801
196804
196805
196806
196810
196811
196814
196816
196820
196821
196824
196825
196826
196827
196831
196832
196834
196835
196838
196840
196841
196842
196843
196844
196848
196850
196851
196856
196858
196859
196860
196861
196863
196865
196869
196871
196872
196875
196876
196877
196879
196881
196884
196889
196891
196893
196901
196902
196908
196913
196914
196920
196928
196930
196933
196936
196945
196946
196948
196953
196958
196960
196962
196963
196965
196967
196969
196973
196983
196992
196996
196999
197000
197008
197009
197010
197011
197015
197018
197019
197020
197022
197030
197031
197033
197036
197038
197039
197041
197048
197050
197055
197056
197057
197058
197060
197065
197068
197069
197072
197073
197080
197083
197088
197092
197094
197095
197096
197100
197102
197103
197104
197105
197107
197109
197110
197112
197118
197122
197125
197127
197131
197132
197133
197135
197136
197137
197140
197142
197143
197145
197152
197153
197154
197155
197156
197165
197167
197169
197176
197178
197179
197182
197190
197196
197203
197204
197207
197208
197209
197210
197216
197217
197218
197222
197223
197227
197229
197233
197237
197238
197239
197242
197244
197246
197248
197251
197253
197256
197257
197258
197260
197261
197262
197263
197270
197271
197272
197273
197279
197280
197281
197284
197285
197286
197287
197289
197292
197294
197295
197303
197307
197308
197314
197315
197321
197326
197328
197329
197331
197334
197336
197339
197341
197342
197343
197344
197347
197352
197353
197354
197369
197373
197375
197377
197379
197380
197384
197385
197388
197391
197393
197395
197397
197398
197399
197404
197412
197413
197416
197417
197419
197421
197423
197424
197426
197427
197428
197434
197446
197448
197450
197451
197458
197468
197470
197476
197479
197480
197481
197485
197487
197491
197492
197493
197494
197499
197500
197501
197502
197505
197506
197507
197512
197514
197516
197518
197519
197520
197522
197523
197525
197535
197536
197544
197545
197546
197548
197552
197554
197559
197560
197562
197564
197566
197569
197570
197573
197576
197577
197579
197581
197587
197589
197594
197599
197608
197609
197611
197612
197613
197618
197619
197620
197626
197628
197630
197634
197636
197638
197641
197642
197647
197648
197649
197651
197653
197655
197660
197661
197663
197679
197680
197683
197684
197686
197689
197690
197693
197694
197695
197696
197702
197705
197706
197710
197711
197715
197716
197719
197722
197723
197725
197726
197727
197728
197729
197730
197731
197734
197735
197736
197737
197738
197739
197745
197746
197749
197751
197758
197762
197766
197767
197768
197775
197780
197784
197788
197789
197799
197804
197806
197807
197810
197811
197813
197820
197821
197823
197824
197829
197832
197836
197841
197844
197846
197848
197849
197852
197855
197856
197857
197858
197860
197863
197864
197866
197870
197871
197872
197875
197876
197878
197880
197881
197884
197885
197886
197888
197889
197891
197895
197898
197904
197908
197910
197911
197912
197913
197916
197918
197919
197920
197922
197924
197925
197927
197929
197932
197934
197936
197940
197943
197947
197949
197950
197951
197952
197953
197957
197959
197961
197962
197966
197967
197969
197970
197973
197976
197980
197983
197984
197985
197988
197990
197991
197992
198000
198003
198004
198006
198007
198008
198009
198010
198012
198013
198017
198019
198024
198025
198026
198027
198028
198029
198031
198033
198035
198037
198039
198041
198043
198048
198052
198057
198059
198060
198062
198063
198065
198066
198070
198071
198073
198074
198075
198077
198079
198081
198085
198087
198088
198089
198090
198094
198095
198098
198100
198102
198103
198106
198108
198109
198111
198112
198116
198128
198131
198132
198134
198136
198138
198143
198144
198147
198149
198153
198154
198155
198158
198167
198171
198175
198177
198178
198186
198188
198190
198193
198196
198197
198203
198204
198205
198207
198211
198212
198215
198216
198218
198219
198224
198225
198226
198228
198229
198230
198231
198237
198238
198241
198243
198244
198248
198254
198255
198256
198259
198260
198266
198268
198270
198276
198278
198279
198280
198284
198287
198288
198289
198291
198296
198299
198301
198303
198304
198306
198307
198309
198311
198313
198314
198316
198317
198320
198323
198327
198328
198331
198332
198336
198338
198340
198342
198345
198349
198351
198353
198354
198358
198359
198363
198364
198374
198376
198377
198383
198389
198390
198391
198392
198393
198394
198396
198405
198407
198408
198410
198411
198412
198418
198421
198422
198423
198425
198429
198431
198432
198434
198435
198437
198442
198443
198445
198447
198450
198455
198456
198458
198462
198464
198466
198468
198475
198476
198477
198478
198479
198482
198483
198484
198486
198487
198488
198491
198493
198496
198499
198504
198508
198509
198511
198515
198517
198518
198519
198522
198527
198528
198529
198532
198536
198538
198540
198545
198546
198549
198550
198551
198552
198555
198556
198558
198559
198560
198563
198564
198565
198566
198569
198570
198573
198576
198577
198578
198579
198585
198589
198590
198597
198599
198602
198604
198610
198613
198619
198623
198624
198625
198626
198627
198629
198634
198637
198638
198639
198640
198643
198647
198649
198652
198653
198654
198656
198658
198659
198668
198669
198674
198677
198683
198684
198685
198687
198688
198691
198693
198695
198699
198700
198701
198702
198707
198708
198709
198710
198712
198714
198715
198717
198718
198720
198728
198733
198735
198736
198738
198744
198747
198748
198749
198752
198754
198756
198758
198759
198766
198767
198768
198770
198773
198774
198775
198776
198782
198788
198790
198791
198800
198803
198804
198808
198810
198812
198816
198818
198823
198825
198827
198828
198831
198832
198834
198835
198836
198837
198838
198839
198840
198842
198843
198845
198852
198857
198860
198862
198863
198867
198868
198869
198870
198872
198873
198877
198880
198882
198883
198887
198888
198889
198890
198893
198896
198897
198900
198903
198909
198914
198916
198920
198922
198923
198925
198927
198933
198935
198938
198939
198941
198942
198947
198948
198950
198951
198952
198954
198955
198957
198959
198960
198966
198967
198976
198982
198983
198988
198994
198996
198997
199000
199001
199010
199014
199015
199016
199017
199020
199021
199024
199026
199027
199031
199032
199033
199039
199040
199043
199044
199045
199047
199049
199053
199056
199061
199062
199063
199064
199065
199067
199069
199070
199071
199079
199080
199081
199083
199086
199087
199090
199091
199101
199105
199107
199109
199112
199113
199116
199117
199120
199121
199123
199124
199125
199129
199138
199139
199140
199144
199145
199146
199152
199158
199167
199170
199171
199173
199174
199175
199180
199182
199184
199188
199190
199191
199192
199195
199196
199197
199200
199203
199205
199206
199208
199210
199213
199214
199220
199221
199223
199226
199227
199234
199237
199238
199239
199240
199244
199245
199249
199252
199253
199254
199258
199260
199262
199263
199267
199269
199270
199274
199282
199285
199286
199287
199294
199299
199302
199303
199304
199306
199311
199312
199314
199315
199317
199318
199319
199328
199330
199331
199336
199339
199342
199346
199347
199350
199353
199360
199364
199366
199369
199371
199375
199376
199380
199381
199383
199384
199387
199391
199392
199393
199405
199406
199408
199409
199410
199411
199413
199414
199416
199420
199423
199430
199433
199435
199436
199438
199439
199445
199448
199450
199451
199452
199456
199458
199468
199470
199474
199476
199477
199478
199481
199483
199484
199490
199493
199494
199495
199496
199497
199501
199503
199504
199510
199512
199516
199521
199524
199526
199528
199529
199531
199534
199536
199539
199551
199554
199556
199560
199563
199567
199568
199573
199574
199575
199577
199578
199583
199584
199585
199586
199588
199591
199593
199594
199595
199597
199601
199604
199608
199611
199613
199614
199616
199617
199619
199621
199624
199625
199628
199629
199631
199632
199633
199634
199638
199639
199640
199642
199643
199644
199646
199647
199655
199658
199660
199663
199665
199668
199670
199671
199676
199677
199678
199679
199682
199691
199696
199700
199701
199702
199703
199705
199707
199712
199714
199716
199718
199719
199720
199722
199726
199729
199732
199734
199735
199737
199741
199742
199746
199749
199750
199752
199755
199757
199758
199761
199762
199763
199766
199767
199768
199771
199773
199774
199778
199780
199783
199784
199786
199789
199792
199793
199798
199805
199806
199810
199811
199815
199817
199818
199821
199824
199826
199829
199830
199831
199836
199837
199838
199840
199842
199843
199847
199850
199852
199853
199854
199861
199866
199868
199872
199875
199876
199881
199882
199883
199884
199886
199887
199889
199891
199896
199897
199899
199901
199908
199913
199914
199918
199920
199922
199926
199927
199928
199929
199931
199933
199934
199935
199936
199937
199941
199944
199945
199947
199952
199956
199964
199972
199974
199975
199976
199978
199979
199986
199993
199994
199996
199998
200001
200004
200006
200010
200011
200012
200013
200014
200016
200019
200025
200027
200029
200032
200038
200041
200042
200045
200046
200048
200050
200051
200054
200055
200056
200059
200060
200061
200062
200064
200068
200070
200071
200073
200074
200077
200080
200082
200086
200087
200088
200092
200099
200100
200102
200106
200109
200112
200113
200116
200121
200126
200128
200129
200133
200136
200138
200144
200149
200153
200158
200162
200166
200169
200171
200172
200174
200183
200184
200185
200186
200188
200190
200193
200194
200197
200198
200202
200203
200205
200208
200212
200214
200216
200217
200218
200219
200222
200223
200224
200226
200227
200230
200231
200236
200238
200243
200244
200245
200246
200247
200250
200252
200253
200255
200256
200261
200262
200268
200270
200272
200273
200276
200277
200278
200279
200281
200282
200283
200284
200287
200291
200294
200295
200302
200308
200309
200314
200318
200319
200322
200325
200328
200333
200335
200337
200338
200341
200342
200344
200345
200347
200348
200353
200358
200359
200360
200361
200365
200369
200370
200375
200380
200383
200384
200386
200389
200390
200391
200395
200397
200398
200399
200403
200405
200408
200412
200413
200415
200416
200418
200419
200420
200421
200422
200423
200424
200428
200429
200430
200437
200438
200445
200447
200450
200453
200455
200460
200462
200463
200467
200469
200472
200481
200485
200489
200491
200492
200493
200495
200496
200498
200500
200504
200507
200510
200513
200515
200516
200517
200519
200527
200530
200533
200534
200535
200536
200541
200542
200546
200547
200553
200554
200555
200558
200560
200563
200564
200565
200570
200571
200572
200573
200574
200576
200581
200583
200586
200603
200611
200618
200622
200623
200629
200630
200636
200640
200643
200646
200649
200650
200651
200653
200655
200656
200657
200659
200660
200664
200665
200666
200667
200674
200676
200678
200679
200681
200682
200685
200686
200688
200689
200690
200693
200696
200697
200698
200700
200701
200704
200705
200706
200707
200709
200713
200715
200717
200718
200723
200727
200728
200729
200730
200734
200735
200737
200739
200740
200742
200746
200748
200750
200751
200753
200754
200756
200760
200765
200771
200776
200777
200779
200781
200782
200783
200787
200789
200791
200792
200802
200806
200808
200809
200811
200812
200816
200826
200831
200833
200834
200836
200841
200842
200843
200844
200845
200847
200848
200850
200853
200856
200857
200858
200859
200861
200865
200866
200868
200872
200874
200878
200882
200887
200888
200889
200890
200892
200894
200906
200907
200910
200912
200913
200914
200916
200917
200918
200922
200924
200925
200928
200929
200930
200933
200934
200935
200936
200938
200940
200942
200943
200944
200945
200950
200953
200955
200960
200962
200964
200965
200969
200976
200978
200979
200984
200985
200988
200990
200992
200994
200997
200998
200999
201003
201004
201005
201009
201011
201013
201016
201020
201021
201026
201028
201029
201032
201037
201039
201040
201041
201045
201047
201050
201059
201060
201063
201064
201065
201068
201070
201073
201075
201076
201079
201080
201084
201085
201088
201092
201093
201094
201095
201096
201097
201099
201102
201106
201109
201111
201113
201115
201117
201118
201121
201124
201128
201129
201130
201132
201137
201140
201141
201147
201149
201150
201151
201154
201156
201158
201159
201160
201162
201163
201166
201167
201168
201170
201172
201173
201176
201179
201181
201182
201183
201186
201187
201188
201189
201191
201192
201194
201196
201197
201201
201204
201205
201208
201210
201215
201218
201220
201221
201223
201227
201229
201230
201231
201232
201233
201234
201237
201245
201246
201253
201258
201259
201260
201261
201264
201267
201272
201279
201281
201284
201289
201293
201294
201296
201297
201299
201303
201305
201307
201310
201316
201318
201321
201322
201326
201327
201328
201331
201335
201344
201346
201347
201348
201351
201353
201354
201359
201360
201363
201367
201369
201370
201372
201373
201377
201381
201382
201383
201387
201388
201390
201391
201392
201398
201402
201408
201412
201413
201414
201416
201417
201420
201425
201426
201427
201428
201429
201436
201437
201439
201440
201441
201442
201444
201445
201449
201451
201452
201453
201454
201457
201458
201460
201461
201462
201463
201465
201466
201469
201470
201471
201473
201474
201475
201478
201481
201482
201483
201485
201486
201491
201494
201496
201500
201503
201507
201511
201513
201514
201517
201519
201520
201522
201524
201530
201531
201532
201534
201537
201538
201539
201540
201541
201542
201544
201546
201549
201552
201559
201560
201561
201564
201569
201570
201584
201587
201588
201592
201597
201600
201603
201606
201608
201611
201613
201615
201616
201620
201623
201624
201627
201629
201630
201633
201634
201635
201638
201641
201642
201648
201652
201653
201655
201656
201658
201663
201665
201667
201671
201675
201678
201679
201684
201686
201687
201690
201695
201698
201699
201704
201705
201708
201718
201721
201726
201728
201730
201731
201732
201733
201734
201737
201739
201743
201746
201748
201750
201751
201754
201756
201757
201759
201761
201762
201763
201764
201765
201766
201767
201769
201770
201772
201775
201776
201784
201787
201788
201789
201793
201795
201796
201797
201798
201799
201801
201805
201807
201808
201809
201812
201813
201814
201816
201818
201819
201821
201822
201823
201824
201825
201826
201828
201829
201830
201834
201835
201836
201837
201838
201839
201845
201846
201847
201848
201852
201854
201857
201858
201860
201866
201867
201869
201870
201871
201872
201874
201875
201878
201880
201881
201885
201886
201888
201890
201891
201892
201894
201896
201900
201905
201906
201909
201912
201915
201920
201922
201924
201929
201930
201932
201934
201936
201937
201938
201939
201940
201943
201946
201947
201948
201950
201956
201957
201958
201960
201961
201965
201966
201967
201968
201969
201970
201971
201975
201976
201977
201980
201981
201982
201983
201985
201988
201991
201992
201996
201998
201999
202001
202008
202015
202018
202019
202020
202021
202025
202026
202028
202035
202038
202039
202040
202044
202045
202046
202049
202050
202051
202053
202058
202059
202060
202063
202067
202070
202071
202072
202073
202076
202078
202084
202087
202088
202089
202092
202093
202094
202096
202098
202099
202100
202102
202103
202106
202108
202109
202112
202113
202115
202116
202119
202121
202122
202123
202125
202128
202129
202130
202137
202138
202140
202141
202143
202147
202148
202149
202153
202162
202164
202171
202172
202174
202175
202178
202179
202180
202181
202182
202185
202186
202191
202197
202207
202208
202217
202221
202224
202225
202226
202228
202232
202233
202234
202238
202240
202241
202246
202247
202249
202251
202252
202254
202255
202256
202258
202265
202269
202271
202272
202276
202277
202279
202280
202281
202282
202288
202289
202291
202293
202294
202296
202297
202298
202304
202308
202309
202310
202311
202312
202314
202316
202320
202324
202325
202327
202329
202331
202334
202336
202337
202340
202341
202342
202346
202347
202350
202351
202352
202359
202363
202365
202366
202367
202368
202369
202375
202378
202380
202383
202384
202386
202388
202401
202403
202406
202408
202411
202412
202416
202421
202422
202427
202428
202430
202432
202434
202435
202436
202437
202438
202442
202443
202444
202447
202450
202451
202457
202461
202463
202468
202472
202473
202475
202477
202478
202479
202480
202481
202483
202486
202487
202488
202490
202491
202492
202493
202497
202498
202503
202505
202506
202507
202511
202512
202513
202514
202518
202519
202522
202523
202524
202525
202526
202531
202532
202536
202539
202544
202545
202546
202547
202549
202558
202562
202565
202567
202571
202573
202575
202578
202581
202582
202583
202587
202589
202591
202592
202594
202599
202603
202606
202609
202610
202613
202616
202618
202619
202620
202623
202627
202629
202632
202633
202636
202639
202641
202642
202645
202649
202650
202653
202656
202657
202658
202660
202661
202663
202664
202665
202668
202669
202687
202690
202692
202694
202695
202696
202697
202698
202703
202707
202708
202710
202713
202714
202719
202720
202721
202722
202724
202727
202735
202737
202739
202740
202741
202743
202747
202749
202750
202752
202754
202755
202756
202768
202775
202778
202779
202784
202786
202787
202788
202793
202797
202798
202800
202802
202806
202807
202811
202815
202817
202819
202820
202824
202827
202829
202833
202834
202840
202842
202845
202847
202848
202852
202853
202854
202855
202856
202858
202861
202870
202876
202881
202882
202883
202886
202892
202893
202895
202896
202897
202898
202900
202901
202902
202903
202905
202907
202910
202912
202915
202920
202923
202925
202927
202928
202929
202930
202931
202934
202935
202936
202937
202947
202952
202953
202962
202965
202971
202972
202973
202974
202976
202977
202978
202979
202983
202985
202986
202988
202990
202992
202995
202996
202997
202998
203003
203005
203012
203013
203016
203021
203023
203028
203032
203037
203038
203040
203041
203044
203046
203048
203049
203051
203052
203068
203078
203086
203096
203099
203100
203103
203105
203106
203108
203113
203115
203119
203120
203121
203125
203131
203132
203136
203142
203143
203144
203146
203151
203153
203156
203158
203161
203165
203167
203171
203172
203173
203175
203186
203187
203189
203192
203195
203200
203201
203204
203208
203210
203211
203213
203220
203222
203223
203224
203227
203230
203236
203241
203242
203245
203252
203253
203256
203262
203263
203264
203266
203268
203270
203272
203273
203275
203276
203279
203284
203285
203286
203287
203288
203294
203296
203298
203302
203305
203309
203312
203315
203316
203323
203324
203326
203331
203334
203338
203339
203343
203344
203345
203349
203350
203353
203356
203358
203360
203363
203368
203369
203371
203373
203374
203375
203376
203380
203382
203383
203388
203396
203398
203399
203400
203404
203405
203409
203410
203416
203420
203424
203426
203429
203430
203435
203438
203439
203442
203444
203445
203446
203448
203451
203455
203456
203458
203461
203463
203465
203467
203469
203471
203473
203475
203479
203480
203483
203484
203485
203486
203487
203493
203495
203502
203503
203505
203506
203509
203510
203511
203513
203515
203516
203517
203519
203520
203521
203531
203534
203540
203542
203544
203546
203548
203549
203550
203551
203557
203560
203565
203566
203567
203568
203569
203570
203572
203573
203575
203576
203578
203579
203580
203581
203582
203585
203588
203590
203592
203596
203598
203600
203601
203604
203605
203607
203608
203609
203612
203614
203616
203619
203620
203623
203629
203634
203635
203636
203637
203639
203640
203641
203642
203646
203647
203648
203649
203650
203654
203658
203659
203660
203661
203662
203668
203674
203676
203679
203680
203681
203682
203687
203695
203696
203697
203702
203705
203709
203710
203713
203714
203719
203720
203721
203722
203723
203724
203728
203730
203735
203738
203739
203741
203742
203743
203744
203748
203750
203751
203753
203756
203757
203759
203760
203762
203763
203764
203765
203767
203770
203771
203775
203776
203777
203778
203786
203787
203788
203789
203790
203791
203797
203798
203800
203801
203802
203803
203805
203806
203807
203810
203811
203814
203816
203820
203825
203826
203828
203830
203831
203836
203839
203840
203841
203844
203846
203847
203848
203849
203850
203852
203853
203854
203861
203862
203864
203865
203868
203869
203871
203872
203876
203877
203881
203882
203883
203884
203885
203888
203890
203893
203894
203898
203900
203904
203905
203906
203915
203921
203923
203925
203927
203931
203934
203936
203941
203947
203949
203951
203961
203964
203969
203973
203975
203976
203977
203980
203981
203985
203986
203990
203991
203993
203995
203996
203997
203998
204001
204003
204004
204009
204010
204011
204013
204017
204021
204023
204030
204041
204042
204043
204045
204048
204053
204054
204055
204056
204058
204061
204064
204066
204067
204070
204071
204076
204077
204086
204090
204100
204104
204105
204107
204108
204109
204110
204112
204113
204115
204119
204121
204124
204126
204128
204130
204131
204134
204139
204145
204148
204149
204160
204168
204170
204172
204184
204185
204186
204187
204188
204194
204196
204197
204201
204210
204211
204213
204214
204218
204219
204223
204224
204226
204228
204231
204233
204234
204235
204239
204240
204241
204246
204248
204253
204258
204262
204266
204271
204272
204274
204279
204280
204281
204282
204283
204286
204288
204291
204293
204295
204297
204302
204304
204310
204311
204313
204318
204319
204323
204327
204330
204332
204335
204336
204339
204340
204342
204343
204344
204348
204356
204359
204360
204362
204363
204365
204366
204367
204370
204371
204372
204373
204374
204375
204377
204379
204380
204381
204385
204387
204388
204391
204392
204396
204400
204401
204408
204409
204410
204412
204414
204417
204419
204424
204425
204430
204436
204438
204441
204442
204452
204455
204458
204460
204461
204464
204467
204470
204471
204476
204477
204480
204481
204485
204486
204487
204489
204491
204493
204494
204495
204496
204499
204500
204501
204502
204504
204505
204506
204507
204509
204512
204513
204514
204518
204519
204520
204522
204523
204524
204525
204530
204532
204534
204536
204545
204550
204564
204567
204571
204576
204577
204581
204585
204586
204588
204592
204596
204597
204599
204603
204604
204605
204606
204608
204609
204610
204611
204614
204618
204619
204620
204622
204625
204631
204632
204633
204634
204635
204642
204644
204646
204651
204654
204656
204657
204659
204662
204666
204671
204673
204675
204679
204682
204683
204684
204686
204687
204691
204695
204699
204700
204704
204709
204712
204714
204716
204722
204723
204726
204728
204734
204738
204739
204747
204748
204755
204756
204760
204761
204765
204766
204772
204775
204776
204781
204783
204784
204786
204787
204789
204792
204794
204796
204797
204798
204799
204800
204804
204806
204807
204811
204813
204814
204815
204819
204820
204822
204824
204828
204830
204831
204834
204835
204840
204841
204845
204847
204848
204849
204850
204854
204858
204862
204864
204865
204869
204870
204874
204875
204880
204882
204887
204889
204890
204891
204893
204897
204903
204908
204909
204910
204912
204915
204916
204917
204918
204919
204925
204926
204931
204932
204933
204939
204943
204946
204951
204952
204958
204962
204963
204964
204967
204971
204973
204975
204976
204983
204989
204990
204992
204993
204994
204996
204999
205001
205003
205004
205005
205007
205008
205010
205012
205013
205017
205018
205019
205023
205024
205026
205027
205032
205034
205035
205036
205039
205044
205046
205047
205051
205053
205063
205066
205069
205076
205077
205078
205080
205082
205083
205085
205086
205089
205090
205093
205094
205096
205097
205100
205102
205110
205113
205115
205116
205121
205122
205123
205124
205125
205126
205130
205132
205133
205136
205148
205150
205153
205155
205156
205167
205168
205176
205182
205184
205186
205188
205192
205196
205198
205201
205203
205204
205205
205207
205209
205210
205216
205218
205220
205221
205224
205225
205228
205230
205232
205237
205239
205241
205242
205243
205248
205250
205252
205255
205257
205258
205268
205269
205271
205272
205275
205276
205280
205282
205283
205289
205300
205301
205302
205303
205304
205306
205308
205312
205314
205315
205316
205320
205322
205323
205325
205327
205328
205329
205330
205332
205335
205336
205337
205339
205341
205342
205344
205345
205348
205355
205356
205359
205360
205361
205365
205366
205370
205377
205379
205380
205381
205383
205384
205388
205390
205396
205399
205400
205402
205404
205407
205409
205411
205412
205413
205414
205417
205421
205424
205427
205429
205430
205431
205432
205434
205437
205440
205444
205445
205447
205448
205454
205456
205457
205461
205465
205466
205467
205468
205469
205471
205474
205476
205479
205481
205482
205483
205484
205487
205488
205489
205490
205491
205498
205499
205500
205509
205511
205513
205514
205516
205518
205519
205524
205526
205529
205532
205534
205538
205544
205546
205547
205551
205554
205556
205559
205561
205563
205564
205565
205568
205570
205571
205573
205584
205593
205594
205597
205598
205599
205601
205607
205608
205615
205619
205622
205623
205626
205627
205630
205633
205634
205638
205641
205642
205648
205649
205652
205666
205668
205672
205677
205679
205681
205683
205684
205685
205686
205687
205688
205690
205693
205695
205700
205705
205707
205708
205709
205715
205718
205723
205727
205732
205733
205735
205738
205739
205742
205749
205750
205751
205755
205756
205761
205771
205776
205784
205785
205788
205789
205799
205801
205804
205805
205806
205808
205809
205811
205813
205815
205816
205819
205820
205821
205823
205826
205827
205829
205831
205832
205835
205837
205838
205841
205842
205845
205847
205848
205850
205851
205853
205854
205856
205857
205858
205861
205862
205864
205865
205868
205876
205878
205880
205887
205890
205892
205894
205897
205900
205902
205904
205908
205910
205912
205916
205917
205918
205920
205923
205929
205934
205936
205938
205940
205943
205944
205947
205948
205951
205955
205957
205958
205960
205961
205965
205967
205971
205972
205973
205974
205975
205976
205977
205979
205984
205985
205991
205994
205996
205999
206001
206002
206005
206008
206009
206010
206013
206014
206015
206016
206019
206022
206023
206024
206025
206027
206028
206029
206034
206035
206041
206045
206046
206049
206051
206053
206060
206064
206065
206073
206074
206075
206080
206082
206085
206087
206093
206094
206095
206102
206103
206104
206111
206112
206113
206117
206118
206124
206127
206129
206132
206133
206134
206136
206137
206138
206139
206141
206143
206145
206147
206151
206153
206159
206160
206162
206164
206167
206169
206173
206174
206175
206176
206179
206182
206184
206185
206186
206188
206189
206190
206191
206193
206196
206202
206204
206206
206212
206214
206216
206219
206223
206225
206226
206228
206234
206235
206239
206240
206242
206243
206244
206245
206246
206247
206249
206250
206252
206254
206256
206264
206266
206270
206272
206273
206274
206278
206281
206282
206284
206285
206287
206291
206294
206297
206299
206301
206304
206307
206309
206310
206311
206312
206317
206319
206320
206321
206323
206325
206326
206328
206330
206333
206336
206337
206338
206349
206352
206354
206356
206357
206359
206363
206367
206368
206370
206372
206375
206376
206379
206382
206385
206386
206387
206389
206391
206393
206395
206398
206401
206403
206404
206405
206407
206408
206411
206412
206413
206415
206420
206423
206426
206429
206430
206433
206436
206441
206444
206452
206454
206457
206459
206463
206464
206466
206467
206469
206473
206474
206480
206481
206482
206489
206491
206492
206495
206501
206502
206503
206504
206505
206507
206516
206517
206518
206519
206523
206524
206532
206534
206535
206539
206543
206546
206548
206549
206557
206558
206560
206564
206565
206568
206569
206570
206571
206573
206574
206577
206578
206581
206583
206587
206588
206589
206590
206591
206593
206595
206596
206597
206599
206600
206604
206606
206608
206610
206614
206618
206620
206622
206624
206634
206635
206640
206641
206649
206653
206654
206659
206663
206665
206667
206669
206670
206671
206683
206684
206686
206690
206694
206696
206699
206703
206705
206710
206712
206713
206714
206717
206720
206722
206723
206725
206727
206728
206732
206734
206736
206737
206738
206739
206742
206747
206748
206749
206753
206754
206758
206759
206760
206764
206765
206766
206767
206769
206770
206771
206772
206777
206778
206781
206782
206788
206790
206798
206800
206801
206802
206803
206804
206805
206806
206807
206810
206815
206820
206822
206833
206837
206841
206842
206846
206848
206851
206858
206861
206865
206866
206868
206869
206872
206873
206874
206878
206879
206880
206882
206885
206886
206888
206890
206891
206892
206893
206894
206896
206898
206899
206900
206904
206906
206908
206914
206915
206916
206917
206918
206919
206921
206924
206932
206933
206934
206943
206944
206945
206946
206947
206950
206952
206954
206955
206958
206962
206967
206968
206970
206971
206972
206974
206976
206979
206981
206982
206983
206986
206989
206993
207004
207013
207016
207017
207018
207019
207021
207024
207025
207028
207029
207031
207035
207037
207040
207041
207042
207047
207048
207049
207051
207057
207061
207062
207063
207074
207076
207084
207085
207098
207099
207101
207103
207113
207115
207116
207118
207119
207120
207124
207125
207128
207130
207131
207137
207143
207145
207146
207152
207154
207156
207157
207159
207160
207161
207165
207166
207168
207171
207174
207176
207178
207182
207186
207192
207193
207194
207196
207199
207203
207206
207207
207210
207211
207212
207213
207219
207221
207224
207225
207227
207228
207233
207235
207236
207240
207242
207244
207247
207248
207251
207253
207255
207256
207258
207262
207266
207268
207271
207274
207275
207277
207278
207279
207280
207281
207283
207288
207290
207291
207296
207301
207303
207305
207306
207308
207314
207315
207320
207322
207329
207333
207334
207335
207339
207341
207350
207357
207360
207361
207363
207364
207366
207367
207368
207369
207373
207374
207375
207378
207380
207386
207389
207393
207395
207398
207399
207400
207401
207406
207408
207417
207418
207419
207420
207421
207422
207427
207430
207431
207433
207434
207435
207436
207437
207439
207440
207441
207443
207444
207448
207452
207453
207463
207464
207465
207467
207469
207470
207472
207473
207475
207480
207484
207488
207490
207491
207492
207494
207497
207498
207499
207501
207502
207503
207506
207507
207510
207511
207512
207513
207514
207517
207519
207521
207524
207527
207528
207531
207532
207534
207535
207536
207539
207543
207545
207547
207548
207549
207550
207551
207553
207556
207559
207565
207566
207570
207571
207574
207577
207580
207581
207582
207585
207586
207592
207593
207603
207604
207605
207608
207615
207620
207621
207622
207625
207626
207628
207634
207635
207637
207641
207643
207644
207652
207653
207654
207656
207658
207664
207669
207670
207671
207672
207675
207681
207682
207685
207687
207688
207691
207693
207694
207698
207701
207702
207703
207706
207707
207712
207714
207717
207720
207721
207722
207723
207727
207728
207734
207737
207739
207740
207743
207744
207747
207749
207756
207758
207759
207761
207762
207764
207765
207770
207772
207775
207776
207781
207783
207784
207785
207788
207792
207793
207795
207796
207797
207799
207800
207801
207807
207809
207815
207817
207821
207826
207827
207828
207831
207832
207836
207837
207838
207841
207842
207843
207846
207847
207849
207851
207858
207859
207861
207864
207867
207868
207869
207872
207876
207877
207878
207882
207883
207886
207887
207889
207890
207895
207897
207905
207907
207909
207910
207913
207915
207919
207924
207928
207929
207936
207938
207940
207945
207946
207947
207951
207953
207954
207955
207958
207961
207962
207970
207972
207973
207976
207977
207980
207982
207986
207991
207992
207993
208000
208001
208002
208006
208010
208011
208014
208016
208017
208019
208022
208027
208031
208032
208035
208037
208038
208040
208044
208045
208048
208052
208054
208056
208059
208063
208064
208067
208071
208073
208075
208078
208079
208084
208085
208090
208093
208094
208098
208102
208104
208105
208106
208107
208109
208110
208112
208113
208116
208118
208120
208121
208123
208124
208125
208126
208127
208129
208130
208132
208134
208136
208141
208142
208144
208149
208152
208156
208157
208158
208161
208162
208169
208170
208171
208174
208175
208176
208178
208179
208181
208183
208187
208189
208192
208193
208195
208199
208200
208202
208207
208208
208215
208217
208220
208222
208224
208227
208229
208230
208233
208235
208236
208241
208242
208246
208247
208249
208250
208253
208254
208260
208266
208269
208277
208280
208284
208285
208287
208291
208300
208302
208303
208307
208308
208310
208311
208312
208313
208317
208318
208321
208322
208324
208330
208331
208332
208338
208339
208340
208343
208344
208345
208347
208348
208349
208351
208352
208355
208358
208360
208361
208363
208364
208367
208368
208369
208371
208373
208376
208378
208379
208380
208381
208382
208383
208384
208385
208387
208391
208392
208394
208396
208397
208400
208406
208409
208414
208415
208419
208424
208425
208427
208428
208432
208433
208438
208439
208441
208444
208445
208447
208456
208458
208459
208460
208461
208464
208465
208471
208472
208474
208475
208477
208479
208480
208481
208482
208485
208486
208487
208489
208491
208492
208494
208499
208500
208501
208502
208507
208516
208525
208528
208529
208532
208534
208540
208541
208544
208549
208551
208554
208555
208557
208558
208559
208560
208561
208563
208565
208567
208568
208570
208572
208574
208575
208576
208577
208578
208580
208581
208583
208585
208589
208591
208593
208597
208599
208600
208601
208605
208606
208610
208611
208613
208615
208616
208617
208619
208626
208629
208631
208633
208636
208637
208639
208640
208641
208648
208651
208654
208657
208661
208662
208663
208666
208667
208671
208672
208673
208674
208679
208681
208682
208685
208686
208694
208695
208696
208697
208700
208703
208704
208709
208720
208723
208724
208726
208728
208735
208737
208738
208739
208741
208742
208744
208747
208748
208752
208753
208755
208756
208759
208760
208762
208767
208774
208779
208780
208782
208786
208787
208793
208794
208797
208799
208800
208802
208803
208804
208807
208812
208815
208816
208817
208819
208822
208823
208825
208826
208828
208829
208830
208834
208835
208838
208840
208841
208842
208846
208847
208848
208849
208850
208853
208854
208855
208856
208858
208861
208866
208867
208869
208871
208875
208876
208879
208880
208881
208883
208885
208887
208895
208896
208902
208904
208906
208907
208909
208910
208913
208917
208919
208921
208922
208923
208927
208928
208932
208933
208935
208936
208937
208938
208939
208945
208946
208949
208951
208960
208962
208963
208965
208967
208968
208969
208970
208973
208980
208985
208987
208990
208993
208995
208997
208999
209001
209002
209004
209009
209011
209012
209013
209015
209017
209020
209025
209027
209028
209029
209030
209031
209037
209038
209039
209045
209046
209050
209057
209058
209067
209068
209070
209073
209076
209078
209079
209080
209082
209087
209094
209095
209097
209105
209106
209113
209119
209120
209124
209125
209130
209135
209139
209142
209143
209146
209147
209149
209152
209159
209161
209163
209164
209165
209168
209173
209179
209184
209185
209189
209191
209194
209195
209196
209197
209199
209200
209206
209210
209213
209214
209215
209217
209219
209222
209227
209228
209229
209230
209232
209233
209240
209242
209243
209247
209248
209250
209252
209257
209259
209262
209268
209275
209276
209277
209278
209279
209280
209282
209285
209293
209295
209298
209303
209305
209309
209312
209314
209316
209317
209320
209325
209332
209333
209334
209336
209338
209339
209341
209343
209344
209346
209350
209351
209352
209353
209355
209357
209374
209375
209376
209377
209378
209379
209381
209390
209392
209395
209396
209397
209399
209404
209407
209408
209410
209411
209412
209415
209416
209417
209418
209429
209430
209431
209432
209434
209435
209437
209438
209439
209440
209441
209442
209447
209451
209454
209455
209461
209462
209468
209469
209470
209471
209476
209478
209479
209480
209481
209482
209483
209486
209490
209494
209495
209498
209499
209502
209505
209506
209510
209514
209516
209517
209521
209522
209524
209526
209531
209533
209534
209540
209543
209544
209546
209552
209554
209557
209559
209560
209561
209564
209565
209566
209567
209569
209574
209579
209580
209581
209582
209583
209584
209586
209589
209590
209591
209594
209598
209600
209601
209606
209608
209611
209614
209616
209621
209623
209625
209627
209628
209629
209630
209632
209633
209634
209637
209638
209639
209640
209642
209643
209645
209647
209648
209649
209650
209653
209655
209656
209657
209658
209661
209665
209669
209671
209673
209674
209678
209682
209683
209685
209686
209687
209693
209695
209697
209698
209699
209700
209701
209703
209706
209708
209710
209717
209718
209719
209721
209722
209723
209724
209730
209732
209740
209743
209744
209745
209746
209748
209750
209752
209754
209759
209764
209765
209769
209771
209772
209773
209775
209777
209782
209788
209789
209790
209792
209796
209797
209800
209802
209806
209807
209809
209810
209811
209812
209818
209824
209826
209827
209830
209832
209833
209835
209836
209840
209841
209843
209844
209845
209846
209848
209849
209851
209853
209855
209858
209859
209867
209868
209869
209873
209874
209875
209877
209883
209886
209887
209889
209893
209894
209895
209898
209900
209902
209903
209904
209910
209916
209917
209922
209927
209932
209934
209937
209938
209939
209940
209941
209942
209944
209946
209947
209948
209949
209950
209951
209952
209953
209955
209956
209958
209960
209961
209963
209964
209968
209970
209972
209973
209976
209977
209980
209981
209983
209986
209988
209991
209992
209993
209998
210006
210008
210010
210015
210016
210019
210020
210021
210022
210023
210024
210025
210026
210029
210031
210036
210047
210050
210056
210059
210063
210066
210070
210072
210074
210079
210081
210084
210087
210090
210091
210093
210094
210095
210096
210099
210100
210107
210109
210111
210113
210114
210115
210120
210125
210127
210128
210129
210133
210134
210135
210138
210139
210142
210143
210150
210151
210152
210154
210156
210157
210160
210161
210165
210171
210176
210177
210181
210183
210185
210189
210190
210193
210195
210198
210199
210200
210201
210204
210208
210209
210214
210219
210220
210221
210222
210224
210225
210226
210228
210239
210242
210243
210245
210247
210250
210251
210253
210255
210257
210258
210260
210264
210266
210269
210273
210277
210278
210284
210289
210290
210293
210295
210296
210298
210303
210305
210308
210309
210313
210315
210316
210318
210320
210322
210332
210333
210336
210346
210349
210351
210352
210353
210354
210358
210359
210361
210365
210369
210371
210373
210375
210379
210381
210383
210385
210386
210387
210388
210389
210397
210399
210400
210404
210406
210407
210409
210412
210413
210414
210417
210418
210420
210421
210425
210427
210428
210430
210431
210432
210436
210438
210440
210441
210444
210445
210447
210450
210454
210456
210457
210460
210462
210463
210465
210471
210473
210474
210475
210480
210481
210489
210491
210492
210495
210497
210500
210503
210507
210515
210519
210521
210527
210528
210532
210537
210539
210540
210542
210551
210552
210553
210556
210561
210563
210569
210570
210575
210579
210581
210584
210585
210590
210592
210593
210594
210596
210597
210599
210601
210602
210603
210606
210607
210608
210613
210616
210620
210622
210625
210626
210627
210628
210629
210632
210634
210636
210641
210642
210644
210646
210647
210650
210653
210660
210664
210668
210672
210673
210674
210676
210677
210678
210680
210681
210683
210686
210690
210694
210695
210698
210700
210704
210706
210709
210710
210715
210717
210724
210727
210733
210734
210736
210737
210741
210742
210743
210745
210746
210754
210758
210759
210760
210763
210767
210771
210772
210773
210779
210781
210783
210787
210788
210791
210794
210795
210796
210799
210800
210802
210803
210806
210807
210811
210817
210818
210820
210824
210826
210827
210828
210832
210838
210839
210841
210844
210845
210849
210854
210859
210869
210874
210878
210880
210881
210887
210895
210898
210900
210906
210907
210908
210913
210915
210916
210917
210918
210921
210929
210931
210933
210934
210936
210940
210941
210946
210947
210948
210950
210951
210952
210953
210954
210957
210958
210959
210967
210968
210969
210972
210976
210977
210980
210982
210984
210985
210988
210990
210993
210994
210995
210996
211000
211001
211004
211007
211009
211010
211012
211014
211017
211021
211023
211024
211028
211030
211033
211034
211036
211044
211045
211052
211054
211060
211067
211074
211076
211077
211078
211080
211081
211083
211086
211089
211094
211095
211096
211097
211101
211104
211106
211110
211111
211114
211115
211117
211118
211121
211122
211124
211128
211129
211131
211134
211135
211138
211140
211146
211147
211149
211150
211153
211158
211160
211161
211166
211169
211170
211177
211178
211185
211188
211190
211191
211192
211194
211195
211196
211197
211200
211201
211202
211204
211205
211210
211216
211219
211222
211225
211227
211229
211230
211239
211240
211247
211250
211251
211252
211254
211260
211261
211264
211267
211268
211272
211276
211279
211282
211285
211290
211291
211293
211295
211299
211300
211305
211307
211309
211310
211312
211313
211314
211315
211317
211320
211325
211326
211328
211330
211331
211332
211334
211335
211336
211338
211340
211342
211346
211347
211348
211351
211354
211357
211358
211361
211362
211364
211366
211367
211368
211372
211374
211380
211383
211384
211385
211388
211390
211391
211396
211399
211400
211401
211402
211404
211410
211412
211416
211417
211419
211420
211422
211423
211427
211430
211434
211437
211440
211449
211450
211452
211453
211457
211459
211460
211462
211463
211465
211470
211473
211475
211478
211483
211488
211490
211492
211496
211506
211508
211514
211515
211520
211522
211523
211525
211528
211531
211533
211537
211538
211542
211544
211545
211549
211551
211552
211554
211555
211557
211558
211562
211564
211569
211572
211574
211579
211580
211584
211588
211590
211591
211592
211594
211596
211598
211600
211601
211602
211604
211605
211607
211610
211612
211615
211617
211621
211622
211626
211628
211632
211633
211636
211638
211639
211642
211644
211645
211646
211647
211649
211650
211654
211659
211664
211667
211669
211671
211672
211673
211674
211675
211679
211680
211683
211686
211688
211689
211690
211691
211692
211693
211695
211696
211698
211700
211701
211704
211705
211709
211711
211713
211717
211721
211723
211725
211726
211727
211730
211731
211732
211733
211734
211735
211742
211744
211746
211747
211749
211752
211754
211755
211758
211759
211760
211762
211765
211767
211769
211771
211776
211778
211779
211780
211783
211784
211785
211786
211787
211788
211790
211791
211792
211796
211797
211798
211801
211803
211804
211805
211807
211818
211821
211823
211824
211825
211829
211833
211836
211837
211849
211851
211863
211864
211866
211870
211871
211875
211881
211883
211886
211889
211891
211892
211893
211895
211896
211897
211898
211901
211902
211911
211912
211913
211916
211920
211921
211922
211924
211925
211926
211938
211940
211943
211945
211948
211954
211956
211958
211963
211964
211965
211966
211975
211977
211981
211982
211983
211985
211989
211995
211997
211999
212007
212011
212012
212015
212017
212021
212022
212028
212029
212032
212034
212042
212044
212045
212046
212047
212051
212054
212056
212058
212063
212065
212067
212070
212071
212075
212077
212078
212079
212081
212083
212085
212087
212089
212090
212091
212097
212098
212099
212100
212104
212105
212108
212111
212115
212116
212117
212118
212119
212123
212124
212137
212138
212141
212142
212145
212146
212147
212148
212150
212151
212157
212159
212160
212161
212163
212164
212170
212172
212176
212177
212181
212182
212187
212195
212199
212201
212203
212207
212208
212216
212219
212225
212226
212236
212237
212240
212243
212244
212245
212249
212252
212253
212254
212255
212257
212260
212264
212265
212276
212279
212286
212287
212288
212289
212290
212291
212296
212297
212305
212308
212311
212314
212317
212320
212321
212323
212324
212328
212330
212332
212333
212335
212337
212340
212345
212350
212353
212354
212363
212366
212367
212376
212379
212382
212385
212387
212388
212391
212393
212394
212398
212400
212403
212409
212411
212412
212416
212423
212429
212430
212431
212432
212433
212434
212436
212437
212443
212444
212451
212454
212456
212458
212460
212461
212462
212463
212469
212470
212472
212475
212478
212479
212482
212484
212485
212491
212492
212493
212498
212500
212506
212507
212508
212511
212514
212518
212520
212521
212522
212526
212531
212532
212533
212535
212536
212539
212540
212541
212543
212545
212546
212547
212553
212557
212564
212572
212574
212579
212580
212582
212583
212585
212587
212590
212604
212607
212609
212610
212612
212615
212618
212619
212620
212624
212625
212631
212633
212635
212636
212639
212649
212656
212662
212664
212666
212671
212673
212675
212678
212679
212680
212682
212683
212684
212687
212688
212690
212692
212693
212695
212704
212707
212709
212710
212711
212712
212715
212716
212719
212723
212727
212728
212729
212731
212735
212736
212740
212741
212742
212749
212750
212756
212758
212761
212762
212768
212772
212773
212775
212776
212777
212778
212781
212783
212784
212786
212787
212789
212790
212794
212797
212799
212802
212804
212805
212807
212812
212814
212816
212817
212819
212821
212824
212825
212826
212831
212832
212833
212837
212840
212842
212843
212844
212845
212846
212847
212848
212849
212850
212852
212853
212854
212855
212856
212857
212858
212862
212863
212865
212871
212885
212886
212889
212891
212892
212894
212895
212898
212899
212903
212904
212906
212908
212911
212914
212916
212917
212921
212923
212924
212926
212927
212930
212933
212935
212945
212948
212950
212965
212967
212969
212971
212972
212979
212980
212983
212985
212987
212996
213003
213004
213005
213006
213007
213008
213009
213011
213012
213014
213015
213025
213026
213031
213033
213034
213040
213041
213050
213053
213054
213055
213056
213057
213058
213060
213062
213063
213064
213065
213069
213072
213074
213076
213078
213082
213083
213087
213088
213089
213090
213097
213098
213100
213102
213105
213106
213107
213108
213110
213116
213121
213122
213127
213128
213130
213133
213140
213141
213142
213148
213149
213150
213152
213157
213158
213161
213162
213163
213164
213167
213169
213171
213173
213174
213178
213182
213188
213189
213192
213195
213199
213200
213202
213205
213206
213210
213212
213213
213214
213215
213220
213221
213222
213223
213224
213225
213226
213228
213229
213231
213232
213233
213234
213237
213239
213241
213242
213243
213244
213246
213248
213251
213253
213257
213258
213260
213266
213269
213272
213274
213276
213278
213283
213284
213289
213290
213291
213293
213294
213297
213300
213301
213302
213307
213309
213311
213312
213315
213316
213317
213318
213321
213322
213324
213326
213327
213329
213330
213331
213332
213334
213335
213338
213339
213342
213343
213344
213345
213347
213349
213351
213352
213356
213358
213360
213362
213367
213369
213370
213371
213372
213373
213375
213379
213388
213389
213392
213397
213398
213399
213400
213403
213405
213409
213412
213418
213421
213423
213425
213426
213429
213433
213434
213437
213438
213444
213445
213447
213448
213449
213453
213457
213458
213461
213465
213467
213469
213470
213471
213474
213476
213478
213482
213484
213486
213487
213493
213494
213495
213498
213499
213501
213503
213504
213505
213509
213514
213517
213518
213519
213520
213523
213526
213531
213532
213533
213537
213538
213540
213548
213551
213552
213553
213555
213557
213562
213570
213572
213573
213576
213580
213582
213584
213586
213588
213593
213594
213598
213599
213601
213602
213603
213604
213605
213606
213607
213608
213611
213612
213613
213615
213618
213619
213630
213635
213637
213638
213641
213642
213647
213652
213653
213656
213662
213666
213667
213668
213670
213672
213673
213680
213685
213686
213689
213690
213692
213694
213695
213697
213698
213699
213702
213708
213709
213710
213711
213713
213715
213716
213718
213719
213723
213725
213731
213732
213733
213739
213741
213747
213750
213753
213757
213758
213759
213763
213766
213767
213768
213770
213776
213777
213780
213782
213783
213784
213785
213786
213789
213791
213795
213797
213801
213804
213806
213811
213813
213815
213816
213819
213820
213825
213830
213833
213834
213836
213846
213849
213851
213852
213853
213854
213856
213858
213860
213861
213862
213863
213864
213866
213867
213871
213872
213873
213874
213877
213878
213883
213885
213891
213893
213895
213897
213899
213900
213901
213904
213906
213907
213910
213912
213913
213916
213920
213921
213922
213923
213924
213927
213929
213930
213933
213934
213938
213940
213941
213943
213947
213951
213955
213957
213963
213968
213969
213973
213974
213975
213976
213979
213980
213981
213982
213984
213985
213986
213990
213993
213994
213996
213998
213999
214006
214011
214013
214015
214017
214018
214025
214028
214029
214033
214034
214035
214041
214042
214045
214047
214048
214049
214050
214052
214053
214054
214055
214057
214058
214059
214060
214061
214063
214066
214071
214072
214073
214074
214075
214079
214080
214081
214082
214083
214085
214086
214089
214090
214092
214097
214101
214105
214106
214108
214109
214110
214113
214117
214118
214120
214121
214122
214123
214124
214127
214133
214135
214137
214141
214144
214145
214146
214147
214148
214150
214151
214152
214153
214154
214156
214158
214159
214162
214163
214168
214170
214173
214177
214180
214182
214184
214186
214188
214190
214191
214197
214198
214200
214201
214204
214206
214210
214211
214212
214214
214217
214218
214220
214222
214223
214228
214230
214231
214232
214241
214242
214244
214255
214256
214261
214262
214264
214266
214267
214269
214270
214271
214272
214273
214278
214285
214287
214289
214291
214292
214297
214300
214301
214303
214306
214314
214318
214320
214321
214322
214323
214324
214329
214333
214336
214339
214342
214347
214356
214357
214358
214361
214362
214366
214369
214378
214383
214386
214387
214388
214391
214393
214395
214396
214397
214399
214401
214402
214403
214405
214407
214409
214410
214418
214420
214424
214432
214433
214435
214439
214440
214441
214445
214446
214450
214452
214453
214454
214456
214461
214462
214463
214465
214467
214468
214469
214470
214474
214476
214479
214481
214482
214483
214484
214491
214493
214494
214495
214496
214498
214500
214507
214510
214514
214515
214516
214518
214520
214522
214528
214532
214535
214536
214538
214543
214548
214550
214551
214556
214562
214565
214568
214576
214578
214579
214580
214583
214585
214587
214590
214596
214597
214600
214601
214602
214609
214612
214613
214615
214618
214620
214622
214623
214628
214629
214630
214631
214633
214634
214635
214636
214638
214639
214640
214643
214646
214655
214659
214664
214667
214673
214674
214680
214682
214683
214686
214688
214692
214694
214697
214699
214700
214703
214705
214706
214710
214711
214712
214716
214718
214719
214722
214724
214727
214728
214730
214731
214734
214735
214739
214750
214754
214755
214757
214766
214767
214768
214769
214770
214774
214776
214777
214778
214782
214791
214792
214793
214796
214798
214801
214802
214808
214816
214821
214823
214827
214828
214840
214841
214843
214845
214847
214850
214851
214854
214855
214858
214860
214861
214863
214864
214865
214866
214868
214869
214871
214874
214876
214879
214882
214885
214887
214891
214892
214893
214894
214895
214902
214905
214909
214912
214913
214918
214925
214926
214927
214930
214932
214933
214934
214935
214936
214940
214941
214942
214943
214945
214948
214950
214957
214959
214961
214963
214966
214968
214969
214971
214972
214973
214974
214977
214979
214983
214986
214990
214991
214992
214994
215000
215003
215004
215007
215011
215012
215015
215016
215018
215025
215026
215032
215033
215034
215036
215037
215042
215043
215063
215065
215066
215067
215069
215072
215073
215074
215076
215078
215080
215082
215084
215085
215088
215095
215096
215097
215098
215099
215104
215105
215115
215123
215124
215126
215127
215134
215136
215140
215141
215142
215144
215146
215156
215157
215158
215161
215163
215165
215166
215170
215171
215172
215174
215177
215178
215181
215182
215183
215187
215188
215189
215195
215197
215200
215204
215206
215208
215209
215211
215213
215214
215220
215221
215223
215224
215225
215229
215234
215235
215238
215241
215243
215247
215248
215256
215257
215260
215265
215277
215278
215281
215282
215283
215284
215286
215287
215288
215291
215293
215294
215300
215301
215305
215306
215307
215308
215311
215313
215314
215315
215320
215322
215328
215335
215337
215338
215341
215342
215346
215349
215350
215353
215359
215361
215366
215370
215372
215373
215374
215376
215377
215379
215380
215382
215384
215386
215387
215388
215393
215394
215400
215403
215404
215406
215407
215408
215409
215410
215413
215414
215417
215424
215428
215429
215434
215435
215437
215438
215441
215442
215444
215445
215455
215456
215457
215463
215466
215471
215472
215474
215475
215480
215481
215486
215491
215493
215494
215496
215498
215499
215501
215502
215503
215509
215513
215515
215516
215518
215521
215525
215526
215527
215528
215529
215533
215534
215535
215546
215548
215549
215551
215552
215553
215554
215557
215563
215564
215567
215569
215580
215581
215582
215583
215586
215588
215599
215602
215603
215604
215605
215607
215610
215613
215620
215621
215629
215630
215633
215634
215635
215639
215640
215645
215646
215647
215653
215654
215655
215657
215660
215661
215664
215665
215667
215668
215672
215673
215674
215675
215678
215679
215681
215686
215690
215694
215695
215697
215699
215705
215706
215708
215713
215714
215715
215717
215720
215725
215728
215731
215733
215735
215736
215737
215739
215742
215744
215746
215747
215748
215749
215752
215753
215754
215757
215758
215760
215761
215763
215764
215765
215767
215771
215773
215775
215779
215780
215781
215782
215783
215784
215788
215792
215793
215795
215796
215797
215801
215802
215804
215808
215812
215813
215815
215818
215820
215821
215825
215826
215828
215834
215835
215839
215843
215844
215848
215852
215855
215860
215862
215865
215866
215867
215869
215870
215874
215876
215879
215885
215886
215888
215889
215891
215893
215894
215898
215901
215902
215903
215909
215910
215912
215914
215918
215920
215921
215924
215925
215927
215928
215930
215931
215933
215934
215936
215937
215938
215939
215941
215947
215949
215950
215951
215954
215956
215957
215958
215960
215963
215965
215966
215967
215969
215971
215973
215974
215977
215979
215981
215982
215988
215989
215991
215992
215993
215999
216002
216003
216008
216009
216010
216013
216015
216020
216021
216022
216023
216024
216025
216029
216032
216033
216037
216040
216042
216049
216051
216052
216053
216054
216058
216068
216070
216072
216073
216075
216076
216078
216081
216083
216086
216087
216089
216093
216094
216095
216096
216097
216098
216099
216102
216103
216104
216105
216108
216110
216114
216115
216116
216117
216120
216121
216125
216127
216130
216131
216139
216141
216143
216145
216146
216148
216151
216154
216156
216158
216160
216163
216166
216168
216171
216172
216174
216176
216179
216181
216182
216184
216187
216192
216193
216197
216201
216206
216208
216214
216219
216221
216224
216228
216230
216231
216232
216236
216237
216239
216240
216241
216242
216243
216247
216248
216252
216255
216257
216258
216260
216264
216266
216267
216270
216274
216277
216281
216282
216283
216286
216287
216288
216292
216293
216298
216301
216308
216310
216311
216314
216315
216317
216318
216320
216322
216323
216324
216326
216328
216331
216340
216344
216346
216348
216349
216351
216356
216357
216362
216364
216366
216367
216370
216374
216378
216379
216381
216386
216391
216393
216394
216397
216401
216403
216404
216412
216413
216415
216416
216418
216419
216423
216425
216426
216433
216437
216438
216440
216441
216444
216452
216457
216462
216463
216467
216469
216474
216475
216477
216479
216483
216484
216487
216489
216494
216500
216501
216502
216503
216505
216512
216515
216517
216520
216521
216522
216526
216531
216533
216540
216541
216545
216550
216551
216557
216560
216563
216570
216571
216574
216576
216578
216584
216591
216595
216596
216597
216600
216601
216602
216605
216607
216608
216612
216613
216617
216618
216619
216620
216621
216623
216625
216627
216628
216630
216631
216639
216640
216643
216648
216649
216653
216654
216658
216659
216661
216667
216669
216672
216677
216681
216682
216684
216688
216690
216691
216692
216695
216697
216698
216701
216704
216705
216709
216712
216713
216714
216716
216717
216718
216722
216724
216726
216728
216731
216735
216740
216746
216747
216749
216750
216762
216763
216765
216769
216770
216771
216773
216774
216780
216782
216785
216788
216789
216791
216792
216797
216803
216805
216808
216811
216814
216819
216820
216821
216825
216826
216827
216828
216829
216830
216831
216833
216836
216838
216839
216840
216841
216848
216849
216855
216857
216858
216859
216860
216862
216863
216871
216872
216873
216876
216877
216878
216880
216881
216884
216885
216887
216888
216890
216891
216892
216896
216900
216901
216904
216907
216908
216909
216911
216913
216916
216917
216919
216921
216922
216926
216927
216928
216930
216931
216937
216940
216942
216947
216952
216955
216956
216957
216958
216959
216960
216965
216966
216969
216971
216973
216974
216977
216980
216981
216984
216988
216990
216993
216994
217000
217001
217002
217004
217005
217008
217011
217012
217014
217016
217017
217021
217022
217028
217029
217031
217032
217034
217035
217041
217046
217050
217051
217053
217054
217055
217058
217059
217060
217062
217063
217065
217067
217069
217076
217077
217083
217084
217087
217091
217092
217093
217094
217096
217097
217108
217111
217112
217114
217115
217119
217120
217125
217127
217132
217133
217134
217135
217136
217137
217142
217145
217150
217153
217156
217160
217161
217162
217165
217169
217171
217172
217173
217174
217175
217176
217177
217182
217186
217198
217199
217200
217201
217204
217205
217207
217208
217209
217210
217214
217215
217216
217217
217220
217224
217226
217227
217228
217229
217235
217236
217245
217246
217247
217250
217251
217261
217263
217265
217266
217269
217278
217279
217280
217282
217283
217284
217286
217287
217288
217289
217296
217297
217299
217301
217302
217303
217305
217309
217311
217312
217315
217320
217322
217323
217326
217329
217331
217332
217344
217348
217349
217353
217354
217355
217365
217367
217370
217371
217374
217375
217377
217379
217383
217389
217391
217392
217393
217395
217396
217397
217398
217399
217404
217408
217412
217413
217417
217418
217420
217421
217423
217428
217436
217437
217441
217442
217444
217446
217456
217458
217460
217463
217464
217466
217469
217471
217477
217478
217479
217480
217481
217486
217490
217498
217499
217500
217502
217505
217506
217509
217510
217511
217521
217522
217527
217528
217531
217532
217534
217535
217536
217537
217539
217543
217547
217548
217550
217551
217554
217555
217556
217559
217561
217565
217567
217568
217571
217574
217576
217577
217580
217582
217583
217585
217587
217588
217590
217591
217592
217594
217597
217598
217601
217603
217605
217607
217610
217613
217618
217620
217622
217623
217624
217625
217626
217631
217634
217635
217639
217646
217647
217648
217649
217652
217656
217660
217661
217669
217671
217675
217676
217678
217680
217684
217685
217686
217687
217689
217690
217692
217693
217694
217697
217699
217700
217703
217705
217708
217709
217711
217714
217716
217719
217720
217721
217725
217726
217732
217734
217736
217738
217739
217740
217742
217743
217744
217747
217749
217750
217751
217754
217758
217759
217763
217764
217767
217769
217772
217780
217781
217782
217783
217784
217793
217794
217800
217801
217807
217808
217815
217816
217820
217821
217822
217824
217833
217834
217837
217838
217840
217841
217842
217850
217851
217853
217856
217858
217859
217860
217861
217866
217867
217874
217876
217879
217880
217882
217883
217887
217888
217889
217893
217896
217897
217902
217905
217908
217909
217910
217916
217918
217919
217920
217921
217925
217926
217927
217929
217930
217931
217933
217942
217947
217949
217950
217954
217956
217963
217967
217968
217969
217970
217976
217979
217980
217981
217982
217985
217986
217987
217989
217991
217997
217999
218003
218004
218005
218006
218014
218017
218018
218019
218020
218022
218023
218024
218027
218028
218031
218032
218033
218035
218037
218038
218041
218049
218050
218052
218054
218060
218061
218062
218065
218066
218069
218070
218076
218078
218079
218080
218081
218082
218083
218087
218088
218089
218092
218093
218094
218095
218098
218101
218102
218103
218107
218109
218111
218117
218118
218121
218123
218124
218129
218130
218132
218134
218135
218136
218137
218138
218139
218141
218144
218150
218153
218157
218161
218162
218165
218168
218169
218170
218171
218178
218181
218182
218183
218186
218189
218191
218196
218197
218201
218204
218206
218207
218209
218212
218216
218217
218218
218220
218221
218222
218223
218225
218228
218235
218240
218241
218242
218247
218248
218257
218258
218259
218262
218264
218265
218267
218269
218275
218281
218283
218284
218288
218296
218298
218303
218305
218306
218307
218308
218315
218318
218320
218321
218323
218324
218329
218330
218332
218334
218339
218342
218345
218347
218348
218351
218353
218354
218357
218358
218360
218361
218362
218367
218368
218369
218370
218383
218386
218388
218391
218395
218397
218404
218406
218410
218412
218414
218415
218420
218423
218427
218428
218439
218443
218445
218447
218448
218451
218453
218454
218457
218460
218462
218463
218466
218474
218476
218477
218478
218482
218484
218485
218486
218487
218488
218492
218494
218497
218506
218507
218508
218509
218510
218514
218516
218517
218519
218520
218521
218525
218527
218528
218530
218534
218535
218538
218543
218545
218546
218552
218553
218554
218555
218556
218557
218559
218564
218570
218572
218575
218581
218587
218589
218599
218600
218602
218603
218605
218609
218610
218611
218614
218616
218617
218620
218622
218624
218626
218629
218632
218633
218640
218642
218644
218645
218647
218652
218653
218654
218656
218657
218665
218666
218667
218671
218673
218675
218676
218677
218678
218680
218681
218682
218683
218685
218686
218687
218688
218689
218692
218693
218695
218696
218701
218702
218703
218704
218706
218708
218709
218710
218711
218713
218715
218718
218721
218722
218724
218725
218728
218729
218731
218735
218737
218738
218748
218749
218751
218754
218758
218759
218763
218764
218766
218767
218768
218770
218773
218774
218775
218776
218778
218779
218785
218787
218789
218798
218800
218801
218803
218804
218806
218807
218808
218811
218814
218815
218816
218819
218824
218825
218827
218828
218829
218836
218837
218851
218855
218856
218857
218864
218865
218866
218868
218871
218877
218878
218880
218885
218888
218890
218892
218893
218895
218896
218898
218901
218902
218903
218905
218909
218912
218922
218923
218926
218927
218928
218929
218930
218931
218932
218938
218943
218946
218954
218955
218956
218961
218964
218969
218972
218974
218980
218982
218983
218985
218990
218991
218992
218993
218995
219000
219001
219004
219008
219009
219011
219012
219014
219015
219019
219020
219023
219028
219029
219031
219033
219037
219043
219044
219046
219047
219049
219050
219051
219053
219054
219057
219059
219060
219065
219066
219071
219075
219076
219078
219085
219088
219096
219097
219098
219100
219101
219102
219103
219104
219105
219112
219117
219119
219124
219129
219130
219133
219134
219135
219137
219139
219147
219151
219155
219157
219168
219169
219171
219172
219175
219176
219177
219178
219179
219184
219187
219195
219196
219199
219200
219202
219203
219204
219205
219206
219207
219210
219213
219215
219218
219219
219222
219223
219224
219225
219229
219230
219232
219234
219237
219239
219241
219247
219248
219249
219253
219254
219256
219257
219259
219260
219263
219264
219268
219269
219270
219271
219273
219274
219276
219277
219284
219286
219288
219289
219292
219295
219297
219300
219303
219308
219319
219321
219323
219326
219330
219331
219332
219335
219338
219341
219342
219343
219345
219349
219353
219354
219357
219358
219359
219360
219361
219362
219363
219365
219367
219368
219369
219370
219372
219373
219377
219378
219379
219381
219382
219386
219395
219396
219398
219402
219403
219404
219407
219409
219413
219415
219416
219419
219423
219424
219426
219428
219430
219433
219435
219437
219443
219446
219447
219451
219454
219455
219456
219457
219460
219461
219466
219467
219468
219471
219481
219482
219490
219491
219495
219498
219499
219500
219501
219504
219506
219508
219510
219511
219513
219515
219517
219518
219519
219528
219531
219535
219536
219537
219538
219539
219544
219546
219552
219556
219558
219560
219564
219565
219570
219571
219572
219576
219580
219581
219586
219588
219589
219597
219601
219602
219603
219605
219607
219610
219612
219614
219615
219616
219623
219629
219631
219633
219634
219638
219640
219641
219643
219644
219645
219647
219650
219654
219655
219658
219659
219661
219662
219665
219667
219668
219671
219673
219676
219678
219679
219680
219681
219682
219683
219684
219686
219687
219690
219691
219694
219698
219708
219710
219711
219712
219713
219717
219725
219728
219730
219731
219734
219736
219741
219744
219746
219748
219749
219755
219756
219757
219759
219761
219766
219768
219769
219770
219773
219774
219776
219780
219781
219782
219789
219790
219791
219792
219794
219795
219800
219803
219806
219809
219813
219819
219824
219829
219830
219831
219834
219836
219847
219849
219851
219852
219854
219857
219858
219860
219862
219863
219866
219869
219870
219873
219876
219877
219878
219883
219884
219885
219887
219889
219894
219895
219896
219899
219901
219903
219905
219906
219907
219910
219911
219912
219913
219915
219916
219917
219919
219920
219925
219926
219927
219928
219935
219937
219938
219943
219947
219954
219958
219960
219962
219968
219972
219980
219982
219985
219987
219991
219992
219993
219997
219999
220000
220002
220006
220008
220009
220011
220012
220014
220015
220019
220021
220023
220024
220026
220028
220034
220035
220041
220042
220045
220046
220048
220050
220057
220058
220060
220062
220064
220067
220068
220074
220075
220076
220077
220082
220087
220090
220095
220096
220097
220100
220102
220105
220107
220108
220109
220111
220115
220118
220123
220124
220125
220126
220127
220128
220129
220134
220135
220136
220140
220141
220142
220145
220146
220149
220150
220151
220154
220155
220158
220161
220163
220165
220166
220168
220169
220170
220174
220175
220180
220182
220186
220191
220193
220194
220198
220199
220200
220207
220210
220211
220214
220216
220217
220220
220228
220229
220231
220232
220234
220235
220241
220243
220248
220249
220250
220251
220255
220258
220260
220262
220263
220264
220267
220268
220269
220271
220276
220279
220280
220282
220284
220285
220288
220291
220292
220293
220295
220298
220300
220304
220305
220307
220308
220309
220310
220311
220313
220318
220324
220326
220338
220340
220341
220344
220348
220349
220350
220351
220358
220362
220364
220366
220367
220373
220380
220381
220382
220383
220386
220388
220389
220390
220391
220397
220401
220402
220408
220410
220412
220413
220414
220417
220418
220419
220422
220423
220424
220425
220427
220429
220432
220434
220437
220440
220443
220447
220448
220451
220456
220457
220458
220459
220462
220473
220474
220475
220479
220480
220483
220487
220490
220493
220494
220495
220499
220500
220503
220509
220511
220512
220515
220523
220525
220529
220530
220531
220536
220538
220539
220544
220545
220546
220548
220549
220559
220563
220567
220568
220569
220571
220575
220576
220580
220581
220582
220583
220585
220586
220589
220591
220598
220599
220606
220607
220608
220610
220612
220613
220619
220620
220624
220625
220630
220632
220636
220638
220639
220647
220652
220654
220659
220661
220662
220664
220665
220666
220668
220672
220673
220677
220679
220681
220684
220688
220689
220693
220696
220697
220698
220702
220703
220706
220708
220715
220716
220723
220726
220727
220732
220737
220738
220740
220742
220744
220746
220749
220750
220753
220756
220757
220761
220763
220765
220767
220770
220772
220773
220776
220778
220779
220780
220781
220785
220786
220787
220790
220793
220800
220801
220802
220807
220812
220813
220815
220817
220820
220821
220822
220823
220824
220825
220827
220831
220832
220834
220839
220840
220842
220843
220844
220846
220849
220852
220855
220858
220862
220865
220866
220870
220874
220876
220878
220879
220880
220883
220886
220888
220889
220890
220893
220895
220898
220900
220901
220902
220904
220908
220915
220916
220920
220921
220923
220924
220926
220928
220930
220932
220935
220938
220939
220940
220941
220945
220948
220952
220954
220955
220956
220958
220961
220965
220967
220971
220972
220981
220984
220986
220987
220988
220989
220992
220995
221000
221002
221003
221008
221010
221018
221019
221021
221024
221025
221026
221028
221029
221030
221034
221036
221037
221039
221041
221042
221043
221044
221046
221048
221055
221057
221058
221059
221061
221062
221065
221070
221073
221078
221079
221083
221085
221088
221089
221090
221091
221097
221099
221104
221106
221108
221111
221112
221113
221114
221116
221119
221120
221123
221129
221137
221139
221145
221146
221147
221152
221153
221155
221156
221161
221163
221165
221168
221169
221171
221172
221174
221176
221179
221180
221182
221185
221192
221194
221196
221198
221199
221200
221201
221202
221204
221211
221217
221223
221224
221227
221231
221236
221237
221238
221243
221245
221246
221247
221248
221249
221253
221254
221255
221257
221259
221260
221263
221265
221267
221273
221274
221277
221283
221284
221286
221287
221289
221291
221293
221296
221297
221301
221304
221305
221309
221311
221313
221315
221316
221317
221327
221329
221332
221335
221337
221344
221350
221351
221352
221359
221360
221361
221364
221370
221371
221372
221373
221376
221377
221381
221386
221388
221390
221394
221404
221406
221408
221411
221415
221417
221418
221419
221420
221426
221428
221430
221431
221434
221436
221441
221443
221444
221445
221448
221449
221451
221452
221460
221463
221466
221468
221469
221474
221480
221483
221484
221485
221486
221493
221497
221500
221503
221504
221505
221506
221510
221514
221516
221517
221524
221527
221528
221529
221532
221535
221536
221541
221552
221556
221559
221565
221574
221577
221578
221579
221583
221585
221588
221596
221597
221601
221604
221606
221607
221608
221609
221612
221614
221615
221617
221618
221620
221621
221622
221623
221624
221625
221629
221630
221631
221632
221633
221634
221636
221638
221641
221647
221649
221651
221655
221660
221664
221666
221672
221676
221680
221682
221683
221685
221689
221690
221693
221694
221695
221697
221698
221701
221705
221708
221709
221710
221712
221714
221715
221717
221719
221721
221722
221726
221728
221729
221730
221732
221734
221736
221737
221738
221741
221742
221744
221746
221747
221748
221754
221757
221758
221760
221762
221765
221767
221770
221773
221775
221780
221783
221786
221787
221792
221793
221794
221795
221796
221797
221810
221821
221822
221824
221825
221827
221829
221834
221835
221836
221839
221843
221845
221847
221851
221852
221856
221859
221860
221861
221862
221863
221864
221866
221867
221868
221869
221870
221874
221875
221879
221882
221885
221891
221892
221893
221894
221895
221898
221899
221901
221902
221904
221912
221915
221917
221918
221923
221925
221927
221935
221936
221938
221939
221940
221941
221942
221943
221944
221945
221947
221948
221956
221957
221958
221960
221963
221966
221969
221970
221971
221974
221975
221977
221979
221981
221982
221983
221984
221988
221990
221993
222005
222010
222011
222019
222020
222021
222023
222025
222027
222029
222034
222035
222038
222041
222045
222046
222048
222049
222050
222051
222053
222054
222055
222056
222057
222059
222060
222063
222066
222067
222068
222073
222074
222076
222080
222081
222088
222089
222090
222091
222092
222093
222094
222096
222098
222099
222101
222102
222105
222111
222112
222116
222120
222122
222123
222125
222128
222129
222132
222133
222134
222139
222142
222147
222150
222155
222163
222165
222166
222167
222169
222170
222171
222173
222177
222178
222181
222182
222183
222185
222189
222191
222193
222196
222197
222199
222205
222207
222209
222215
222216
222219
222220
222225
222232
222234
222236
222239
222243
222250
222251
222254
222255
222257
222261
222263
222265
222268
222270
222274
222275
222276
222277
222278
222279
222282
222284
222285
222287
222293
222296
222298
222299
222301
222303
222304
222306
222307
222312
222313
222315
222317
222318
222322
222324
222325
222328
222329
222332
222333
222336
222338
222342
222343
222347
222348
222350
222352
222353
222360
222362
222366
222367
222373
222377
222378
222381
222382
222386
222388
222389
222391
222392
222394
222395
222398
222399
222403
222406
222409
222410
222411
222413
222418
222420
222425
222428
222429
222431
222432
222437
222438
222442
222444
222446
222448
222449
222451
222452
222454
222455
222457
222458
222460
222463
222464
222465
222467
222469
222472
222473
222474
222477
222479
222480
222481
222488
222493
222494
222502
222503
222512
222513
222514
222515
222516
222517
222520
222523
222527
222528
222529
222531
222533
222534
222535
222537
222541
222543
222545
222546
222547
222551
222553
222554
222555
222556
222559
222561
222562
222563
222564
222565
222566
222568
222569
222570
222572
222573
222574
222575
222576
222580
222582
222585
222586
222587
222588
222593
222595
222598
222600
222603
222605
222606
222607
222611
222617
222618
222620
222623
222624
222625
222627
222630
222632
222636
222638
222639
222640
222641
222644
222645
222649
222657
222661
222663
222666
222669
222672
222675
222677
222678
222680
222683
222684
222687
222689
222691
222695
222696
222698
222702
222703
222704
222705
222710
222719
222720
222727
222733
222735
222738
222743
222744
222749
222750
222752
222755
222756
222758
222761
222763
222764
222765
222767
222768
222772
222777
222778
222779
222782
222787
222793
222794
222797
222798
222801
222804
222805
222814
222818
222824
222829
222830
222836
222839
222844
222847
222858
222861
222863
222864
222866
222870
222872
222874
222876
222877
222879
222880
222881
222887
222888
222889
222891
222894
222895
222897
222899
222900
222903
222906
222911
222913
222914
222917
222920
222922
222925
222926
222927
222928
222929
222933
222936
222937
222938
222939
222941
222942
222943
222945
222947
222950
222951
222952
222953
222955
222959
222964
222965
222967
222969
222978
222980
222985
222987
222989
222992
222993
222994
222995
222996
223000
223001
223003
223005
223006
223009
223010
223012
223016
223019
223024
223025
223028
223029
223032
223033
223035
223037
223041
223044
223045
223047
223049
223050
223051
223052
223059
223062
223063
223066
223067
223068
223075
223076
223078
223083
223084
223085
223086
223087
223088
223092
223093
223094
223100
223101
223104
223108
223110
223112
223116
223117
223119
223127
223128
223130
223132
223134
223139
223140
223141
223145
223148
223153
223157
223158
223161
223162
223163
223166
223169
223172
223173
223175
223178
223179
223182
223183
223186
223188
223192
223193
223194
223197
223198
223199
223200
223203
223204
223207
223210
223212
223213
223214
223217
223222
223225
223226
223227
223229
223231
223234
223236
223240
223251
223255
223257
223258
223263
223270
223272
223273
223274
223278
223280
223287
223288
223294
223295
223299
223302
223303
223309
223311
223312
223313
223314
223315
223319
223320
223322
223323
223324
223325
223326
223327
223328
223330
223331
223332
223333
223339
223341
223343
223347
223348
223350
223353
223359
223363
223365
223366
223368
223369
223371
223376
223379
223380
223381
223384
223385
223390
223394
223396
223400
223414
223418
223419
223420
223427
223429
223431
223433
223435
223436
223442
223443
223444
223445
223446
223448
223451
223454
223459
223460
223462
223463
223465
223468
223469
223471
223476
223477
223479
223481
223487
223488
223490
223491
223495
223500
223503
223506
223507
223511
223512
223514
223517
223519
223525
223532
223533
223535
223536
223549
223552
223554
223557
223558
223562
223566
223572
223574
223576
223585
223586
223588
223591
223593
223595
223597
223600
223603
223604
223605
223609
223611
223613
223614
223615
223616
223618
223621
223625
223627
223628
223633
223644
223646
223647
223650
223651
223653
223654
223655
223658
223659
223660
223663
223667
223668
223670
223672
223673
223674
223675
223676
223680
223681
223684
223688
223691
223692
223694
223696
223698
223702
223705
223706
223711
223713
223715
223717
223719
223721
223726
223728
223729
223731
223732
223738
223746
223747
223750
223751
223753
223755
223764
223765
223769
223770
223773
223778
223780
223781
223782
223784
223791
223794
223796
223798
223807
223808
223809
223810
223811
223813
223817
223821
223825
223837
223838
223839
223840
223841
223842
223843
223846
223848
223849
223850
223852
223853
223855
223856
223859
223860
223863
223864
223865
223873
223879
223887
223888
223889
223890
223891
223892
223897
223905
223906
223907
223910
223915
223917
223920
223923
223927
223928
223929
223930
223931
223932
223934
223936
223937
223938
223944
223950
223951
223953
223954
223955
223957
223961
223968
223970
223977
223983
223984
223985
223986
223987
223990
223992
223993
223995
223997
224005
224006
224014
224019
224023
224027
224031
224033
224035
224038
224039
224042
224047
224050
224051
224052
224053
224054
224055
224061
224062
224065
224069
224070
224075
224078
224081
224082
224085
224092
224093
224095
224096
224099
224102
224103
224105
224108
224110
224111
224112
224113
224114
224116
224119
224127
224128
224129
224130
224131
224134
224136
224137
224139
224143
224146
224147
224150
224152
224153
224157
224161
224163
224173
224175
224176
224178
224179
224182
224187
224192
224195
224197
224199
224202
224203
224205
224209
224211
224212
224213
224214
224216
224220
224221
224223
224224
224226
224227
224229
224230
224232
224235
224236
224237
224238
224239
224246
224247
224252
224253
224256
224263
224264
224268
224270
224273
224274
224276
224279
224281
224282
224284
224289
224292
224293
224294
224302
224304
224306
224307
224308
224311
224312
224315
224318
224334
224335
224338
224339
224345
224346
224347
224349
224350
224354
224356
224361
224363
224365
224367
224381
224386
224387
224388
224389
224390
224392
224393
224395
224396
224398
224400
224401
224404
224408
224413
224417
224418
224419
224421
224425
224429
224430
224438
224439
224440
224443
224444
224445
224451
224456
224457
224461
224462
224463
224467
224468
224470
224471
224472
224473
224475
224476
224480
224483
224484
224491
224493
224494
224495
224502
224503
224506
224507
224509
224510
224513
224514
224515
224524
224530
224531
224532
224533
224534
224535
224537
224538
224539
224540
224542
224543
224546
224550
224551
224555
224558
224561
224563
224568
224571
224572
224573
224575
224577
224578
224579
224580
224582
224584
224586
224587
224588
224589
224596
224597
224598
224600
224603
224608
224609
224610
224613
224617
224620
224622
224623
224624
224628
224629
224631
224634
224637
224640
224641
224644
224645
224646
224648
224651
224656
224657
224658
224661
224666
224670
224673
224674
224675
224677
224679
224681
224686
224687
224689
224690
224695
224697
224698
224700
224701
224704
224705
224707
224710
224713
224714
224719
224721
224722
224731
224732
224733
224734
224739
224740
224741
224746
224751
224752
224753
224754
224755
224756
224757
224760
224762
224763
224764
224765
224770
224773
224774
224776
224777
224778
224780
224781
224782
224783
224786
224790
224796
224797
224801
224802
224803
224804
224808
224814
224815
224817
224827
224829
224832
224836
224837
224838
224839
224841
224845
224847
224849
224850
224851
224852
224853
224854
224855
224856
224858
224859
224860
224861
224863
224864
224866
224867
224868
224871
224872
224880
224882
224885
224886
224892
224895
224896
224898
224900
224902
224903
224905
224914
224923
224925
224928
224929
224932
224933
224934
224935
224938
224940
224941
224942
224946
224948
224951
224952
224953
224954
224956
224957
224962
224965
224967
224968
224971
224972
224973
224974
224975
224976
224977
224978
224980
224983
224984
224985
224994
224996
224997
224999
225000
225001
225006
225008
225010
225014
225016
225025
225027
225029
225031
225034
225035
225036
225041
225043
225051
225052
225053
225054
225064
225067
225071
225072
225076
225079
225080
225085
225089
225092
225093
225099
225102
225103
225104
225105
225108
225110
225111
225112
225113
225115
225118
225120
225122
225124
225129
225130
225136
225137
225141
225142
225143
225148
225149
225152
225153
225154
225157
225159
225162
225166
225168
225169
225172
225173
225174
225175
225177
225178
225180
225184
225187
225189
225190
225199
225200
225201
225203
225205
225208
225210
225211
225212
225218
225219
225223
225226
225227
225228
225232
225234
225237
225238
225239
225242
225245
225249
225251
225253
225254
225256
225257
225261
225262
225265
225267
225268
225272
225274
225276
225279
225280
225283
225285
225286
225288
225289
225293
225302
225312
225313
225315
225316
225319
225322
225325
225326
225327
225329
225333
225337
225339
225345
225347
225353
225355
225357
225362
225364
225365
225366
225368
225374
225375
225376
225378
225379
225382
225385
225387
225389
225393
225394
225396
225398
225400
225402
225404
225405
225411
225414
225416
225419
225420
225422
225423
225428
225429
225432
225433
225434
225437
225438
225439
225443
225444
225447
225448
225450
225453
225455
225456
225458
225462
225463
225465
225468
225470
225472
225478
225480
225483
225484
225485
225487
225489
225493
225494
225498
225502
225503
225504
225505
225507
225509
225511
225512
225513
225515
225519
225521
225523
225524
225525
225526
225527
225530
225531
225536
225539
225540
225541
225547
225548
225549
225551
225553
225554
225557
225560
225562
225563
225564
225565
225566
225567
225569
225571
225575
225577
225578
225580
225581
225585
225587
225590
225592
225593
225595
225596
225602
225605
225610
225621
225623
225624
225625
225626
225627
225628
225632
225642
225643
225648
225649
225651
225654
225657
225658
225660
225662
225663
225665
225671
225674
225678
225680
225681
225683
225684
225687
225688
225692
225693
225694
225696
225697
225700
225704
225705
225706
225708
225714
225715
225716
225717
225719
225721
225722
225723
225724
225727
225728
225730
225733
225740
225742
225743
225745
225747
225758
225760
225764
225765
225767
225769
225776
225778
225781
225784
225785
225792
225794
225797
225800
225801
225802
225806
225807
225808
225809
225810
225811
225814
225816
225817
225821
225823
225825
225826
225827
225828
225830
225831
225834
225835
225836
225847
225849
225856
225857
225859
225862
225865
225869
225871
225873
225874
225876
225878
225880
225882
225884
225885
225889
225890
225893
225894
225895
225896
225897
225899
225902
225909
225911
225913
225915
225916
225919
225921
225922
225923
225926
225927
225929
225932
225936
225937
225938
225942
225944
225947
225954
225955
225956
225958
225960
225961
225962
225964
225967
225969
225971
225972
225976
225978
225979
225982
225986
225988
225989
225991
225992
225994
225996
225998
225999
226001
226004
226005
226007
226009
226011
226013
226015
226019
226020
226021
226022
226023
226024
226026
226029
226031
226032
226034
226039
226042
226043
226044
226045
226046
226048
226050
226054
226061
226062
226063
226067
226068
226069
226070
226073
226075
226077
226078
226081
226084
226085
226086
226089
226090
226092
226093
226094
226097
226099
226101
226103
226107
226115
226116
226120
226122
226123
226124
226126
226133
226135
226137
226139
226140
226142
226145
226146
226148
226150
226152
226153
226155
226156
226158
226159
226161
226163
226164
226168
226170
226172
226175
226176
226181
226183
226185
226187
226189
226190
226193
226195
226200
226206
226211
226218
226221
226223
226225
226232
226233
226234
226242
226244
226246
226250
226254
226256
226257
226259
226263
226265
226266
226268
226269
226273
226276
226278
226281
226285
226287
226288
226290
226291
226292
226294
226295
226299
226300
226303
226315
226316
226317
226318
226320
226321
226322
226323
226326
226328
226329
226332
226333
226334
226339
226343
226344
226346
226347
226349
226350
226353
226358
226359
226363
226365
226371
226372
226373
226378
226379
226384
226389
226390
226391
226393
226397
226400
226401
226403
226405
226406
226407
226410
226411
226421
226423
226424
226425
226426
226430
226436
226437
226438
226440
226442
226444
226450
226456
226458
226459
226460
226464
226467
226469
226471
226472
226475
226476
226477
226480
226485
226486
226488
226490
226493
226497
226498
226500
226501
226506
226508
226509
226512
226514
226515
226516
226523
226526
226528
226532
226537
226541
226544
226545
226547
226548
226550
226552
226553
226554
226555
226557
226558
226560
226561
226563
226565
226577
226581
226585
226586
226588
226590
226593
226594
226595
226597
226599
226601
226606
226608
226610
226611
226612
226622
226624
226625
226626
226627
226634
226636
226639
226641
226642
226643
226645
226647
226648
226649
226652
226656
226663
226664
226665
226666
226671
226673
226674
226676
226679
226680
226682
226688
226690
226691
226694
226698
226702
226705
226706
226708
226710
226712
226714
226716
226719
226724
226728
226730
226731
226733
226736
226739
226740
226745
226747
226749
226750
226752
226753
226761
226770
226772
226778
226779
226780
226785
226786
226787
226791
226793
226796
226798
226799
226805
226807
226808
226810
226812
226813
226817
226824
226829
226835
226836
226837
226838
226841
226842
226844
226845
226847
226857
226859
226860
226864
226869
226875
226876
226878
226882
226885
226889
226891
226898
226899
226905
226906
226909
226911
226918
226920
226924
226927
226928
226929
226931
226932
226933
226937
226941
226942
226944
226949
226953
226954
226958
226959
226960
226963
226966
226974
226975
226976
226981
226983
226988
226990
226993
226994
226996
227001
227004
227007
227014
227015
227019
227021
227022
227024
227026
227027
227029
227030
227031
227032
227033
227034
227035
227036
227038
227039
227040
227042
227043
227045
227048
227051
227052
227053
227054
227055
227056
227065
227066
227067
227068
227069
227071
227072
227074
227078
227080
227083
227087
227088
227090
227094
227095
227097
227102
227103
227104
227105
227106
227111
227113
227115
227117
227119
227120
227124
227127
227131
227133
227134
227138
227143
227144
227146
227147
227148
227151
227155
227156
227157
227159
227161
227162
227166
227169
227170
227176
227179
227181
227183
227186
227189
227194
227195
227198
227206
227208
227209
227210
227215
227216
227220
227222
227226
227229
227234
227235
227236
227240
227241
227248
227250
227258
227260
227262
227263
227264
227265
227268
227269
227272
227275
227282
227283
227289
227290
227293
227294
227295
227296
227300
227305
227308
227310
227311
227312
227315
227320
227321
227324
227326
227328
227332
227339
227343
227345
227347
227349
227350
227353
227355
227360
227362
227368
227369
227370
227371
227372
227374
227375
227376
227381
227382
227383
227384
227385
227386
227387
227389
227390
227392
227393
227394
227395
227398
227405
227408
227414
227415
227416
227417
227420
227422
227423
227424
227425
227426
227438
227439
227440
227441
227442
227443
227445
227449
227452
227453
227455
227457
227460
227462
227464
227465
227479
227481
227485
227487
227488
227489
227490
227492
227495
227496
227497
227500
227507
227509
227512
227514
227515
227518
227520
227521
227523
227524
227527
227529
227530
227533
227534
227536
227542
227543
227545
227547
227548
227549
227550
227552
227554
227555
227558
227560
227563
227566
227567
227570
227572
227579
227581
227582
227584
227589
227594
227595
227597
227599
227601
227602
227606
227609
227611
227614
227615
227617
227622
227626
227627
227630
227635
227640
227641
227643
227644
227645
227648
227650
227651
227653
227656
227657
227659
227662
227663
227665
227668
227673
227682
227690
227691
227692
227702
227705
227706
227707
227713
227715
227717
227725
227728
227729
227732
227733
227735
227736
227737
227740
227741
227742
227744
227746
227748
227750
227751
227752
227754
227755
227757
227758
227762
227766
227769
227770
227772
227773
227776
227779
227780
227783
227786
227788
227790
227791
227793
227794
227796
227800
227801
227807
227809
227813
227814
227815
227816
227817
227825
227826
227833
227836
227837
227839
227840
227841
227845
227846
227848
227849
227850
227851
227853
227854
227856
227859
227860
227862
227863
227864
227865
227867
227871
227872
227874
227875
227877
227878
227887
227889
227892
227893
227894
227896
227897
227901
227905
227906
227908
227909
227910
227911
227914
227915
227916
227917
227918
227921
227925
227926
227927
227929
227930
227931
227933
227940
227945
227947
227949
227950
227951
227956
227957
227958
227960
227963
227965
227966
227968
227969
227970
227974
227975
227979
227981
227982
227990
227991
227992
227993
227995
227999
228002
228007
228008
228010
228016
228017
228019
228020
228021
228023
228024
228025
228031
228032
228033
228035
228037
228038
228042
228043
228048
228049
228050
228052
228053
228057
228059
228060
228063
228064
228067
228069
228070
228071
228072
228073
228074
228075
228076
228079
228087
228091
228093
228096
228099
228100
228108
228111
228114
228118
228119
228120
228123
228124
228126
228131
228132
228133
228135
228139
228141
228144
228146
228148
228149
228150
228151
228159
228160
228162
228163
228165
228167
228171
228173
228174
228175
228184
228188
228190
228194
228195
228199
228203
228206
228209
228210
228212
228217
228219
228220
228228
228229
228230
228232
228233
228234
228237
228240
228242
228246
228249
228253
228257
228259
228260
228262
228263
228266
228267
228272
228276
228277
228279
228285
228287
228290
228293
228294
228296
228300
228303
228304
228309
228312
228313
228316
228318
228322
228327
228331
228340
228341
228342
228345
228346
228350
228353
228355
228356
228358
228359
228361
228365
228366
228367
228368
228369
228370
228371
228372
228373
228374
228376
228378
228379
228385
228391
228394
228401
228406
228410
228411
228414
228415
228420
228422
228427
228433
228434
228436
228437
228439
228441
228442
228443
228445
228447
228449
228450
228452
228453
228455
228457
228458
228459
228464
228468
228477
228480
228483
228484
228485
228490
228495
228497
228498
228500
228503
228508
228511
228513
228514
228515
228517
228518
228519
228524
228525
228527
228528
228530
228532
228533
228534
228537
228544
228547
228548
228550
228551
228554
228560
228561
228562
228563
228566
228570
228572
228576
228581
228584
228586
228588
228591
228592
228593
228597
228600
228602
228607
228608
228610
228611
228614
228615
228619
228620
228621
228622
228627
228628
228629
228634
228636
228637
228638
228642
228643
228644
228646
228647
228652
228655
228660
228662
228664
228665
228666
228673
228675
228679
228680
228681
228685
228688
228692
228695
228696
228703
228704
228710
228711
228714
228718
228723
228727
228728
228730
228732
228734
228735
228738
228741
228742
228743
228744
228745
228747
228750
228751
228755
228756
228758
228763
228772
228778
228781
228782
228784
228785
228786
228787
228792
228793
228794
228798
228799
228802
228805
228806
228808
228810
228812
228818
228821
228822
228824
228838
228839
228840
228844
228846
228848
228850
228856
228857
228861
228862
228863
228866
228869
228871
228872
228875
228877
228878
228879
228880
228884
228885
228887
228888
228889
228890
228892
228894
228895
228903
228904
228905
228906
228907
228910
228912
228913
228914
228917
228919
228927
228928
228929
228938
228939
228940
228941
228945
228947
228948
228949
228950
228952
228955
228960
228961
228962
228969
228970
228975
228976
228982
228987
228988
228989
228990
228994
228995
228996
229002
229004
229006
229010
229011
229012
229019
229029
229036
229037
229038
229039
229045
229046
229047
229053
229054
229060
229066
229067
229070
229072
229075
229080
229082
229084
229085
229086
229087
229088
229091
229095
229096
229097
229100
229102
229103
229104
229105
229106
229109
229110
229114
229116
229119
229120
229123
229124
229125
229127
229130
229136
229137
229141
229143
229146
229150
229152
229153
229157
229158
229161
229163
229166
229169
229174
229176
229177
229179
229180
229185
229186
229189
229191
229192
229195
229197
229199
229200
229202
229203
229208
229210
229216
229217
229222
229224
229225
229227
229230
229231
229232
229234
229240
229241
229245
229246
229249
229251
229258
229262
229265
229266
229268
229269
229271
229272
229273
229276
229279
229281
229285
229286
229287
229291
229294
229300
229301
229302
229309
229311
229315
229317
229318
229319
229321
229329
229331
229332
229337
229339
229342
229346
229354
229356
229358
229359
229363
229364
229366
229370
229371
229374
229375
229381
229383
229384
229385
229386
229387
229394
229396
229398
229402
229403
229405
229406
229407
229410
229417
229418
229421
229423
229425
229428
229430
229438
229439
229442
229444
229446
229452
229453
229455
229456
229459
229460
229469
229470
229472
229481
229484
229487
229492
229498
229500
229502
229503
229504
229505
229514
229515
229518
229526
229527
229528
229530
229532
229538
229540
229541
229548
229550
229553
229554
229557
229558
229560
229566
229567
229569
229570
229575
229578
229581
229586
229589
229595
229596
229600
229601
229602
229604
229605
229607
229608
229609
229614
229616
229617
229618
229622
229623
229624
229626
229629
229630
229632
229636
229638
229639
229644
229647
229648
229650
229651
229653
229654
229655
229656
229657
229658
229659
229663
229664
229665
229668
229669
229670
229675
229676
229678
229679
229682
229683
229686
229692
229693
229698
229701
229704
229705
229707
229713
229715
229716
229719
229721
229722
229726
229728
229730
229731
229743
229749
229759
229760
229761
229764
229765
229766
229770
229771
229773
229779
229782
229783
229785
229795
229799
229800
229801
229802
229805
229806
229809
229810
229811
229813
229816
229817
229819
229820
229822
229823
229824
229826
229827
229828
229831
229832
229834
229838
229840
229845
229848
229849
229850
229851
229852
229855
229856
229858
229860
229861
229862
229867
229868
229874
229876
229877
229878
229884
229885
229890
229891
229892
229894
229898
229899
229907
229908
229911
229913
229915
229916
229918
229921
229922
229925
229926
229927
229928
229932
229934
229939
229943
229944
229945
229948
229950
229952
229953
229954
229960
229963
229965
229967
229970
229971
229972
229977
229978
229980
229983
229987
229993
229994
230000
230002
230005
230009
230014
230016
230019
230022
230027
230030
230032
230035
230038
230039
230041
230042
230044
230046
230047
230052
230054
230056
230058
230059
230061
230063
230064
230066
230069
230070
230073
230076
230077
230078
230079
230080
230083
230090
230096
230103
230104
230106
230109
230111
230118
230119
230120
230130
230131
230133
230134
230136
230138
230139
230142
230143
230146
230147
230150
230153
230160
230167
230170
230175
230176
230180
230181
230185
230189
230192
230196
230199
230203
230204
230205
230206
230207
230212
230216
230219
230220
230223
230224
230225
230227
230228
230230
230233
230236
230238
230241
230242
230245
230249
230250
230255
230258
230262
230265
230266
230271
230274
230280
230281
230282
230290
230292
230293
230296
230302
230304
230306
230308
230310
230311
230315
230317
230319
230320
230321
230323
230330
230331
230333
230340
230345
230352
230353
230356
230361
230364
230365
230366
230367
230369
230371
230372
230373
230374
230376
230380
230381
230382
230383
230387
230388
230392
230397
230400
230402
230405
230408
230409
230415
230417
230418
230420
230422
230424
230425
230427
230429
230430
230434
230435
230436
230438
230440
230441
230442
230444
230445
230448
230450
230451
230452
230453
230454
230455
230458
230459
230461
230464
230466
230470
230475
230476
230477
230478
230480
230481
230483
230485
230488
230490
230492
230493
230494
230498
230501
230503
230504
230505
230508
230512
230513
230514
230519
230520
230521
230526
230534
230535
230536
230537
230539
230540
230544
230546
230551
230552
230554
230557
230559
230560
230564
230566
230567
230578
230579
230580
230584
230585
230588
230594
230598
230599
230604
230605
230606
230607
230610
230611
230614
230616
230617
230619
230620
230623
230625
230635
230637
230639
230642
230644
230651
230653
230654
230655
230657
230658
230659
230662
230663
230664
230666
230667
230672
230675
230684
230686
230688
230689
230691
230693
230694
230696
230707
230712
230714
230716
230717
230718
230719
230722
230723
230729
230731
230735
230737
230738
230739
230741
230742
230751
230752
230758
230759
230781
230782
230786
230790
230793
230797
230798
230800
230801
230802
230807
230808
230809
230810
230813
230818
230820
230824
230828
230833
230835
230838
230839
230840
230841
230843
230850
230851
230852
230853
230855
230857
230862
230868
230870
230876
230884
230885
230886
230887
230890
230895
230896
230899
230900
230903
230907
230908
230911
230913
230914
230921
230922
230924
230925
230931
230933
230934
230936
230938
230940
230941
230942
230946
230951
230952
230953
230954
230958
230959
230962
230968
230969
230975
230976
230978
230980
230981
230983
230984
230985
230987
230989
230991
230993
230994
230995
230997
230998
231000
231003
231004
231006
231007
231009
231011
231012
231016
231020
231022
231024
231031
231034
231036
231038
231041
231042
231043
231044
231046
231047
231050
231051
231061
231063
231066
231067
231071
231072
231073
231074
231080
231081
231085
231091
231092
231093
231094
231095
231098
231099
231102
231106
231107
231108
231111
231118
231119
231121
231123
231124
231127
231128
231133
231134
231136
231139
231141
231145
231149
231154
231160
231163
231166
231168
231169
231170
231172
231173
231174
231176
231179
231182
231185
231187
231190
231192
231193
231196
231198
231201
231202
231204
231205
231210
231211
231212
231213
231217
231218
231220
231221
231222
231230
231234
231235
231236
231238
231241
231242
231243
231244
231245
231247
231250
231252
231255
231257
231260
231262
231264
231265
231266
231267
231269
231272
231273
231276
231279
231280
231285
231287
231288
231290
231294
231297
231298
231299
231300
231302
231303
231305
231306
231308
231312
231315
231317
231318
231319
231321
231322
231327
231330
231334
231336
231337
231338
231340
231341
231342
231349
231350
231354
231357
231363
231364
231368
231369
231371
231372
231373
231378
231380
231387
231388
231389
231391
231393
231394
231395
231396
231398
231400
231401
231402
231403
231405
231406
231409
231410
231411
231413
231414
231416
231418
231420
231421
231423
231426
231427
231429
231431
231432
231433
231435
231436
231437
231439
231440
231441
231442
231443
231445
231446
231448
231449
231451
231452
231454
231456
231459
231462
231463
231465
231467
231473
231474
231479
231481
231482
231483
231484
231486
231488
231489
231491
231492
231493
231496
231504
231505
231506
231510
231512
231513
231515
231517
231521
231524
231532
231536
231537
231538
231539
231540
231541
231542
231543
231546
231547
231548
231549
231555
231563
231572
231573
231575
231577
231580
231586
231587
231588
231590
231591
231595
231600
231601
231603
231606
231607
231608
231609
231617
231620
231625
231626
231627
231628
231635
231637
231641
231643
231648
231651
231653
231656
231658
231661
231662
231663
231668
231670
231672
231673
231674
231675
231678
231680
231683
231685
231686
231690
231692
231694
231695
231702
231704
231705
231709
231712
231713
231719
231720
231722
231723
231725
231726
231729
231730
231731
231732
231733
231734
231736
231738
231739
231740
231743
231747
231753
231755
231759
231760
231761
231763
231767
231769
231770
231772
231774
231777
231784
231785
231788
231789
231790
231791
231792
231795
231796
231798
231800
231801
231802
231805
231806
231807
231809
231810
231812
231813
231817
231819
231822
231828
231829
231830
231831
231834
231836
231838
231840
231841
231842
231843
231853
231855
231857
231859
231861
231865
231867
231870
231876
231877
231879
231883
231885
231888
231894
231896
231900
231908
231911
231912
231913
231915
231916
231917
231918
231920
231924
231926
231929
231933
231936
231939
231940
231941
231942
231943
231945
231946
231947
231948
231954
231955
231956
231960
231966
231967
231969
231970
231971
231973
231975
231976
231980
231984
231986
231988
231998
231999
232000
232003
232005
232009
232011
232019
232021
232029
232031
232032
232038
232042
232044
232046
232052
232053
232055
232058
232065
232066
232068
232070
232075
232079
232081
232084
232085
232086
232087
232091
232093
232097
232099
232100
232102
232103
232107
232112
232113
232117
232121
232122
232123
232126
232127
232129
232130
232132
232135
232139
232140
232141
232142
232144
232145
232146
232147
232150
232153
232156
232159
232160
232163
232166
232168
232169
232170
232172
232174
232175
232179
232184
232190
232196
232198
232200
232205
232207
232209
232210
232212
232213
232214
232218
232221
232222
232223
232224
232225
232226
232228
232231
232236
232237
232240
232245
232247
232248
232249
232252
232254
232255
232256
232258
232259
232260
232262
232263
232264
232265
232269
232270
232273
232274
232275
232276
232277
232281
232283
232284
232286
232290
232291
232292
232296
232297
232298
232299
232301
232307
232310
232311
232312
232315
232317
232318
232319
232320
232321
232323
232325
232327
232328
232331
232335
232338
232341
232342
232346
232347
232354
232357
232358
232359
232364
232370
232372
232376
232379
232380
232381
232382
232384
232386
232387
232389
232391
232392
232397
232401
232403
232406
232411
232412
232414
232416
232418
232422
232423
232425
232427
232428
232430
232431
232434
232438
232439
232440
232442
232444
232447
232448
232450
232455
232456
232466
232469
232470
232472
232473
232475
232476
232480
232487
232488
232489
232491
232492
232493
232495
232498
232503
232505
232506
232508
232509
232511
232513
232514
232519
232522
232524
232526
232527
232528
232529
232542
232544
232547
232549
232556
232557
232558
232560
232561
232564
232565
232570
232573
232576
232581
232582
232587
232593
232594
232595
232596
232599
232601
232605
232606
232609
232611
232613
232614
232615
232619
232624
232628
232629
232630
232632
232633
232635
232636
232640
232641
232643
232644
232649
232650
232655
232656
232657
232664
232665
232666
232668
232669
232670
232673
232674
232675
232679
232680
232683
232685
232686
232689
232698
232699
232701
232703
232710
232711
232713
232720
232721
232722
232723
232724
232726
232729
232731
232733
232736
232739
232740
232741
232743
232744
232746
232749
232751
232752
232753
232754
232755
232759
232761
232762
232766
232767
232772
232773
232777
232779
232780
232783
232784
232786
232791
232794
232802
232805
232806
232809
232810
232811
232812
232813
232816
232818
232819
232820
232822
232823
232824
232825
232830
232833
232836
232837
232839
232841
232842
232846
232848
232849
232850
232852
232853
232855
232857
232859
232862
232864
232865
232866
232868
232870
232871
232874
232875
232876
232880
232886
232887
232888
232889
232890
232891
232892
232894
232895
232898
232900
232902
232909
232911
232913
232917
232920
232921
232922
232923
232926
232927
232929
232930
232931
232932
232934
232938
232940
232943
232944
232946
232947
232952
232953
232954
232961
232964
232965
232971
232972
232974
232976
232978
232980
232982
232984
232985
232991
232993
232994
232998
233001
233002
233005
233009
233010
233012
233013
233014
233023
233025
233027
233030
233031
233033
233035
233039
233043
233044
233045
233047
233049
233053
233061
233068
233076
233077
233079
233084
233085
233086
233091
233092
233097
233100
233102
233103
233105
233106
233108
233113
233117
233118
233119
233120
233127
233128
233129
233132
233134
233135
233137
233138
233140
233141
233142
233148
233150
233151
233158
233159
233165
233166
233167
233169
233170
233174
233178
233180
233183
233189
233196
233204
233207
233215
233216
233217
233218
233220
233221
233222
233223
233224
233225
233226
233228
233230
233234
233235
233236
233240
233243
233246
233251
233253
233259
233261
233263
233265
233267
233271
233275
233276
233281
233282
233283
233284
233294
233295
233296
233297
233300
233301
233305
233306
233309
233311
233314
233315
233321
233322
233323
233325
233328
233331
233334
233338
233339
233342
233347
233350
233355
233358
233365
233366
233371
233373
233376
233386
233391
233392
233399
233404
233406
233407
233411
233412
233415
233417
233420
233421
233423
233428
233430
233431
233435
233437
233439
233442
233443
233444
233446
233447
233450
233452
233455
233459
233460
233464
233465
233480
233482
233483
233485
233488
233493
233494
233497
233501
233506
233511
233513
233517
233521
233526
233530
233533
233540
233542
233544
233546
233547
233550
233555
233556
233557
233561
233570
233574
233576
233577
233580
233581
233583
233591
233593
233595
233596
233599
233600
233601
233602
233604
233608
233609
233610
233612
233616
233617
233619
233625
233626
233628
233632
233634
233635
233640
233655
233656
233658
233662
233664
233666
233667
233670
233677
233678
233679
233682
233686
233688
233692
233693
233696
233698
233701
233706
233707
233708
233709
233710
233711
233712
233713
233714
233716
233719
233727
233729
233737
233745
233750
233751
233752
233758
233759
233761
233764
233766
233767
233769
233770
233771
233772
233773
233775
233776
233777
233778
233779
233780
233782
233783
233784
233786
233793
233794
233795
233796
233801
233802
233803
233804
233805
233806
233811
233812
233815
233816
233818
233820
233823
233825
233826
233827
233830
233834
233842
233846
233848
233854
233857
233860
233865
233868
233876
233877
233879
233883
233884
233888
233891
233892
233894
233895
233896
233898
233899
233901
233903
233905
233909
233911
233912
233914
233917
233922
233923
233924
233929
233934
233936
233938
233939
233942
233944
233946
233947
233952
233961
233966
233969
233970
233972
233976
233981
233985
233986
233987
233988
233991
233994
233995
233996
233999
234002
234004
234005
234007
234008
234010
234011
234014
234015
234017
234018
234022
234023
234027
234030
234033
234035
234038
234040
234043
234048
234049
234050
234053
234054
234056
234057
234063
234066
234067
234068
234071
234072
234073
234076
234083
234084
234089
234091
234092
234094
234095
234101
234102
234104
234106
234107
234113
234117
234118
234119
234121
234122
234125
234126
234128
234132
234134
234135
234136
234137
234140
234142
234145
234146
234147
234148
234149
234150
234151
234153
234155
234156
234160
234163
234164
234165
234166
234174
234177
234179
234181
234182
234183
234184
234189
234190
234191
234192
234195
234196
234197
234198
234199
234202
234205
234206
234209
234211
234213
234215
234216
234217
234218
234220
234224
234226
234227
234232
234234
234237
234239
234240
234244
234251
234252
234254
234255
234256
234257
234258
234262
234263
234267
234269
234270
234275
234276
234281
234286
234288
234294
234296
234298
234299
234309
234312
234314
234315
234319
234320
234324
234328
234329
234333
234337
234338
234342
234344
234345
234346
234347
234348
234349
234352
234353
234354
234359
234360
234364
234365
234367
234370
234372
234374
234379
234381
234382
234385
234386
234389
234390
234391
234395
234397
234400
234402
234403
234405
234409
234411
234412
234414
234415
234417
234419
234420
234421
234424
234427
234428
234429
234430
234431
234432
234434
234437
234441
234442
234443
234444
234447
234449
234451
234456
234457
234460
234462
234463
234465
234469
234471
234472
234479
234481
234482
234487
234489
234494
234498
234500
234501
234502
234505
234506
234507
234512
234514
234515
234518
234520
234521
234525
234526
234527
234529
234535
234541
234542
234543
234544
234545
234550
234552
234553
234556
234557
234559
234560
234567
234569
234572
234573
234574
234575
234577
234579
234582
234583
234584
234586
234588
234590
234594
234595
234597
234599
234601
234602
234603
234604
234607
234608
234610
234611
234613
234614
234615
234619
234620
234622
234625
234630
234633
234634
234635
234636
234637
234642
234643
234644
234645
234646
234651
234653
234656
234660
234663
234670
234671
234679
234683
234684
234686
234687
234691
234692
234693
234694
234695
234703
234705
234706
234707
234709
234711
234720
234722
234723
234726
234728
234736
234739
234740
234744
234745
234746
234749
234751
234752
234754
234761
234762
234763
234765
234767
234769
234777
234778
234780
234782
234785
234787
234788
234792
234796
234797
234798
234799
234802
234806
234808
234809
234812
234814
234815
234818
234820
234823
234824
234826
234827
234828
234829
234832
234833
234834
234835
234836
234840
234842
234844
234846
234847
234849
234854
234858
234860
234861
234864
234867
234868
234870
234872
234875
234877
234879
234881
234883
234884
234885
234887
234889
234892
234894
234900
234901
234902
234903
234905
234908
234909
234913
234916
234917
234920
234921
234928
234930
234934
234937
234938
234940
234941
234943
234944
234946
234947
234949
234954
234965
234966
234969
234972
234973
234975
234977
234982
234989
234992
234994
234997
235000
235004
235006
235007
235011
235012
235013
235014
235021
235025
235031
235035
235037
235038
235039
235047
235051
235052
235053
235061
235065
235067
235068
235069
235073
235074
235076
235077
235078
235079
235082
235083
235086
235094
235095
235102
235109
235112
235116
235118
235119
235121
235122
235133
235136
235137
235140
235146
235147
235151
235156
235158
235159
235162
235166
235167
235169
235171
235173
235174
235175
235176
235178
235179
235184
235186
235187
235188
235190
235199
235202
235206
235209
235210
235211
235216
235222
235224
235227
235229
235234
235238
235239
235242
235245
235248
235250
235252
235255
235260
235261
235265
235266
235267
235268
235270
235271
235274
235275
235276
235278
235280
235281
235285
235290
235291
235294
235302
235318
235322
235330
235337
235344
235346
235348
235351
235352
235353
235355
235357
235358
235359
235361
235364
235366
235372
235377
235382
235386
235388
235390
235391
235394
235399
235400
235401
235402
235403
235405
235408
235410
235411
235412
235413
235414
235417
235423
235424
235425
235426
235430
235431
235436
235438
235440
235444
235445
235446
235448
235451
235456
235457
235458
235460
235468
235469
235471
235472
235476
235477
235478
235479
235486
235490
235495
235499
235501
235503
235506
235507
235509
235510
235512
235513
235514
235515
235516
235517
235521
235522
235524
235527
235534
235536
235538
235540
235543
235545
235547
235548
235556
235557
235560
235563
235569
235571
235576
235577
235584
235587
235591
235601
235603
235606
235607
235608
235609
235613
235616
235620
235623
235630
235633
235634
235637
235639
235640
235641
235643
235644
235645
235646
235654
235657
235659
235661
235662
235663
235664
235670
235671
235673
235674
235679
235681
235682
235684
235686
235687
235688
235689
235692
235696
235699
235702
235703
235705
235707
235711
235712
235717
235718
235725
235727
235729
235733
235735
235736
235738
235741
235742
235743
235748
235750
235753
235755
235762
235767
235768
235771
235772
235774
235775
235776
235779
235781
235782
235783
235784
235785
235787
235789
235796
235798
235799
235800
235801
235803
235805
235807
235809
235810
235814
235815
235816
235820
235821
235824
235826
235829
235833
235834
235839
235840
235843
235844
235845
235849
235850
235853
235854
235857
235859
235860
235864
235865
235866
235872
235875
235876
235878
235880
235882
235884
235887
235893
235894
235896
235901
235902
235903
235904
235907
235911
235913
235915
235919
235921
235922
235924
235929
235937
235939
235942
235943
235945
235948
235949
235952
235954
235956
235957
235959
235960
235966
235971
235972
235973
235974
235975
235976
235978
235983
235984
235989
235990
235991
235992
235994
235995
235997
235998
236002
236004
236006
236010
236012
236014
236015
236017
236018
236019
236022
236025
236031
236034
236035
236037
236038
236039
236041
236042
236043
236044
236045
236046
236047
236048
236049
236054
236055
236056
236057
236058
236062
236065
236067
236077
236083
236086
236089
236092
236094
236096
236098
236099
236101
236102
236107
236110
236112
236113
236117
236119
236122
236123
236124
236129
236133
236136
236139
236140
236142
236144
236151
236152
236158
236159
236162
236164
236166
236167
236172
236174
236180
236182
236183
236184
236186
236188
236192
236194
236195
236197
236199
236201
236203
236204
236209
236214
236215
236216
236219
236220
236221
236222
236224
236226
236231
236233
236234
236237
236239
236241
236243
236244
236252
236253
236254
236256
236260
236261
236266
236268
236272
236274
236275
236276
236280
236298
236302
236307
236308
236309
236310
236311
236312
236314
236315
236316
236317
236319
236324
236327
236329
236331
236337
236338
236342
236343
236344
236346
236348
236350
236354
236357
236358
236359
236363
236365
236368
236370
236371
236381
236382
236385
236389
236392
236393
236397
236398
236401
236403
236409
236415
236416
236418
236421
236422
236423
236424
236427
236430
236435
236436
236442
236447
236452
236453
236461
236465
236466
236468
236470
236471
236478
236483
236484
236488
236491
236492
236493
236496
236499
236501
236504
236506
236509
236511
236512
236517
236518
236522
236523
236532
236534
236535
236537
236541
236543
236544
236545
236549
236550
236552
236553
236558
236560
236563
236564
236565
236571
236572
236580
236582
236583
236584
236585
236586
236590
236598
236600
236602
236604
236605
236610
236613
236615
236620
236622
236625
236630
236631
236632
236634
236635
236636
236637
236640
236644
236648
236649
236650
236651
236653
236657
236658
236662
236663
236671
236672
236675
236676
236679
236680
236681
236684
236685
236686
236688
236692
236693
236697
236701
236702
236705
236708
236712
236713
236714
236717
236721
236725
236726
236727
236728
236731
236733
236752
236753
236755
236763
236766
236769
236772
236773
236775
236776
236783
236784
236785
236793
236798
236799
236803
236805
236806
236807
236808
236809
236814
236818
236819
236822
236827
236832
236835
236836
236839
236841
236844
236848
236850
236852
236855
236856
236863
236867
236869
236871
236877
236879
236880
236882
236883
236887
236888
236889
236892
236894
236898
236900
236902
236903
236909
236910
236911
236912
236913
236914
236918
236919
236920
236922
236925
236926
236931
236933
236938
236939
236941
236942
236944
236946
236947
236951
236952
236954
236955
236957
236964
236966
236967
236968
236972
236973
236976
236977
236979
236982
236983
236986
236987
236988
236993
236995
237000
237005
237006
237007
237015
237021
237022
237026
237027
237029
237031
237034
237039
237040
237041
237042
237044
237046
237048
237050
237053
237055
237056
237060
237061
237064
237065
237069
237074
237077
237079
237081
237085
237087
237088
237089
237094
237095
237097
237100
237102
237106
237107
237114
237115
237117
237119
237120
237121
237124
237126
237127
237129
237137
237138
237143
237144
237147
237149
237151
237154
237157
237160
237165
237167
237169
237171
237172
237173
237181
237184
237185
237187
237190
237191
237192
237194
237196
237200
237205
237211
237213
237217
237220
237222
237232
237233
237236
237241
237245
237246
237251
237255
237256
237257
237258
237260
237261
237263
237264
237266
237268
237272
237275
237279
237280
237281
237283
237295
237296
237297
237298
237302
237305
237306
237307
237311
237318
237319
237320
237324
237327
237329
237333
237334
237335
237336
237338
237339
237340
237342
237345
237346
237347
237350
237352
237353
237356
237357
237359
237362
237365
237368
237369
237372
237374
237375
237376
237377
237380
237381
237386
237389
237391
237392
237394
237397
237398
237400
237401
237402
237403
237404
237406
237407
237408
237411
237412
237413
237415
237417
237418
237423
237426
237428
237430
237432
237434
237444
237451
237455
237457
237459
237462
237465
237467
237468
237470
237475
237478
237480
237483
237487
237489
237490
237491
237492
237494
237495
237498
237500
237513
237519
237521
237524
237526
237528
237530
237539
237543
237545
237546
237548
237552
237553
237555
237557
237559
237560
237564
237565
237566
237568
237569
237575
237576
237580
237583
237584
237587
237588
237590
237593
237594
237596
237598
237604
237609
237612
237615
237616
237617
237619
237623
237624
237625
237627
237628
237629
237633
237635
237636
237638
237639
237640
237641
237642
237648
237649
237650
237651
237653
237654
237655
237663
237664
237674
237677
237682
237683
237684
237685
237687
237688
237690
237691
237695
237700
237701
237702
237705
237709
237711
237712
237714
237715
237718
237719
237721
237724
237725
237729
237732
237733
237736
237739
237744
237747
237748
237749
237751
237754
237756
237757
237768
237770
237772
237773
237774
237775
237779
237780
237788
237794
237796
237798
237801
237802
237803
237804
237806
237809
237813
237817
237821
237822
237823
237828
237830
237831
237832
237835
237838
237840
237841
237842
237851
237852
237856
237860
237861
237865
237866
237867
237869
237871
237880
237881
237882
237885
237888
237889
237891
237895
237898
237899
237900
237903
237904
237906
237909
237910
237912
237914
237915
237916
237918
237919
237922
237923
237925
237926
237927
237929
237932
237933
237937
237940
237942
237946
237947
237950
237952
237956
237957
237958
237959
237961
237964
237966
237970
237971
237976
237980
237981
237982
237983
237985
237986
237993
237996
237998
237999
238004
238008
238009
238011
238014
238019
238021
238023
238024
238027
238029
238032
238034
238035
238037
238038
238042
238045
238048
238049
238050
238052
238054
238058
238060
238064
238066
238068
238073
238075
238076
238078
238079
238080
238081
238082
238085
238087
238090
238093
238094
238101
238104
238106
238108
238109
238110
238112
238116
238117
238120
238121
238126
238130
238138
238140
238141
238144
238147
238152
238153
238158
238160
238163
238164
238165
238166
238168
238169
238170
238171
238172
238175
238178
238182
238183
238186
238189
238190
238197
238199
238202
238204
238206
238207
238209
238210
238212
238216
238217
238218
238221
238226
238227
238228
238232
238234
238235
238236
238237
238238
238239
238240
238241
238246
238250
238252
238255
238260
238261
238265
238267
238269
238273
238274
238278
238279
238281
238283
238287
238290
238294
238298
238299
238302
238304
238306
238308
238310
238316
238318
238322
238326
238330
238331
238334
238335
238337
238338
238340
238348
238349
238350
238352
238354
238357
238364
238368
238370
238374
238375
238376
238378
238384
238385
238386
238389
238392
238393
238397
238398
238405
238407
238408
238413
238415
238420
238421
238423
238442
238445
238448
238449
238450
238451
238455
238456
238461
238464
238469
238470
238471
238472
238476
238482
238484
238486
238488
238489
238490
238492
238493
238496
238497
238498
238499
238504
238510
238515
238516
238517
238518
238519
238521
238532
238538
238540
238541
238542
238548
238550
238556
238558
238561
238565
238573
238577
238578
238581
238588
238590
238595
238600
238601
238602
238604
238606
238609
238615
238618
238619
238621
238622
238623
238625
238629
238633
238634
238635
238636
238638
238639
238642
238643
238647
238653
238654
238660
238665
238670
238671
238672
238673
238676
238677
238680
238681
238693
238695
238696
238697
238698
238701
238703
238706
238707
238710
238712
238713
238714
238716
238721
238726
238728
238729
238732
238733
238736
238737
238740
238742
238743
238751
238756
238760
238763
238766
238769
238777
238783
238785
238788
238797
238799
238809
238813
238823
238826
238830
238831
238833
238835
238838
238845
238846
238848
238849
238850
238851
238853
238856
238862
238864
238868
238872
238875
238876
238877
238878
238879
238880
238882
238886
238887
238889
238892
238898
238899
238901
238903
238911
238916
238917
238918
238920
238921
238922
238925
238929
238932
238936
238937
238938
238939
238944
238947
238948
238951
238953
238955
238956
238957
238961
238962
238965
238969
238977
238985
238987
238992
238993
238994
238996
239003
239008
239010
239013
239016
239018
239019
239021
239023
239028
239029
239030
239031
239036
239037
239039
239042
239043
239049
239051
239053
239056
239059
239061
239065
239067
239073
239076
239077
239080
239082
239083
239087
239089
239092
239097
239099
239100
239101
239103
239106
239107
239110
239111
239113
239114
239115
239116
239123
239124
239127
239130
239132
239133
239136
239144
239145
239150
239155
239157
239164
239166
239169
239170
239173
239175
239178
239179
239181
239182
239184
239185
239186
239189
239190
239192
239194
239196
239197
239199
239202
239209
239210
239212
239213
239214
239217
239219
239221
239222
239223
239224
239226
239231
239237
239252
239255
239256
239262
239263
239266
239267
239271
239277
239278
239284
239285
239287
239289
239290
239294
239295
239296
239302
239306
239307
239308
239309
239313
239319
239320
239321
239324
239327
239332
239333
239335
239339
239341
239347
239348
239352
239354
239355
239357
239362
239363
239364
239366
239369
239371
239373
239377
239380
239382
239387
239388
239392
239393
239398
239402
239405
239406
239407
239408
239409
239411
239416
239417
239419
239425
239428
239430
239432
239434
239437
239441
239442
239445
239446
239448
239450
239451
239452
239453
239457
239463
239465
239469
239471
239473
239476
239479
239482
239487
239491
239496
239498
239509
239510
239511
239513
239515
239520
239523
239527
239531
239532
239534
239535
239536
239540
239541
239545
239546
239547
239556
239559
239561
239563
239565
239566
239571
239573
239576
239577
239581
239583
239587
239588
239589
239590
239594
239598
239602
239604
239606
239607
239608
239611
239612
239613
239614
239616
239617
239619
239621
239624
239626
239627
239631
239634
239635
239636
239638
239645
239650
239651
239652
239656
239658
239660
239663
239666
239667
239668
239669
239671
239674
239675
239676
239682
239685
239687
239688
239690
239699
239702
239703
239709
239711
239712
239713
239714
239715
239716
239719
239725
239726
239728
239729
239734
239735
239736
239738
239742
239743
239745
239746
239750
239753
239758
239759
239764
239765
239771
239772
239776
239778
239779
239780
239788
239789
239790
239791
239793
239799
239802
239805
239808
239811
239812
239814
239816
239821
239822
239824
239826
239829
239834
239835
239838
239841
239843
239848
239850
239852
239853
239854
239856
239857
239859
239866
239869
239874
239875
239878
239882
239883
239885
239887
239895
239896
239898
239900
239901
239902
239905
239908
239910
239913
239915
239918
239919
239920
239936
239937
239940
239944
239945
239947
239951
239953
239954
239957
239958
239960
239962
239965
239966
239968
239970
239973
239978
239982
239983
239986
239989
239990
239993
239996
239997
239999
240001
240003
240004
240005
240013
240014
240018
240022
240032
240037
240038
240040
240043
240044
240046
240047
240048
240050
240052
240054
240055
240056
240059
240062
240064
240065
240068
240069
240070
240072
240076
240077
240079
240080
240086
240091
240094
240096
240098
240100
240101
240102
240103
240106
240107
240109
240110
240111
240113
240115
240123
240125
240126
240127
240129
240131
240136
240137
240138
240144
240145
240147
240152
240157
240158
240159
240161
240165
240167
240169
240171
240173
240175
240176
240180
240182
240187
240188
240189
240191
240192
240194
240196
240204
240206
240213
240216
240217
240219
240222
240232
240233
240235
240237
240241
240242
240247
240248
240249
240250
240256
240260
240263
240265
240274
240280
240283
240288
240289
240292
240295
240300
240301
240302
240303
240306
240307
240308
240309
240312
240315
240318
240326
240329
240331
240332
240333
240336
240337
240339
240340
240341
240344
240345
240348
240352
240353
240354
240356
240365
240373
240375
240379
240381
240382
240385
240387
240388
240389
240393
240394
240397
240398
240400
240403
240406
240407
240411
240413
240415
240416
240418
240419
240420
240421
240423
240425
240427
240432
240435
240437
240438
240440
240441
240443
240444
240446
240448
240450
240454
240455
240458
240459
240462
240466
240468
240472
240475
240476
240480
240482
240486
240488
240490
240491
240497
240501
240502
240503
240504
240507
240509
240510
240514
240515
240516
240517
240519
240521
240523
240524
240525
240530
240533
240535
240536
240538
240541
240550
240552
240553
240555
240558
240561
240563
240565
240566
240567
240573
240574
240576
240577
240578
240581
240582
240584
240587
240588
240590
240592
240594
240595
240598
240600
240601
240603
240604
240608
240609
240610
240611
240613
240615
240617
240618
240623
240627
240630
240631
240633
240637
240638
240639
240642
240643
240646
240648
240649
240655
240656
240662
240664
240665
240671
240672
240674
240677
240678
240680
240684
240686
240687
240689
240691
240692
240693
240695
240696
240698
240700
240701
240702
240705
240707
240708
240711
240712
240713
240715
240721
240722
240724
240728
240729
240730
240731
240733
240734
240736
240737
240745
240746
240747
240749
240750
240751
240755
240756
240758
240759
240763
240764
240766
240767
240771
240775
240780
240784
240785
240787
240788
240789
240792
240794
240795
240799
240806
240807
240809
240810
240811
240815
240816
240817
240819
240823
240825
240826
240831
240838
240840
240842
240845
240847
240849
240851
240852
240854
240856
240863
240865
240869
240872
240873
240875
240877
240878
240882
240883
240885
240886
240887
240889
240890
240897
240899
240902
240904
240905
240907
240908
240910
240911
240912
240913
240914
240915
240918
240919
240921
240923
240927
240929
240933
240939
240942
240943
240946
240948
240950
240951
240952
240953
240956
240959
240960
240965
240968
240971
240975
240977
240978
240979
240980
240983
240985
240989
240990
240994
240995
240996
240998
241000
241003
241007
241009
241010
241014
241015
241020
241021
241025
241026
241027
241029
241031
241033
241038
241039
241048
241049
241050
241052
241053
241055
241059
241061
241065
241066
241067
241068
241070
241074
241075
241076
241077
241078
241079
241081
241083
241084
241085
241087
241089
241095
241100
241102
241104
241111
241114
241115
241117
241118
241122
241123
241125
241127
241131
241135
241137
241138
241142
241143
241144
241146
241147
241150
241151
241155
241156
241169
241172
241173
241175
241178
241179
241185
241189
241191
241195
241201
241204
241206
241208
241210
241211
241212
241215
241216
241217
241218
241226
241227
241237
241238
241242
241243
241250
241254
241257
241258
241259
241276
241277
241282
241284
241285
241286
241288
241293
241294
241297
241298
241299
241304
241305
241306
241307
241308
241310
241312
241314
241315
241319
241322
241323
241324
241325
241331
241333
241337
241338
241343
241344
241346
241347
241348
241351
241353
241356
241359
241360
241364
241365
241370
241371
241377
241379
241380
241381
241384
241388
241389
241396
241400
241402
241405
241411
241413
241417
241424
241430
241432
241438
241440
241442
241444
241449
241451
241452
241456
241458
241459
241460
241461
241462
241464
241465
241467
241468
241473
241474
241475
241476
241477
241482
241485
241486
241489
241493
241498
241501
241502
241504
241511
241513
241515
241516
241517
241518
241520
241521
241522
241524
241526
241528
241531
241536
241539
241546
241547
241550
241552
241554
241565
241568
241570
241573
241577
241579
241583
241586
241587
241589
241591
241592
241593
241595
241597
241598
241599
241600
241604
241608
241614
241616
241622
241623
241625
241626
241627
241628
241629
241630
241632
241633
241638
241644
241646
241648
241650
241652
241654
241656
241657
241658
241659
241661
241662
241664
241666
241667
241668
241671
241675
241676
241677
241678
241679
241680
241682
241683
241685
241687
241690
241691
241692
241693
241695
241701
241702
241704
241705
241706
241707
241711
241715
241717
241718
241719
241720
241725
241728
241730
241733
241734
241737
241744
241748
241752
241755
241756
241758
241760
241766
241768
241769
241778
241779
241792
241793
241794
241795
241799
241801
241802
241803
241804
241805
241808
241814
241819
241820
241821
241823
241827
241835
241839
241840
241842
241844
241845
241847
241848
241851
241852
241853
241854
241855
241860
241862
241871
241881
241883
241887
241891
241893
241894
241897
241899
241901
241903
241905
241913
241914
241917
241918
241919
241923
241932
241934
241936
241940
241941
241942
241943
241948
241949
241954
241955
241956
241958
241962
241965
241966
241968
241978
241979
241980
241982
241984
241986
241987
241988
241992
241997
241998
242002
242003
242008
242009
242011
242013
242016
242019
242020
242023
242025
242031
242034
242036
242039
242040
242043
242046
242047
242049
242050
242051
242056
242057
242058
242059
242061
242064
242066
242068
242069
242072
242075
242077
242079
242083
242086
242087
242091
242095
242099
242100
242101
242105
242108
242112
242114
242119
242120
242125
242129
242131
242139
242140
242146
242149
242154
242156
242157
242158
242159
242160
242161
242166
242169
242170
242172
242175
242179
242180
242181
242182
242185
242186
242189
242190
242195
242197
242199
242200
242203
242204
242205
242207
242212
242214
242217
242218
242219
242220
242228
242231
242240
242244
242246
242247
242251
242253
242256
242259
242261
242266
242267
242268
242269
242270
242276
242280
242283
242285
242286
242287
242289
242290
242295
242297
242300
242302
242303
242306
242309
242310
242313
242314
242316
242319
242321
242322
242323
242326
242329
242334
242335
242336
242338
242340
242341
242343
242347
242349
242356
242358
242359
242362
242363
242367
242368
242370
242373
242376
242377
242379
242381
242387
242389
242391
242395
242397
242399
242402
242406
242407
242408
242409
242411
242412
242421
242423
242425
242428
242430
242431
242433
242435
242437
242438
242440
242444
242447
242448
242453
242455
242458
242459
242460
242463
242465
242466
242468
242470
242471
242476
242477
242478
242479
242480
242481
242482
242483
242487
242491
242493
242496
242497
242500
242502
242505
242506
242507
242511
242513
242514
242515
242518
242519
242520
242521
242525
242532
242535
242537
242541
242542
242546
242551
242555
242556
242559
242563
242567
242568
242569
242571
242572
242573
242577
242581
242582
242585
242588
242591
242592
242594
242606
242609
242611
242620
242627
242629
242630
242633
242634
242638
242642
242645
242646
242647
242653
242654
242655
242660
242661
242662
242663
242664
242668
242670
242671
242672
242674
242676
242680
242682
242685
242690
242691
242694
242704
242706
242707
242709
242710
242711
242712
242716
242718
242719
242721
242723
242730
242731
242736
242738
242742
242743
242746
242750
242752
242754
242755
242757
242761
242762
242763
242765
242770
242772
242773
242774
242775
242778
242783
242784
242787
242788
242789
242791
242792
242793
242794
242796
242797
242799
242800
242804
242810
242813
242815
242817
242818
242819
242821
242822
242825
242826
242831
242838
242840
242843
242845
242846
242847
242852
242858
242861
242862
242864
242865
242866
242868
242869
242870
242872
242873
242875
242877
242881
242885
242886
242888
242890
242894
242897
242899
242902
242903
242904
242905
242907
242909
242910
242913
242914
242915
242919
242920
242922
242927
242931
242933
242944
242951
242956
242962
242963
242966
242972
242974
242978
242980
242981
242982
242987
242991
242993
242995
242996
242997
242999
243002
243007
243009
243013
243016
243020
243027
243028
243030
243037
243039
243042
243043
243044
243047
243048
243052
243053
243054
243056
243058
243059
243060
243064
243067
243070
243071
243072
243073
243079
243080
243081
243082
243086
243089
243090
243096
243097
243098
243100
243104
243107
243108
243111
243115
243117
243119
243120
243121
243124
243126
243128
243129
243130
243135
243136
243138
243139
243140
243141
243142
243145
243152
243154
243159
243160
243162
243163
243167
243168
243172
243176
243177
243179
243181
243185
243191
243193
243195
243197
243203
243204
243206
243209
243211
243213
243215
243217
243230
243231
243234
243237
243238
243241
243245
243247
243248
243255
243256
243257
243266
243267
243274
243276
243279
243280
243282
243286
243290
243291
243294
243297
243299
243301
243306
243307
243309
243312
243313
243316
243317
243318
243319
243323
243326
243327
243330
243332
243333
243335
243336
243338
243340
243342
243343
243345
243346
243348
243350
243351
243355
243357
243361
243364
243366
243368
243370
243374
243377
243379
243383
243384
243385
243390
243393
243395
243400
243401
243404
243406
243407
243408
243411
243414
243417
243421
243422
243425
243428
243429
243431
243433
243435
243441
243449
243450
243451
243452
243455
243462
243465
243472
243473
243474
243476
243483
243484
243487
243490
243491
243493
243495
243496
243500
243501
243512
243515
243519
243521
243532
243533
243536
243537
243538
243539
243545
243548
243560
243561
243567
243569
243570
243571
243575
243579
243580
243583
243594
243598
243601
243602
243603
243605
243606
243613
243614
243615
243618
243621
243624
243627
243634
243638
243639
243640
243647
243648
243651
243654
243659
243662
243664
243665
243667
243668
243669
243670
243674
243675
243677
243686
243687
243695
243696
243698
243699
243701
243703
243704
243705
243706
243708
243711
243712
243713
243717
243720
243723
243725
243726
243729
243732
243735
243738
243742
243747
243749
243750
243751
243757
243758
243761
243765
243766
243767
243768
243771
243772
243773
243774
243775
243776
243785
243793
243795
243798
243799
243805
243808
243810
243813
243817
243822
243829
243833
243834
243835
243844
243846
243848
243849
243854
243855
243856
243860
243861
243863
243867
243868
243869
243872
243874
243875
243876
243877
243879
243880
243881
243882
243884
243890
243892
243893
243894
243905
243906
243908
243909
243914
243915
243918
243922
243931
243934
243938
243943
243948
243949
243953
243955
243958
243961
243964
243965
243966
243967
243972
243974
243975
243977
243978
243979
243984
243990
243992
243993
243996
244000
244001
244003
244005
244006
244008
244012
244015
244016
244017
244018
244029
244030
244033
244037
244038
244039
244040
244044
244047
244049
244050
244054
244056
244057
244059
244061
244064
244066
244067
244070
244079
244082
244085
244086
244089
244091
244092
244095
244097
244101
244102
244105
244106
244109
244110
244117
244120
244121
244122
244131
244135
244139
244140
244151
244155
244158
244160
244161
244165
244170
244173
244175
244177
244184
244185
244188
244189
244190
244193
244195
244197
244200
244205
244208
244209
244210
244211
244212
244215
244217
244218
244222
244230
244231
244234
244235
244238
244239
244243
244244
244245
244247
244250
244254
244255
244259
244262
244264
244265
244270
244274
244279
244283
244285
244286
244288
244292
244295
244296
244297
244298
244300
244301
244302
244303
244304
244306
244308
244309
244311
244313
244314
244315
244316
244318
244320
244322
244327
244329
244333
244340
244341
244343
244349
244350
244352
244353
244355
244356
244357
244361
244362
244368
244372
244385
244386
244387
244389
244391
244392
244395
244398
244399
244401
244402
244403
244404
244405
244406
244407
244408
244411
244413
244416
244417
244418
244420
244423
244425
244427
244433
244436
244437
244439
244440
244441
244443
244445
244446
244448
244450
244452
244454
244455
244459
244464
244465
244466
244467
244468
244469
244471
244473
244474
244480
244482
244483
244485
244486
244488
244494
244496
244497
244498
244500
244509
244512
244514
244518
244521
244526
244527
244530
244534
244540
244542
244549
244551
244556
244561
244562
244567
244570
244571
244573
244574
244575
244577
244581
244584
244587
244588
244589
244592
244599
244600
244601
244603
244605
244606
244608
244610
244614
244617
244619
244620
244625
244626
244630
244631
244636
244637
244638
244640
244641
244644
244646
244647
244649
244650
244653
244655
244657
244658
244662
244663
244665
244669
244670
244671
244673
244674
244680
244681
244683
244689
244693
244694
244698
244701
244702
244710
244713
244714
244715
244718
244719
244723
244725
244726
244727
244728
244729
244730
244735
244737
244740
244745
244747
244750
244752
244754
244756
244758
244759
244760
244763
244764
244765
244766
244771
244774
244775
244780
244781
244783
244787
244788
244791
244800
244802
244803
244804
244805
244806
244807
244808
244809
244810
244812
244817
244818
244819
244820
244825
244826
244827
244832
244837
244839
244844
244847
244849
244850
244854
244857
244861
244863
244864
244867
244868
244870
244871
244873
244874
244878
244883
244888
244890
244892
244896
244897
244902
244903
244907
244909
244910
244911
244914
244916
244917
244918
244919
244924
244925
244927
244928
244932
244938
244939
244940
244941
244942
244943
244944
244950
244951
244957
244961
244964
244966
244967
244969
244970
244976
244978
244979
244982
244983
244984
244997
245002
245003
245004
245008
245009
245012
245013
245015
245017
245020
245021
245023
245025
245026
245032
245035
245038
245043
245045
245046
245047
245055
245056
245059
245060
245067
245068
245070
245071
245072
245076
245077
245079
245080
245081
245083
245084
245088
245089
245094
245099
245101
245102
245107
245108
245109
245110
245111
245114
245115
245118
245120
245130
245133
245134
245135
245136
245137
245139
245143
245147
245148
245150
245152
245155
245156
245158
245159
245160
245161
245167
245169
245170
245171
245174
245175
245177
245178
245182
245183
245185
245186
245187
245192
245194
245195
245197
245198
245199
245204
245206
245207
245208
245209
245211
245214
245220
245221
245224
245225
245230
245231
245232
245233
245243
245244
245245
245248
245250
245252
245253
245254
245255
245256
245259
245264
245265
245267
245269
245270
245271
245273
245279
245281
245288
245289
245290
245291
245292
245293
245296
245297
245302
245303
245305
245307
245308
245309
245313
245314
245315
245316
245318
245319
245321
245323
245324
245326
245327
245328
245329
245334
245336
245343
245345
245346
245347
245349
245351
245352
245354
245358
245359
245361
245363
245364
245365
245368
245370
245373
245375
245379
245385
245386
245388
245389
245394
245395
245396
245397
245398
245400
245402
245404
245405
245407
245413
245416
245417
245418
245421
245424
245425
245431
245438
245440
245442
245444
245446
245449
245451
245452
245461
245464
245466
245467
245471
245473
245476
245477
245480
245483
245486
245488
245489
245491
245492
245493
245494
245495
245497
245499
245500
245504
245505
245507
245509
245511
245513
245514
245515
245516
245521
245525
245531
245532
245534
245535
245537
245539
245547
245548
245550
245551
245552
245553
245554
245555
245556
245557
245558
245560
245562
245564
245567
245569
245573
245576
245577
245583
245584
245589
245590
245591
245594
245596
245604
245605
245612
245613
245614
245617
245622
245623
245624
245629
245634
245637
245643
245648
245650
245651
245652
245653
245655
245656
245659
245662
245663
245664
245666
245668
245669
245670
245673
245675
245679
245685
245687
245692
245693
245701
245702
245705
245708
245710
245712
245713
245720
245721
245723
245725
245726
245728
245729
245732
245738
245741
245742
245743
245748
245749
245751
245754
245756
245759
245762
245768
245770
245771
245773
245774
245778
245780
245781
245789
245792
245795
245797
245798
245800
245801
245808
245809
245811
245812
245815
245818
245819
245820
245824
245826
245827
245829
245836
245838
245839
245842
245848
245849
245852
245855
245856
245859
245861
245867
245871
245877
245878
245879
245882
245886
245887
245888
245889
245890
245893
245898
245905
245907
245913
245914
245915
245924
245925
245927
245929
245931
245940
245941
245942
245943
245945
245947
245951
245954
245956
245959
245961
245962
245965
245966
245969
245970
245971
245973
245983
245985
245989
245992
245994
245995
245996
245997
246003
246006
246008
246010
246017
246018
246025
246028
246030
246032
246033
246035
246039
246043
246047
246049
246055
246059
246060
246062
246063
246072
246076
246077
246078
246079
246083
246085
246091
246092
246093
246095
246099
246100
246104
246109
246113
246114
246119
246122
246123
246126
246127
246130
246132
246137
246138
246140
246141
246144
246145
246147
246148
246149
246151
246152
246154
246155
246159
246160
246161
246164
246171
246172
246174
246176
246180
246182
246184
246185
246189
246191
246193
246195
246196
246197
246199
246201
246203
246205
246209
246210
246217
246218
246219
246222
246224
246225
246229
246231
246232
246235
246240
246243
246250
246251
246253
246254
246258
246261
246263
246266
246267
246268
246270
246276
246278
246279
246281
246286
246287
246289
246290
246292
246293
246294
246296
246297
246298
246299
246300
246303
246304
246306
246310
246311
246312
246314
246317
246319
246321
246322
246323
246327
246328
246329
246340
246341
246346
246351
246352
246354
246358
246360
246361
246364
246366
246367
246368
246371
246387
246388
246390
246392
246393
246395
246396
246398
246402
246405
246406
246407
246408
246422
246423
246424
246426
246428
246429
246430
246435
246436
246438
246440
246441
246442
246443
246444
246445
246452
246454
246456
246460
246461
246468
246469
246473
246474
246476
246479
246483
246484
246485
246488
246489
246490
246492
246502
246504
246513
246516
246519
246525
246526
246527
246530
246531
246535
246537
246538
246543
246544
246545
246550
246552
246554
246555
246559
246560
246563
246565
246571
246575
246577
246578
246579
246582
246585
246586
246589
246591
246592
246598
246600
246602
246603
246611
246612
246613
246614
246620
246621
246627
246629
246634
246638
246641
246643
246645
246648
246649
246652
246653
246654
246655
246656
246659
246660
246663
246664
246666
246668
246669
246673
246685
246687
246689
246691
246693
246694
246700
246703
246704
246705
246706
246707
246708
246710
246711
246716
246719
246726
246727
246729
246730
246733
246738
246741
246742
246746
246748
246754
246759
246762
246764
246766
246769
246770
246773
246776
246779
246781
246787
246788
246789
246793
246795
246797
246800
246801
246802
246803
246810
246811
246812
246813
246818
246820
246821
246824
246825
246826
246827
246828
246829
246831
246832
246833
246834
246836
246840
246841
246854
246858
246859
246863
246865
246867
246868
246870
246872
246873
246876
246878
246882
246884
246887
246889
246893
246894
246898
246903
246905
246909
246915
246917
246918
246919
246920
246921
246922
246926
246927
246928
246931
246935
246939
246940
246941
246950
246951
246952
246957
246960
246964
246965
246967
246968
246971
246972
246973
246974
246975
246976
246981
246984
246985
246986
246994
246995
246998
247000
247003
247005
247006
247007
247008
247009
247011
247012
247021
247023
247024
247025
247026
247027
247030
247031
247033
247035
247036
247040
247041
247045
247046
247048
247049
247050
247051
247052
247053
247054
247057
247061
247062
247069
247070
247075
247079
247080
247082
247083
247085
247088
247090
247093
247094
247104
247106
247109
247112
247116
247117
247118
247119
247122
247125
247126
247127
247132
247136
247141
247144
247145
247146
247147
247149
247151
247152
247153
247155
247156
247167
247168
247176
247178
247179
247180
247186
247187
247188
247189
247193
247194
247197
247198
247199
247200
247201
247204
247206
247211
247212
247213
247215
247226
247229
247231
247235
247236
247238
247245
247248
247249
247254
247261
247262
247266
247270
247274
247281
247288
247289
247296
247297
247298
247299
247300
247301
247302
247308
247309
247310
247311
247313
247314
247321
247325
247329
247330
247333
247338
247340
247342
247343
247345
247347
247348
247352
247353
247354
247355
247357
247359
247361
247364
247368
247370
247372
247374
247375
247378
247383
247384
247387
247388
247396
247397
247404
247405
247406
247409
247410
247411
247413
247414
247415
247417
247421
247424
247425
247426
247427
247429
247434
247435
247446
247450
247455
247458
247459
247468
247469
247472
247478
247479
247480
247484
247485
247486
247491
247493
247499
247501
247503
247504
247511
247512
247513
247518
247521
247522
247523
247529
247530
247531
247536
247539
247541
247543
247545
247546
247551
247552
247558
247560
247563
247567
247569
247571
247572
247573
247576
247577
247583
247585
247587
247588
247590
247594
247597
247602
247606
247608
247609
247610
247613
247618
247619
247620
247621
247622
247623
247629
247634
247637
247638
247639
247641
247642
247644
247647
247649
247652
247654
247656
247658
247660
247661
247663
247664
247665
247667
247670
247671
247672
247674
247675
247685
247686
247687
247690
247692
247693
247704
247705
247707
247710
247715
247716
247719
247720
247722
247726
247739
247740
247741
247742
247744
247746
247748
247749
247752
247753
247754
247759
247763
247764
247766
247767
247770
247773
247774
247776
247780
247782
247784
247785
247786
247787
247788
247789
247790
247793
247795
247798
247799
247801
247803
247804
247808
247810
247812
247815
247817
247818
247820
247821
247824
247827
247828
247830
247834
247835
247837
247842
247850
247851
247852
247854
247856
247862
247863
247864
247870
247871
247874
247875
247878
247879
247888
247891
247896
247900
247901
247905
247906
247909
247911
247917
247920
247925
247929
247931
247937
247938
247941
247942
247945
247946
247947
247948
247955
247957
247959
247960
247961
247962
247966
247968
247972
247973
247977
247979
247981
247982
247986
247991
247992
247994
247997
247998
248001
248005
248007
248012
248014
248017
248019
248020
248021
248023
248028
248031
248033
248036
248037
248040
248042
248044
248045
248047
248048
248049
248053
248054
248055
248057
248058
248060
248062
248067
248073
248074
248075
248076
248078
248087
248088
248091
248092
248100
248102
248103
248104
248106
248107
248108
248112
248113
248115
248116
248121
248122
248123
248125
248126
248129
248136
248137
248139
248140
248142
248147
248149
248153
248157
248159
248167
248169
248175
248176
248177
248183
248186
248187
248191
248192
248193
248195
248196
248200
248201
248202
248203
248207
248209
248211
248212
248219
248221
248222
248223
248235
248239
248243
248245
248247
248248
248254
248255
248257
248261
248262
248267
248268
248272
248274
248276
248282
248283
248284
248286
248287
248289
248292
248295
248301
248308
248311
248315
248316
248318
248321
248322
248324
248326
248327
248329
248330
248331
248340
248343
248346
248347
248351
248352
248354
248356
248357
248364
248365
248368
248370
248371
248376
248380
248381
248385
248389
248391
248393
248394
248397
248401
248404
248405
248406
248407
248408
248409
248411
248415
248419
248420
248425
248430
248431
248432
248433
248438
248439
248443
248448
248449
248451
248452
248455
248456
248458
248462
248463
248470
248473
248476
248477
248480
248484
248486
248487
248490
248491
248494
248495
248497
248498
248500
248501
248502
248504
248506
248508
248509
248510
248511
248512
248515
248518
248519
248524
248530
248531
248532
248533
248535
248537
248539
248543
248544
248550
248553
248559
248568
248569
248571
248573
248577
248578
248579
248580
248582
248583
248587
248588
248589
248590
248591
248592
248594
248596
248598
248600
248601
248602
248603
248604
248607
248608
248609
248613
248616
248622
248624
248625
248626
248627
248630
248633
248634
248635
248636
248638
248640
248642
248645
248646
248647
248648
248649
248652
248657
248664
248665
248671
248672
248677
248679
248681
248683
248684
248685
248689
248693
248697
248698
248701
248705
248709
248713
248714
248718
248722
248723
248724
248725
248727
248729
248733
248740
248751
248753
248755
248762
248766
248768
248773
248774
248775
248779
248781
248782
248783
248786
248790
248794
248795
248796
248797
248798
248801
248802
248803
248804
248805
248806
248807
248810
248811
248813
248819
248820
248824
248825
248826
248827
248828
248829
248831
248834
248836
248837
248838
248839
248841
248843
248844
248849
248852
248856
248858
248859
248861
248865
248866
248870
248873
248874
248875
248877
248878
248879
248881
248882
248884
248886
248888
248890
248892
248893
248894
248900
248901
248904
248905
248907
248909
248911
248913
248918
248921
248933
248934
248935
248936
248938
248942
248948
248949
248951
248953
248954
248956
248958
248965
248967
248968
248972
248974
248975
248978
248979
248981
248982
248983
248986
248988
248991
248993
248999
249001
249003
249004
249006
249007
249011
249015
249017
249022
249026
249028
249029
249035
249036
249043
249044
249050
249059
249063
249064
249067
249074
249075
249086
249088
249091
249097
249099
249102
249103
249104
249108
249109
249111
249112
249113
249114
249122
249123
249124
249127
249131
249132
249140
249141
249142
249146
249149
249150
249151
249153
249155
249157
249162
249163
249165
249168
249169
249177
249178
249182
249186
249192
249195
249197
249201
249204
249207
249208
249212
249214
249217
249223
249224
249226
249227
249228
249231
249232
249235
249236
249237
249239
249240
249241
249243
249244
249249
249251
249253
249258
249262
249264
249265
249266
249267
249270
249276
249278
249280
249282
249283
249286
249287
249289
249293
249296
249297
249298
249299
249300
249301
249302
249304
249306
249307
249313
249314
249315
249318
249321
249322
249323
249325
249329
249331
249334
249336
249339
249340
249345
249352
249354
249355
249357
249359
249361
249363
249364
249371
249375
249376
249377
249381
249382
249383
249386
249390
249391
249394
249399
249403
249404
249405
249409
249413
249414
249417
249420
249426
249428
249429
249432
249439
249441
249449
249450
249454
249455
249459
249460
249467
249468
249469
249471
249480
249482
249484
249485
249486
249487
249488
249490
249492
249493
249495
249496
249498
249499
249502
249503
249504
249506
249509
249511
249520
249522
249523
249525
249529
249530
249533
249534
249542
249546
249548
249549
249552
249553
249555
249556
249558
249559
249561
249562
249563
249567
249572
249578
249583
249584
249585
249587
249589
249590
249591
249592
249594
249596
249600
249601
249603
249606
249607
249608
249609
249614
249616
249624
249625
249626
249629
249631
249634
249636
249639
249641
249645
249646
249647
249657
249659
249662
249664
249666
249670
249673
249674
249675
249676
249678
249679
249681
249682
249683
249684
249689
249690
249693
249694
249700
249703
249704
249708
249710
249712
249715
249716
249717
249718
249730
249732
249733
249735
249737
249739
249746
249755
249756
249757
249758
249759
249762
249766
249767
249768
249769
249770
249773
249775
249777
249778
249781
249784
249785
249786
249790
249793
249796
249800
249803
249804
249806
249814
249817
249824
249825
249826
249829
249831
249837
249841
249845
249846
249847
249849
249850
249853
249854
249859
249860
249861
249862
249865
249866
249867
249868
249869
249870
249877
249889
249891
249892
249893
249895
249898
249901
249903
249904
249905
249906
249909
249912
249915
249917
249920
249922
249925
249929
249930
249932
249934
249940
249941
249945
249948
249950
249954
249956
249959
249961
249962
249964
249965
249968
249972
249974
249976
249980
249981
249983
249985
249987
249988
249989
249993
249994
249997
249998
249999
250000
250001
250005
250006
250012
250013
250015
250019
250021
250022
250025
250030
250031
250040
250041
250042
250045
250047
250048
250051
250052
250054
250055
250056
250057
250058
250059
250061
250064
250067
250068
250071
250075
250076
250081
250082
250084
250085
250086
250088
250090
250093
250094
250100
250102
250103
250107
250109
250111
250116
250117
250118
250124
250126
250129
250130
250137
250141
250143
250147
250149
250151
250156
250157
250159
250161
250163
250167
250169
250172
250173
250174
250178
250180
250185
250187
250190
250192
250194
250195
250197
250198
250200
250203
250209
250215
250216
250218
250220
250223
250225
250230
250231
250233
250234
250235
250236
250240
250241
250245
250247
250249
250252
250257
250259
250263
250264
250269
250270
250273
250274
250276
250278
250281
250283
250287
250288
250290
250291
250292
250293
250294
250295
250296
250298
250300
250302
250307
250308
250311
250313
250315
250317
250323
250325
250326
250334
250335
250338
250339
250341
250342
250343
250344
250347
250348
250349
250351
250353
250359
250364
250368
250369
250374
250379
250380
250381
250384
250387
250388
250389
250390
250391
250396
250398
250401
250404
250407
250408
250410
250413
250415
250418
250421
250427
250430
250431
250433
250437
250438
250441
250442
250444
250445
250446
250450
250453
250454
250458
250460
250466
250467
250468
250470
250471
250474
250476
250480
250482
250485
250487
250488
250492
250495
250496
250498
250508
250514
250516
250526
250528
250530
250531
250537
250538
250539
250542
250545
250548
250552
250553
250554
250561
250563
250570
250575
250577
250578
250579
250584
250586
250589
250592
250593
250599
250600
250601
250602
250604
250605
250611
250612
250613
250616
250626
250627
250628
250629
250632
250633
250636
250638
250643
250645
250646
250649
250654
250655
250659
250662
250663
250667
250668
250670
250671
250672
250673
250677
250680
250683
250691
250695
250697
250702
250705
250707
250708
250709
250710
250714
250715
250718
250720
250721
250726
250733
250740
250741
250743
250745
250749
250752
250753
250754
250755
250757
250760
250762
250764
250765
250766
250769
250772
250777
250779
250783
250784
250785
250786
250788
250789
250793
250794
250795
250796
250797
250799
250801
250804
250805
250806
250807
250813
250814
250817
250818
250819
250820
250821
250822
250826
250827
250829
250830
250831
250833
250837
250838
250841
250844
250849
250850
250851
250854
250855
250858
250859
250863
250864
250866
250868
250872
250876
250884
250885
250886
250888
250890
250895
250898
250906
250914
250918
250920
250921
250925
250926
250932
250935
250942
250945
250946
250950
250955
250956
250962
250965
250966
250968
250969
250971
250973
250974
250975
250977
250981
250986
250988
250990
250992
250993
250994
250995
250996
250997
250998
251001
251003
251004
251006
251007
251009
251010
251011
251015
251017
251018
251019
251020
251023
251025
251026
251027
251031
251032
251035
251036
251038
251042
251043
251047
251048
251050
251053
251054
251055
251058
251059
251062
251063
251069
251070
251077
251078
251082
251089
251091
251094
251100
251101
251104
251106
251108
251110
251113
251117
251120
251124
251130
251131
251133
251134
251135
251137
251139
251145
251146
251147
251151
251153
251154
251158
251159
251162
251165
251169
251170
251177
251183
251185
251188
251190
251195
251202
251203
251205
251206
251207
251211
251213
251214
251216
251219
251220
251221
251224
251225
251226
251229
251231
251233
251235
251254
251255
251256
251257
251260
251261
251262
251266
251267
251268
251269
251272
251277
251278
251280
251281
251286
251287
251288
251290
251292
251295
251302
251304
251306
251310
251314
251315
251321
251323
251325
251326
251328
251329
251331
251337
251338
251347
251356
251357
251359
251362
251363
251367
251369
251373
251380
251381
251382
251383
251388
251389
251395
251407
251409
251410
251411
251412
251413
251419
251420
251424
251425
251426
251427
251429
251438
251440
251441
251442
251446
251448
251453
251456
251457
251460
251461
251464
251467
251469
251470
251471
251474
251476
251478
251479
251482
251488
251490
251492
251497
251501
251503
251505
251506
251508
251509
251512
251514
251516
251520
251521
251522
251524
251525
251530
251532
251533
251534
251535
251537
251539
251540
251547
251548
251549
251550
251553
251555
251557
251558
251559
251563
251565
251567
251572
251575
251579
251583
251585
251586
251589
251592
251593
251594
251597
251598
251603
251605
251609
251610
251614
251615
251617
251620
251624
251626
251635
251636
251639
251645
251648
251649
251652
251653
251655
251656
251659
251660
251662
251667
251671
251672
251673
251674
251676
251678
251679
251681
251682
251683
251685
251686
251689
251691
251701
251706
251707
251708
251714
251721
251723
251728
251731
251732
251735
251738
251749
251751
251753
251756
251757
251760
251761
251762
251767
251772
251773
251778
251784
251787
251793
251795
251796
251797
251798
251802
251808
251809
251811
251812
251813
251814
251815
251816
251819
251820
251822
251824
251827
251828
251830
251835
251836
251839
251840
251841
251842
251844
251845
251850
251852
251858
251860
251863
251864
251867
251868
251870
251871
251875
251877
251879
251884
251885
251887
251890
251892
251894
251895
251897
251901
251904
251906
251910
251911
251913
251915
251917
251921
251922
251924
251925
251927
251931
251936
251939
251940
251942
251947
251951
251952
251954
251958
251959
251962
251965
251966
251967
251971
251972
251974
251978
251979
251982
251983
251984
251986
251987
251989
251994
251996
251998
251999
252002
252007
252010
252011
252015
252017
252018
252019
252023
252026
252028
252030
252034
252035
252036
252038
252042
252043
252044
252045
252046
252048
252049
252050
252051
252052
252053
252054
252062
252063
252067
252070
252072
252074
252075
252079
252080
252083
252089
252094
252098
252099
252100
252104
252105
252106
252108
252110
252111
252113
252115
252116
252117
252118
252121
252127
252132
252134
252136
252137
252138
252142
252145
252146
252147
252148
252153
252155
252157
252158
252159
252162
252165
252166
252167
252169
252175
252177
252180
252182
252184
252186
252187
252189
252190
252192
252194
252195
252197
252199
252200
252204
252208
252220
252221
252222
252226
252228
252230
252235
252237
252241
252245
252246
252247
252248
252251
252252
252255
252259
252260
252261
252263
252264
252266
252269
252271
252272
252275
252281
252283
252285
252286
252287
252288
252292
252294
252301
252304
252305
252308
252310
252317
252319
252321
252323
252331
252337
252339
252342
252346
252354
252358
252359
252360
252362
252363
252364
252366
252371
252377
252378
252379
252380
252381
252382
252386
252388
252393
252394
252395
252397
252399
252402
252403
252404
252408
252409
252411
252414
252417
252420
252421
252423
252428
252429
252431
252432
252433
252434
252435
252436
252438
252443
252444
252451
252456
252460
252461
252462
252467
252468
252473
252474
252476
252480
252482
252487
252488
252493
252494
252501
252502
252505
252506
252512
252516
252517
252518
252519
252522
252526
252534
252537
252538
252542
252543
252544
252545
252547
252552
252553
252556
252558
252559
252561
252564
252570
252571
252574
252575
252577
252579
252583
252584
252586
252587
252588
252589
252592
252598
252599
252608
252610
252613
252614
252619
252624
252625
252626
252628
252629
252632
252633
252639
252641
252642
252644
252646
252649
252650
252652
252654
252655
252656
252658
252667
252669
252670
252672
252675
252680
252682
252683
252687
252692
252696
252698
252704
252705
252707
252709
252710
252715
252717
252719
252721
252722
252725
252729
252730
252734
252737
252738
252739
252740
252743
252746
252752
252760
252762
252764
252765
252766
252767
252769
252770
252777
252778
252781
252785
252786
252789
252790
252791
252792
252794
252798
252800
252801
252802
252803
252804
252806
252807
252809
252811
252812
252813
252822
252823
252827
252828
252829
252830
252831
252835
252836
252837
252840
252842
252846
252847
252849
252854
252856
252859
252866
252867
252868
252874
252876
252880
252881
252884
252886
252890
252893
252895
252899
252901
252902
252903
252905
252908
252910
252911
252912
252917
252924
252925
252926
252929
252931
252933
252937
252938
252942
252944
252945
252946
252949
252950
252953
252954
252957
252959
252965
252966
252968
252969
252970
252971
252972
252976
252977
252978
252984
252986
252987
252994
252995
252996
252997
253000
253006
253015
253019
253030
253032
253034
253035
253037
253038
253039
253042
253046
253051
253053
253054
253058
253062
253066
253069
253072
253076
253077
253079
253081
253082
253083
253085
253087
253088
253097
253101
253109
253110
253111
253114
253117
253118
253120
253126
253133
253135
253136
253139
253141
253143
253146
253149
253150
253151
253152
253154
253157
253158
253160
253164
253171
253172
253173
253178
253182
253185
253187
253190
253193
253194
253195
253201
253206
253208
253209
253210
253211
253214
253215
253217
253221
253222
253223
253224
253227
253229
253230
253231
253232
253234
253235
253238
253239
253241
253245
253246
253247
253248
253249
253252
253254
253255
253257
253259
253260
253261
253263
253267
253269
253271
253273
253276
253277
253279
253282
253283
253286
253289
253293
253295
253296
253298
253301
253304
253306
253310
253312
253315
253317
253319
253320
253321
253325
253326
253327
253328
253329
253330
253334
253335
253336
253337
253338
253340
253341
253344
253345
253353
253358
253359
253361
253364
253365
253366
253367
253369
253372
253376
253378
253382
253387
253388
253391
253392
253395
253397
253403
253405
253407
253410
253411
253416
253418
253422
253425
253428
253431
253432
253439
253443
253444
253446
253448
253451
253453
253456
253457
253458
253461
253475
253481
253483
253485
253486
253488
253491
253494
253495
253497
253499
253501
253502
253503
253506
253507
253509
253510
253511
253513
253515
253519
253521
253522
253525
253530
253533
253537
253539
253540
253542
253543
253547
253550
253551
253552
253553
253555
253556
253558
253561
253564
253565
253568
253569
253573
253574
253577
253580
253581
253582
253583
253584
253587
253591
253593
253595
253597
253602
253603
253607
253610
253615
253616
253617
253618
253619
253620
253623
253625
253626
253627
253629
253630
253632
253633
253634
253635
253636
253642
253643
253644
253645
253647
253651
253653
253656
253658
253666
253667
253669
253671
253675
253677
253682
253683
253684
253685
253686
253687
253689
253690
253694
253695
253704
253706
253707
253712
253714
253716
253721
253725
253727
253728
253733
253734
253735
253736
253737
253739
253742
253743
253744
253745
253747
253748
253751
253756
253757
253763
253764
253767
253768
253771
253774
253778
253783
253785
253788
253789
253793
253797
253798
253799
253802
253806
253807
253808
253813
253815
253817
253818
253821
253826
253827
253829
253832
253834
253838
253842
253843
253846
253847
253850
253852
253853
253856
253858
253859
253865
253866
253871
253873
253876
253877
253878
253879
253885
253886
253890
253892
253893
253895
253896
253899
253911
253912
253914
253920
253921
253926
253930
253935
253936
253937
253940
253942
253946
253957
253960
253961
253965
253967
253968
253971
253974
253975
253977
253983
253984
253985
253993
253995
254003
254009
254012
254018
254019
254021
254022
254025
254028
254032
254035
254036
254037
254039
254045
254046
254049
254051
254059
254062
254064
254067
254068
254070
254072
254074
254076
254080
254081
254086
254089
254090
254092
254095
254102
254103
254106
254107
254109
254110
254111
254115
254117
254119
254124
254125
254126
254133
254134
254136
254137
254140
254145
254146
254149
254151
254157
254159
254160
254161
254162
254163
254164
254170
254171
254176
254178
254179
254181
254182
254187
254188
254189
254190
254191
254195
254198
254200
254204
254205
254207
254211
254212
254213
254225
254227
254233
254234
254237
254238
254241
254242
254244
254245
254246
254251
254253
254255
254256
254259
254260
254261
254262
254266
254267
254271
254283
254285
254286
254289
254292
254295
254296
254297
254298
254300
254310
254311
254314
254316
254317
254318
254320
254322
254323
254326
254327
254329
254330
254331
254337
254338
254339
254340
254341
254342
254343
254344
254345
254347
254348
254349
254351
254353
254355
254361
254363
254367
254368
254369
254371
254372
254376
254384
254386
254387
254390
254394
254398
254399
254400
254401
254402
254403
254404
254409
254410
254413
254415
254419
254420
254421
254429
254430
254435
254438
254450
254451
254454
254457
254458
254460
254463
254468
254470
254472
254474
254475
254476
254477
254478
254479
254480
254483
254486
254487
254488
254489
254491
254492
254495
254498
254499
254500
254501
254505
254517
254518
254520
254521
254525
254528
254530
254536
254538
254539
254547
254549
254550
254552
254553
254554
254556
254557
254564
254565
254566
254567
254571
254572
254575
254576
254577
254579
254581
254582
254583
254584
254591
254592
254593
254594
254597
254604
254610
254613
254615
254617
254618
254619
254620
254621
254627
254630
254633
254634
254637
254638
254640
254645
254646
254647
254649
254651
254657
254658
254662
254663
254666
254668
254669
254670
254681
254688
254690
254691
254693
254695
254696
254698
254700
254702
254703
254704
254708
254712
254713
254714
254716
254717
254718
254720
254723
254724
254725
254729
254730
254732
254735
254737
254740
254742
254744
254745
254749
254752
254753
254755
254756
254758
254759
254760
254761
254765
254770
254772
254773
254774
254780
254781
254782
254789
254790
254791
254793
254797
254799
254800
254802
254809
254811
254812
254814
254817
254818
254824
254826
254827
254831
254834
254835
254836
254840
254841
254844
254845
254847
254848
254850
254851
254852
254853
254856
254857
254858
254861
254863
254864
254865
254866
254867
254868
254869
254872
254873
254874
254877
254883
254888
254889
254890
254891
254892
254894
254895
254897
254900
254902
254903
254907
254908
254910
254913
254914
254915
254918
254919
254929
254930
254931
254937
254940
254946
254949
254953
254954
254955
254961
254962
254966
254967
254969
254971
254977
254983
254984
254987
254988
254990
254991
254992
254994
254995
254999
255001
255006
255008
255014
255015
255016
255017
255018
255019
255020
255021
255025
255027
255031
255033
255036
255041
255045
255047
255049
255050
255054
255058
255062
255063
255066
255067
255069
255070
255071
255073
255077
255080
255081
255083
255087
255088
255089
255090
255092
255095
255096
255098
255101
255104
255106
255107
255116
255118
255120
255125
255126
255129
255130
255133
255142
255143
255147
255149
255154
255155
255157
255160
255161
255163
255164
255165
255168
255169
255170
255173
255175
255176
255177
255178
255187
255189
255190
255191
255193
255194
255198
255199
255201
255202
255203
255205
255206
255207
255211
255214
255215
255216
255217
255218
255219
255221
255224
255226
255233
255234
255235
255241
255244
255247
255255
255256
255260
255263
255264
255265
255269
255271
255273
255276
255277
255280
255281
255282
255283
255284
255285
255286
255290
255292
255293
255294
255296
255297
255298
255299
255300
255303
255308
255311
255312
255316
255317
255318
255322
255323
255324
255326
255328
255329
255332
255333
255334
255335
255338
255339
255340
255341
255342
255343
255344
255345
255348
255349
255355
255361
255363
255364
255367
255371
255373
255375
255376
255379
255382
255383
255386
255391
255395
255399
255404
255405
255409
255411
255413
255417
255420
255421
255423
255428
255437
255438
255442
255444
255448
255449
255453
255457
255458
255460
255461
255463
255465
255466
255467
255468
255469
255475
255478
255484
255485
255487
255489
255491
255493
255497
255499
255504
255506
255507
255510
255513
255515
255522
255524
255532
255534
255535
255538
255539
255540
255542
255543
255548
255552
255553
255557
255560
255561
255566
255567
255569
255572
255573
255574
255577
255580
255581
255582
255587
255588
255589
255590
255593
255596
255597
255599
255606
255609
255612
255616
255617
255619
255620
255623
255626
255628
255629
255631
255632
255635
255637
255639
255643
255644
255646
255648
255655
255656
255657
255659
255660
255661
255662
255664
255665
255667
255670
255674
255677
255680
255682
255687
255691
255694
255695
255696
255697
255701
255702
255705
255706
255709
255710
255715
255716
255721
255722
255724
255728
255729
255735
255737
255738
255743
255744
255745
255751
255753
255755
255756
255762
255766
255769
255775
255776
255778
255786
255787
255790
255792
255793
255794
255795
255797
255804
255812
255816
255818
255819
255822
255824
255825
255826
255827
255829
255830
255831
255833
255834
255840
255847
255853
255859
255865
255866
255869
255870
255871
255876
255877
255878
255880
255881
255882
255883
255884
255885
255886
255890
255891
255893
255896
255898
255899
255904
255905
255909
255912
255916
255918
255923
255926
255927
255928
255930
255932
255933
255935
255937
255939
255945
255947
255948
255950
255951
255956
255959
255962
255968
255972
255975
255976
255977
255978
255979
255980
255985
255988
255989
255990
255991
255993
256001
256002
256003
256005
256009
256011
256014
256016
256017
256018
256020
256028
256029
256032
256034
256035
256040
256041
256042
256050
256052
256053
256055
256063
256064
256066
256067
256069
256070
256071
256075
256079
256081
256084
256085
256092
256093
256094
256095
256097
256104
256106
256110
256112
256113
256115
256117
256118
256119
256120
256122
256123
256124
256126
256130
256137
256139
256140
256141
256143
256144
256153
256154
256156
256160
256166
256169
256170
256173
256175
256176
256177
256180
256185
256190
256191
256197
256200
256206
256212
256219
256220
256221
256222
256223
256224
256226
256228
256229
256230
256234
256235
256245
256247
256249
256250
256256
256258
256259
256260
256265
256267
256277
256278
256281
256282
256283
256285
256286
256287
256289
256290
256291
256294
256296
256297
256298
256299
256301
256302
256304
256308
256311
256312
256316
256318
256323
256324
256326
256328
256333
256334
256336
256341
256343
256348
256350
256353
256355
256358
256364
256366
256367
256368
256371
256374
256377
256381
256387
256392
256399
256404
256406
256410
256417
256419
256424
256430
256431
256433
256434
256437
256438
256439
256441
256442
256443
256444
256445
256450
256455
256463
256464
256466
256467
256469
256471
256476
256479
256484
256487
256495
256496
256506
256511
256512
256515
256517
256521
256524
256526
256527
256528
256531
256532
256534
256536
256539
256540
256542
256548
256550
256551
256552
256555
256557
256558
256562
256563
256565
256566
256567
256572
256574
256575
256576
256577
256579
256580
256581
256583
256589
256592
256593
256594
256596
256600
256601
256603
256605
256607
256616
256617
256619
256622
256623
256624
256625
256632
256633
256634
256635
256639
256645
256646
256648
256651
256653
256654
256659
256663
256664
256666
256678
256679
256680
256690
256692
256697
256700
256705
256708
256709
256714
256718
256720
256721
256725
256726
256728
256730
256731
256733
256734
256737
256740
256743
256744
256750
256751
256752
256756
256758
256760
256761
256766
256774
256775
256778
256782
256783
256784
256786
256790
256791
256792
256794
256795
256796
256799
256800
256801
256803
256805
256806
256807
256808
256809
256812
256814
256815
256817
256820
256821
256822
256824
256828
256829
256832
256839
256840
256842
256843
256844
256845
256846
256850
256851
256857
256860
256862
256866
256867
256869
256871
256872
256873
256874
256876
256881
256883
256884
256887
256889
256895
256897
256898
256899
256900
256901
256902
256904
256906
256909
256911
256915
256920
256927
256934
256935
256937
256940
256944
256945
256946
256948
256949
256951
256954
256955
256958
256962
256964
256966
256968
256969
256972
256973
256975
256977
256982
256986
256988
256994
256999
257000
257004
257006
257010
257011
257013
257015
257016
257017
257019
257023
257028
257029
257031
257032
257034
257037
257042
257044
257047
257050
257052
257055
257058
257060
257065
257066
257068
257069
257070
257072
257076
257077
257078
257082
257084
257085
257092
257094
257097
257102
257107
257108
257110
257115
257119
257124
257125
257126
257127
257128
257129
257134
257138
257139
257140
257142
257145
257147
257151
257153
257154
257156
257157
257158
257159
257164
257166
257167
257169
257170
257172
257173
257175
257177
257180
257181
257182
257187
257188
257189
257190
257192
257195
257198
257203
257207
257213
257216
257218
257223
257225
257226
257227
257228
257229
257230
257232
257233
257234
257235
257236
257237
257239
257241
257242
257243
257246
257247
257248
257250
257252
257256
257262
257263
257264
257266
257271
257281
257283
257284
257289
257291
257293
257296
257299
257301
257303
257304
257305
257307
257309
257314
257316
257317
257319
257322
257324
257326
257330
257331
257332
257340
257341
257342
257344
257347
257348
257349
257350
257351
257356
257357
257360
257365
257366
257367
257370
257371
257372
257373
257374
257381
257382
257386
257389
257390
257395
257397
257402
257406
257407
257409
257410
257411
257412
257414
257417
257419
257421
257424
257426
257427
257428
257432
257433
257434
257436
257438
257439
257440
257442
257445
257447
257448
257452
257453
257454
257455
257457
257460
257463
257464
257466
257467
257473
257475
257478
257479
257480
257483
257485
257486
257490
257492
257497
257499
257500
257501
257502
257504
257508
257510
257512
257514
257515
257517
257522
257524
257525
257527
257528
257531
257532
257533
257534
257535
257539
257540
257543
257546
257547
257548
257552
257557
257558
257559
257561
257564
257565
257568
257570
257571
257572
257580
257582
257585
257588
257589
257591
257592
257593
257594
257595
257597
257599
257600
257601
257602
257605
257608
257609
257616
257617
257619
257620
257622
257624
257628
257634
257635
257636
257637
257638
257639
257642
257646
257649
257651
257652
257654
257656
257657
257659
257660
257661
257664
257665
257671
257674
257684
257686
257687
257689
257691
257692
257693
257694
257697
257702
257704
257705
257706
257709
257711
257715
257720
257722
257724
257726
257731
257733
257734
257736
257739
257740
257741
257743
257745
257747
257751
257752
257756
257757
257759
257760
257761
257765
257766
257767
257768
257772
257779
257781
257786
257787
257790
257792
257793
257794
257797
257798
257801
257803
257804
257805
257806
257807
257811
257813
257816
257817
257820
257822
257829
257830
257831
257833
257835
257836
257838
257839
257844
257846
257847
257850
257856
257858
257859
257860
257861
257870
257871
257873
257875
257876
257879
257883
257885
257886
257888
257889
257896
257897
257900
257901
257902
257903
257904
257906
257914
257916
257917
257921
257925
257928
257930
257931
257934
257936
257938
257942
257947
257950
257952
257953
257954
257960
257962
257964
257965
257966
257967
257968
257970
257973
257974
257979
257981
257982
257983
257990
257992
257995
257996
258002
258006
258010
258011
258013
258016
258017
258021
258023
258025
258027
258031
258032
258034
258036
258038
258040
258045
258046
258049
258051
258054
258062
258063
258071
258078
258080
258081
258083
258084
258087
258088
258093
258094
258095
258100
258103
258107
258116
258118
258123
258127
258131
258133
258134
258136
258138
258139
258140
258142
258143
258145
258147
258148
258149
258151
258152
258168
258172
258177
258179
258183
258184
258185
258194
258195
258196
258198
258200
258202
258203
258206
258208
258209
258210
258213
258214
258228
258229
258230
258232
258233
258235
258240
258241
258245
258247
258249
258250
258251
258252
258254
258255
258256
258258
258261
258262
258264
258265
258266
258270
258271
258273
258280
258281
258282
258286
258288
258290
258291
258292
258293
258299
258300
258301
258303
258306
258310
258311
258314
258319
258320
258321
258325
258330
258332
258335
258336
258337
258338
258341
258346
258347
258354
258355
258356
258358
258359
258360
258364
258366
258369
258378
258383
258385
258386
258387
258394
258396
258397
258398
258405
258406
258408
258414
258416
258417
258422
258424
258425
258427
258433
258435
258436
258437
258439
258440
258444
258446
258448
258453
258454
258458
258460
258463
258464
258466
258471
258472
258477
258482
258485
258493
258496
258497
258499
258508
258517
258522
258523
258525
258528
258529
258530
258532
258536
258538
258545
258548
258550
258552
258554
258555
258559
258563
258566
258569
258574
258576
258577
258578
258580
258581
258583
258587
258588
258590
258592
258597
258598
258599
258601
258610
258611
258613
258614
258615
258617
258619
258624
258627
258628
258631
258633
258634
258635
258637
258645
258647
258652
258654
258658
258667
258668
258670
258671
258672
258674
258676
258679
258683
258686
258687
258695
258696
258697
258701
258704
258705
258707
258708
258714
258724
258731
258735
258737
258739
258740
258744
258746
258749
258751
258752
258755
258759
258764
258766
258768
258771
258774
258775
258777
258781
258786
258787
258789
258791
258793
258800
258801
258802
258806
258807
258808
258809
258811
258812
258815
258816
258817
258820
258821
258823
258825
258826
258827
258829
258832
258835
258837
258838
258839
258840
258841
258842
258855
258860
258861
258862
258870
258871
258876
258878
258881
258882
258883
258885
258886
258890
258891
258897
258898
258899
258902
258908
258912
258913
258920
258921
258922
258928
258931
258932
258936
258939
258941
258942
258950
258952
258953
258955
258956
258958
258961
258965
258970
258972
258976
258977
258986
258988
258989
258991
258992
258993
258994
258997
258999
259000
259006
259007
259008
259009
259011
259012
259013
259016
259018
259019
259022
259030
259033
259034
259037
259038
259041
259042
259044
259046
259047
259048
259049
259051
259052
259056
259058
259062
259063
259064
259065
259068
259069
259070
259079
259080
259081
259082
259086
259088
259089
259090
259091
259092
259095
259096
259097
259098
259102
259108
259110
259113
259114
259116
259121
259126
259132
259133
259134
259135
259137
259138
259139
259141
259142
259145
259151
259152
259154
259155
259159
259163
259170
259176
259178
259180
259182
259185
259189
259190
259191
259207
259208
259213
259216
259218
259219
259220
259221
259222
259226
259232
259234
259235
259236
259237
259239
259240
259243
259245
259246
259247
259248
259250
259253
259256
259259
259261
259262
259264
259265
259266
259269
259273
259275
259282
259283
259285
259286
259290
259303
259307
259308
259309
259310
259313
259315
259316
259320
259321
259325
259327
259328
259329
259330
259331
259333
259334
259335
259336
259337
259338
259340
259341
259347
259351
259352
259355
259356
259361
259363
259364
259365
259368
259378
259380
259383
259386
259391
259399
259400
259401
259402
259403
259404
259405
259408
259411
259416
259418
259420
259424
259427
259428
259432
259435
259440
259443
259444
259447
259448
259451
259453
259458
259460
259465
259468
259469
259471
259475
259478
259481
259482
259485
259487
259489
259492
259493
259497
259501
259505
259506
259508
259510
259512
259513
259516
259522
259523
259529
259535
259536
259539
259541
259543
259544
259545
259546
259547
259551
259557
259558
259561
259562
259566
259571
259572
259577
259579
259581
259583
259586
259589
259590
259591
259594
259596
259604
259607
259608
259612
259615
259616
259618
259621
259622
259623
259624
259625
259629
259631
259635
259636
259637
259642
259644
259647
259648
259650
259653
259661
259663
259665
259670
259671
259672
259674
259677
259678
259679
259684
259688
259692
259693
259694
259695
259698
259702
259705
259707
259710
259717
259722
259724
259728
259731
259733
259736
259740
259742
259743
259746
259747
259751
259752
259755
259757
259758
259759
259761
259764
259766
259767
259770
259771
259772
259775
259776
259777
259779
259782
259783
259785
259787
259788
259789
259790
259791
259795
259796
259797
259798
259799
259804
259807
259808
259810
259812
259817
259820
259821
259823
259824
259827
259828
259829
259830
259839
259841
259847
259848
259849
259850
259852
259858
259859
259866
259867
259871
259872
259874
259875
259876
259879
259882
259884
259885
259886
259887
259891
259892
259893
259894
259896
259898
259899
259900
259904
259910
259920
259921
259922
259924
259927
259928
259930
259931
259932
259938
259942
259949
259951
259956
259960
259961
259962
259969
259971
259972
259974
259980
259982
259988
259990
259994
259997
259999
260000
260003
260005
260007
260009
260010
260012
260013
260015
260019
260022
260023
260033
260035
260036
260037
260038
260042
260045
260048
260051
260055
260056
260058
260061
260063
260064
260065
260070
260071
260073
260074
260079
260080
260081
260083
260086
260088
260090
260095
260098
260106
260107
260108
260114
260117
260118
260120
260121
260122
260125
260129
260130
260131
260132
260133
260136
260140
260141
260143
260144
260146
260148
260149
260167
260175
260176
260178
260179
260183
260187
260190
260192
260195
260202
260203
260204
260208
260213
260217
260219
260220
260221
260222
260223
260224
260225
260226
260228
260230
260234
260236
260237
260239
260244
260245
260246
260247
260248
260249
260251
260254
260255
260256
260267
260270
260275
260277
260278
260279
260284
260285
260287
260292
260293
260294
260295
260298
260300
260302
260303
260316
260317
260319
260320
260321
260324
260325
260330
260332
260338
260339
260343
260344
260345
260348
260350
260351
260352
260355
260356
260363
260364
260368
260373
260375
260377
260382
260383
260386
260388
260389
260390
260391
260392
260394
260399
260400
260401
260404
260406
260412
260418
260420
260428
260429
260430
260433
260434
260435
260437
260438
260439
260440
260441
260442
260443
260445
260447
260450
260451
260456
260457
260459
260460
260461
260465
260469
260470
260471
260472
260480
260483
260484
260487
260497
260503
260505
260508
260509
260511
260513
260517
260518
260520
260524
260525
260527
260528
260535
260536
260537
260539
260542
260543
260545
260547
260550
260560
260562
260564
260565
260566
260567
260568
260569
260574
260575
260579
260582
260584
260586
260587
260592
260593
260596
260601
260603
260605
260606
260610
260612
260615
260619
260621
260622
260624
260627
260633
260637
260639
260643
260645
260648
260649
260658
260661
260663
260664
260665
260670
260673
260674
260680
260682
260685
260688
260692
260694
260700
260703
260705
260706
260708
260712
260715
260718
260720
260721
260730
260732
260735
260740
260742
260746
260749
260750
260754
260755
260756
260764
260769
260770
260771
260773
260774
260775
260776
260777
260778
260781
260782
260785
260786
260789
260791
260792
260793
260796
260798
260799
260803
260804
260805
260808
260811
260813
260817
260820
260824
260826
260830
260831
260833
260834
260835
260839
260840
260841
260842
260845
260846
260847
260850
260857
260859
260866
260869
260870
260874
260876
260881
260882
260884
260885
260886
260887
260889
260891
260892
260895
260903
260908
260909
260912
260914
260915
260920
260921
260922
260923
260924
260925
260929
260933
260936
260939
260947
260951
260952
260955
260959
260960
260962
260963
260965
260967
260970
260972
260973
260978
260979
260981
260985
260990
260992
260993
260997
260998
261001
261002
261003
261004
261007
261008
261014
261017
261020
261021
261022
261024
261029
261031
261033
261038
261041
261044
261051
261055
261057
261059
261060
261062
261064
261065
261067
261068
261069
261070
261081
261083
261085
261086
261087
261089
261090
261095
261099
261100
261104
261108
261110
261114
261116
261119
261121
261122
261123
261127
261131
261134
261136
261137
261140
261141
261143
261145
261147
261148
261150
261154
261155
261157
261163
261167
261168
261170
261172
261174
261177
261179
261182
261183
261185
261189
261191
261195
261196
261200
261205
261207
261211
261212
261214
261215
261216
261220
261223
261226
261229
261230
261231
261234
261235
261238
261241
261246
261248
261251
261253
261256
261257
261258
261265
261268
261274
261275
261276
261278
261281
261283
261286
261288
261289
261293
261296
261297
261298
261305
261309
261310
261311
261315
261317
261318
261321
261323
261324
261326
261327
261330
261332
261333
261335
261342
261346
261347
261353
261356
261357
261361
261362
261364
261365
261366
261367
261368
261369
261373
261376
261378
261383
261384
261386
261387
261391
261392
261395
261397
261401
261405
261406
261407
261410
261413
261417
261419
261420
261421
261422
261423
261424
261426
261432
261433
261435
261437
261441
261442
261444
261454
261455
261459
261461
261464
261465
261466
261467
261468
261469
261471
261473
261479
261484
261487
261489
261492
261495
261500
261504
261505
261509
261510
261511
261512
261513
261517
261520
261521
261523
261524
261525
261526
261527
261536
261539
261543
261546
261547
261548
261549
261550
261553
261558
261559
261561
261563
261565
261567
261568
261569
261573
261574
261577
261578
261579
261582
261583
261585
261586
261588
261592
261597
261599
261602
261608
261622
261623
261630
261631
261632
261633
261637
261640
261645
261647
261649
261652
261653
261657
261660
261662
261663
261671
261672
261675
261676
261677
261681
261686
261690
261691
261693
261695
261697
261698
261700
261703
261708
261709
261710
261711
261714
261719
261721
261722
261724
261726
261734
261743
261746
261748
261750
261758
261759
261760
261763
261764
261765
261769
261773
261777
261778
261780
261781
261782
261785
261786
261790
261794
261797
261801
261804
261805
261806
261807
261812
261813
261817
261819
261820
261822
261823
261824
261827
261828
261830
261834
261836
261837
261842
261845
261848
261852
261853
261856
261858
261859
261860
261863
261865
261869
261870
261871
261875
261876
261885
261887
261889
261892
261895
261898
261900
261901
261902
261903
261905
261909
261910
261913
261915
261917
261919
261925
261928
261929
261931
261934
261937
261939
261941
261943
261946
261947
261949
261950
261957
261958
261962
261964
261971
261973
261975
261979
261980
261981
261987
261989
261993
261994
261995
262000
262001
262002
262003
262011
262014
262018
262020
262025
262030
262035
262036
262037
262045
262047
262048
262050
262051
262052
262053
262055
262057
262058
262059
262063
262064
262065
262072
262074
262075
262076
262082
262084
262085
262090
262091
262092
262096
262098
262099
262101
262105
262111
262113
262117
262118
262120
262125
262128
262129
262132
262135
262137
262138
262139
262140
262143
262144
262148
262150
262151
262153
262154
262158
262159
262160
262161
262168
262169
262172
262173
262175
262177
262179
262180
262182
262185
262188
262190
262193
262195
262197
262200
262202
262203
262204
262205
262206
262214
262219
262220
262221
262224
262225
262226
262227
262230
262235
262237
262240
262243
262248
262250
262254
262258
262259
262261
262262
262263
262278
262286
262291
262293
262295
262298
262299
262300
262304
262305
262307
262312
262313
262315
262319
262320
262327
262329
262330
262331
262336
262337
262338
262339
262341
262342
262344
262347
262348
262349
262354
262355
262357
262360
262361
262362
262366
262367
262368
262369
262374
262383
262392
262396
262398
262401
262403
262404
262406
262407
262408
262409
262410
262417
262419
262420
262422
262423
262428
262430
262432
262436
262438
262447
262448
262449
262452
262457
262458
262460
262463
262464
262465
262468
262470
262471
262474
262475
262476
262477
262480
262482
262485
262488
262489
262490
262491
262494
262495
262498
262499
262501
262502
262506
262507
262508
262509
262510
262511
262512
262513
262516
262517
262518
262520
262521
262523
262527
262531
262532
262533
262534
262536
262537
262540
262542
262543
262544
262548
262549
262553
262556
262558
262560
262562
262568
262569
262571
262574
262576
262577
262580
262582
262589
262591
262594
262597
262598
262600
262601
262602
262610
262611
262613
262616
262619
262620
262622
262623
262625
262627
262630
262632
262635
262636
262638
262640
262642
262643
262647
262649
262650
262654
262655
262658
262660
262663
262664
262667
262669
262673
262676
262677
262678
262681
262682
262690
262691
262692
262694
262699
262702
262705
262708
262711
262714
262719
262720
262723
262729
262730
262732
262736
262740
262741
262742
262743
262745
262750
262755
262756
262761
262766
262769
262772
262773
262774
262776
262779
262782
262786
262789
262790
262792
262794
262800
262802
262807
262810
262811
262814
262823
262824
262826
262829
262831
262832
262833
262836
262837
262839
262840
262841
262849
262850
262851
262854
262857
262864
262868
262872
262874
262882
262886
262893
262895
262899
262904
262905
262907
262914
262915
262918
262922
262923
262924
262927
262931
262934
262937
262940
262942
262944
262945
262947
262951
262954
262956
262963
262967
262968
262970
262973
262974
262975
262977
262979
262981
262984
262985
262987
262988
262990
262991
262992
262994
262995
262999
263000
263001
263004
263006
263008
263009
263013
263014
263016
263018
263022
263026
263027
263028
263029
263036
263037
263041
263042
263043
263045
263050
263053
263054
263055
263056
263058
263060
263061
263065
263067
263068
263070
263071
263073
263077
263078
263079
263083
263086
263087
263088
263089
263092
263094
263096
263099
263100
263102
263104
263105
263106
263109
263111
263116
263117
263124
263127
263132
263138
263142
263146
263147
263150
263152
263156
263161
263163
263165
263167
263170
263173
263174
263175
263180
263181
263182
263188
263189
263191
263192
263194
263198
263202
263203
263204
263207
263210
263212
263221
263223
263224
263226
263229
263231
263232
263233
263237
263239
263243
263244
263247
263249
263255
263256
263257
263261
263262
263266
263270
263271
263274
263275
263277
263278
263283
263285
263286
263287
263289
263297
263298
263299
263301
263302
263303
263305
263311
263312
263314
263317
263318
263323
263324
263325
263326
263330
263334
263335
263336
263337
263340
263342
263344
263346
263347
263349
263353
263360
263363
263367
263368
263373
263377
263378
263379
263381
263382
263386
263389
263390
263398
263406
263408
263410
263414
263418
263419
263421
263422
263425
263427
263430
263441
263446
263450
263451
263452
263459
263461
263466
263471
263473
263476
263480
263482
263485
263486
263487
263488
263490
263495
263498
263500
263504
263506
263509
263512
263514
263519
263524
263526
263533
263534
263537
263538
263540
263542
263543
263545
263549
263551
263553
263555
263556
263559
263560
263562
263563
263568
263570
263576
263579
263585
263587
263593
263594
263605
263606
263609
263613
263614
263615
263620
263622
263623
263628
263634
263638
263640
263641
263646
263648
263651
263652
263658
263662
263668
263669
263670
263671
263674
263677
263679
263682
263687
263688
263690
263691
263694
263695
263697
263698
263702
263703
263711
263712
263713
263722
263723
263724
263725
263727
263730
263733
263734
263736
263741
263742
263743
263745
263747
263748
263749
263753
263754
263757
263760
263761
263762
263763
263764
263767
263769
263770
263773
263774
263776
263777
263780
263781
263785
263786
263788
263794
263801
263804
263806
263810
263811
263812
263817
263819
263825
263829
263831
263833
263843
263844
263846
263853
263856
263857
263864
263866
263871
263872
263876
263879
263880
263881
263882
263884
263885
263886
263887
263889
263892
263893
263894
263895
263896
263899
263906
263907
263909
263918
263921
263922
263928
263930
263931
263932
263935
263938
263939
263942
263943
263948
263949
263952
263960
263961
263962
263964
263966
263967
263969
263976
263979
263985
263988
263992
263993
263994
263995
263996
263998
264003
264004
264006
264008
264012
264013
264015
264017
264019
264020
264021
264023
264026
264027
264028
264030
264032
264035
264036
264038
264041
264044
264051
264052
264053
264060
264062
264069
264070
264076
264078
264084
264087
264089
264093
264098
264099
264100
264101
264105
264107
264108
264111
264113
264114
264119
264121
264124
264129
264130
264132
264135
264136
264137
264139
264141
264142
264143
264146
264147
264151
264154
264159
264160
264161
264163
264164
264165
264166
264172
264175
264176
264177
264179
264181
264182
264185
264188
264189
264190
264200
264201
264202
264206
264213
264215
264216
264221
264227
264229
264230
264234
264236
264238
264240
264246
264248
264252
264254
264259
264266
264269
264271
264274
264275
264277
264280
264281
264286
264288
264292
264294
264295
264297
264302
264309
264311
264312
264315
264317
264319
264322
264323
264325
264326
264327
264328
264329
264330
264332
264334
264336
264341
264342
264346
264347
264349
264351
264352
264356
264357
264359
264361
264363
264370
264374
264383
264384
264385
264389
264390
264391
264393
264396
264397
264398
264402
264406
264411
264412
264414
264421
264424
264428
264429
264430
264432
264433
264435
264436
264437
264442
264443
264444
264445
264450
264452
264453
264455
264457
264464
264466
264467
264470
264473
264475
264476
264477
264479
264480
264486
264487
264488
264490
264491
264492
264498
264500
264502
264504
264507
264509
264512
264513
264514
264515
264516
264520
264522
264525
264526
264527
264535
264539
264540
264542
264546
264551
264552
264557
264564
264565
264566
264570
264576
264578
264584
264585
264590
264592
264599
264600
264601
264603
264606
264612
264613
264623
264626
264628
264629
264630
264631
264633
264634
264636
264639
264642
264644
264645
264646
264647
264649
264653
264659
264660
264663
264664
264670
264671
264672
264675
264676
264677
264678
264679
264680
264682
264688
264689
264690
264691
264693
264695
264696
264698
264700
264701
264704
264706
264709
264712
264713
264716
264717
264722
264725
264730
264737
264738
264739
264741
264742
264743
264744
264746
264749
264751
264752
264754
264759
264760
264761
264762
264764
264766
264768
264769
264770
264774
264780
264784
264786
264791
264792
264796
264798
264811
264814
264817
264819
264820
264821
264822
264826
264828
264829
264830
264834
264835
264836
264837
264838
264839
264840
264841
264842
264845
264846
264847
264848
264849
264853
264856
264866
264868
264869
264875
264877
264879
264881
264884
264886
264887
264888
264889
264890
264892
264893
264898
264899
264902
264904
264905
264909
264910
264911
264912
264916
264919
264921
264922
264924
264930
264931
264932
264936
264937
264942
264944
264946
264949
264953
264955
264957
264959
264960
264961
264963
264966
264974
264978
264981
264984
264985
264987
264988
264992
265003
265004
265008
265010
265011
265014
265018
265023
265025
265027
265029
265031
265032
265040
265043
265045
265053
265054
265057
265059
265062
265066
265069
265070
265074
265075
265083
265085
265091
265092
265096
265100
265105
265107
265109
265113
265114
265119
265120
265123
265124
265126
265128
265129
265130
265132
265133
265138
265139
265140
265147
265148
265152
265153
265154
265155
265157
265161
265162
265164
265165
265167
265168
265169
265170
265172
265175
265178
265180
265183
265185
265186
265188
265189
265192
265199
265200
265201
265203
265206
265207
265208
265209
265212
265213
265216
265218
265224
265227
265229
265230
265232
265241
265243
265244
265246
265255
265257
265263
265264
265267
265273
265274
265276
265277
265279
265282
265283
265285
265288
265290
265291
265295
265296
265297
265299
265301
265302
265304
265306
265307
265309
265311
265317
265322
265324
265326
265333
265334
265337
265341
265342
265345
265347
265349
265351
265354
265355
265357
265359
265364
265367
265368
265369
265370
265375
265377
265387
265392
265393
265397
265398
265401
265403
265404
265406
265408
265410
265411
265413
265418
265419
265420
265424
265425
265428
265430
265432
265436
265437
265440
265441
265443
265445
265446
265447
265449
265450
265457
265458
265463
265464
265468
265469
265473
265476
265482
265484
265488
265489
265498
265501
265502
265503
265506
265508
265511
265513
265515
265518
265523
265524
265526
265528
265529
265530
265531
265532
265533
265535
265539
265540
265542
265543
265546
265547
265549
265550
265551
265555
265559
265562
265565
265567
265568
265570
265575
265577
265579
265582
265590
265593
265598
265604
265609
265610
265614
265616
265620
265625
265627
265629
265630
265631
265632
265635
265636
265638
265640
265642
265644
265645
265647
265648
265652
265655
265659
265660
265664
265667
265669
265670
265671
265672
265673
265674
265676
265679
265685
265687
265691
265693
265696
265697
265701
265703
265704
265706
265707
265709
265716
265720
265721
265726
265727
265728
265729
265730
265732
265734
265735
265737
265738
265740
265746
265752
265753
265759
265760
265765
265767
265769
265770
265776
265777
265780
265781
265784
265789
265791
265792
265799
265804
265807
265811
265814
265819
265825
265827
265828
265833
265836
265840
265841
265843
265845
265846
265848
265849
265854
265855
265866
265868
265869
265872
265875
265876
265880
265883
265884
265891
265892
265895
265897
265898
265901
265906
265908
265911
265914
265915
265916
265917
265921
265922
265926
265928
265932
265933
265940
265944
265946
265950
265955
265956
265961
265962
265963
265966
265969
265970
265971
265972
265975
265976
265977
265978
265979
265980
265984
265987
265990
265996
266000
266005
266006
266010
266016
266017
266019
266020
266022
266023
266024
266025
266029
266031
266033
266034
266036
266038
266039
266041
266043
266045
266056
266059
266062
266065
266066
266068
266070
266073
266074
266087
266091
266094
266096
266097
266098
266102
266103
266104
266106
266107
266108
266111
266113
266114
266120
266121
266124
266125
266126
266128
266129
266132
266134
266135
266136
266137
266140
266141
266142
266145
266149
266151
266152
266156
266157
266158
266163
266171
266172
266173
266174
266177
266178
266179
266180
266181
266183
266185
266186
266187
266190
266191
266192
266193
266196
266197
266198
266199
266205
266207
266208
266211
266213
266219
266222
266225
266231
266232
266237
266240
266251
266254
266255
266258
266260
266261
266263
266264
266267
266268
266269
266270
266271
266273
266274
266275
266276
266278
266279
266282
266284
266287
266293
266296
266298
266300
266301
266302
266305
266306
266309
266310
266315
266318
266322
266323
266324
266325
266328
266332
266337
266338
266340
266341
266342
266344
266348
266356
266360
266361
266362
266364
266365
266366
266368
266369
266373
266375
266380
266381
266383
266385
266386
266387
266388
266391
266392
266394
266399
266400
266401
266404
266405
266407
266415
266418
266419
266420
266421
266423
266428
266431
266432
266433
266436
266437
266439
266445
266447
266448
266451
266456
266458
266462
266471
266472
266474
266475
266478
266479
266482
266487
266490
266493
266494
266495
266499
266503
266506
266508
266509
266510
266515
266516
266518
266521
266524
266526
266527
266528
266530
266531
266535
266537
266538
266539
266541
266544
266545
266547
266551
266553
266555
266558
266559
266560
266561
266566
266572
266574
266580
266581
266582
266587
266589
266590
266591
266593
266597
266598
266600
266602
266603
266604
266606
266608
266609
266610
266612
266619
266622
266623
266627
266628
266636
266639
266643
266647
266648
266649
266651
266655
266657
266659
266660
266661
266664
266666
266668
266669
266675
266676
266678
266685
266686
266692
266694
266700
266701
266702
266703
266704
266705
266706
266707
266708
266710
266720
266724
266726
266728
266732
266733
266735
266736
266740
266744
266754
266756
266758
266765
266775
266776
266777
266782
266784
266790
266791
266792
266795
266797
266800
266802
266803
266805
266807
266810
266812
266813
266814
266816
266820
266821
266823
266824
266831
266833
266835
266836
266837
266839
266841
266842
266843
266845
266851
266853
266855
266860
266861
266862
266863
266868
266870
266872
266873
266875
266883
266885
266889
266892
266895
266897
266900
266901
266903
266904
266907
266908
266914
266915
266917
266919
266921
266922
266926
266928
266930
266931
266933
266942
266948
266950
266952
266953
266954
266958
266960
266962
266965
266966
266968
266969
266971
266978
266982
266986
266988
266989
266999
267000
267002
267003
267004
267006
267011
267016
267022
267024
267026
267027
267028
267032
267033
267036
267037
267039
267042
267046
267048
267050
267053
267055
267057
267058
267063
267064
267065
267066
267068
267070
267071
267073
267074
267077
267078
267079
267085
267086
267091
267093
267097
267100
267101
267106
267110
267113
267114
267117
267120
267127
267133
267135
267137
267139
267141
267142
267143
267147
267148
267154
267158
267161
267162
267163
267164
267166
267170
267175
267180
267181
267187
267190
267191
267192
267194
267207
267208
267212
267213
267214
267217
267219
267224
267226
267227
267228
267229
267231
267232
267236
267238
267244
267247
267249
267250
267251
267253
267254
267256
267258
267261
267263
267264
267266
267268
267271
267272
267274
267277
267284
267286
267287
267288
267295
267296
267302
267307
267308
267310
267311
267314
267316
267317
267319
267320
267323
267324
267325
267328
267329
267331
267332
267337
267338
267340
267345
267346
267351
267355
267359
267361
267364
267368
267369
267370
267372
267375
267377
267386
267389
267393
267394
267398
267402
267403
267404
267405
267406
267407
267411
267413
267415
267423
267426
267427
267430
267431
267435
267436
267437
267442
267443
267445
267446
267447
267448
267449
267454
267455
267456
267457
267459
267460
267461
267465
267468
267469
267470
267473
267474
267477
267479
267480
267482
267483
267484
267485
267486
267490
267495
267497
267498
267501
267504
267506
267507
267508
267510
267512
267514
267515
267516
267520
267526
267527
267533
267535
267543
267544
267550
267556
267559
267561
267562
267563
267565
267567
267571
267572
267574
267576
267577
267580
267581
267582
267583
267587
267589
267590
267592
267593
267595
267596
267598
267603
267606
267611
267612
267613
267617
267621
267622
267627
267628
267630
267631
267632
267641
267646
267649
267651
267653
267656
267658
267659
267660
267662
267664
267674
267675
267677
267680
267681
267686
267688
267689
267691
267694
267696
267700
267702
267704
267707
267709
267711
267712
267714
267717
267723
267724
267726
267728
267729
267735
267737
267738
267741
267742
267745
267746
267748
267749
267751
267753
267754
267757
267758
267762
267764
267766
267767
267776
267778
267780
267781
267783
267784
267787
267794
267795
267796
267798
267799
267800
267809
267812
267817
267819
267822
267825
267826
267827
267833
267836
267839
267842
267847
267851
267852
267855
267856
267857
267859
267861
267864
267866
267867
267868
267869
267871
267873
267877
267882
267885
267888
267894
267895
267898
267904
267906
267907
267908
267912
267915
267916
267919
267920
267922
267925
267926
267927
267931
267932
267933
267937
267940
267941
267944
267945
267948
267949
267950
267952
267953
267960
267963
267966
267968
267970
267974
267975
267981
267982
267984
267987
267988
267990
267992
268002
268005
268011
268017
268018
268019
268021
268022
268023
268024
268025
268026
268029
268031
268036
268038
268039
268040
268043
268048
268049
268053
268054
268055
268063
268067
268071
268072
268073
268075
268080
268082
268089
268091
268092
268093
268097
268115
268119
268123
268124
268129
268135
268136
268137
268140
268141
268142
268143
268148
268151
268152
268153
268162
268165
268173
268175
268177
268181
268184
268186
268187
268191
268192
268193
268196
268199
268201
268203
268210
268211
268212
268219
268224
268225
268226
268238
268239
268240
268244
268245
268246
268250
268254
268255
268256
268257
268260
268262
268263
268265
268266
268273
268276
268277
268279
268281
268283
268287
268288
268289
268290
268293
268294
268296
268297
268303
268306
268310
268311
268315
268318
268319
268320
268323
268325
268328
268335
268336
268337
268342
268343
268344
268348
268349
268350
268351
268354
268360
268365
268367
268370
268371
268373
268376
268378
268379
268381
268384
268387
268389
268391
268395
268399
268400
268401
268404
268405
268406
268409
268418
268421
268424
268426
268429
268434
268438
268441
268442
268443
268447
268448
268450
268451
268452
268453
268454
268455
268456
268459
268462
268464
268465
268466
268471
268473
268474
268475
268477
268481
268483
268484
268485
268486
268491
268493
268494
268495
268496
268497
268499
268503
268507
268508
268512
268518
268520
268522
268526
268530
268531
268532
268536
268537
268540
268543
268546
268550
268553
268555
268558
268560
268561
268563
268565
268566
268568
268569
268571
268572
268577
268578
268579
268583
268587
268591
268595
268598
268599
268601
268603
268604
268606
268607
268609
268610
268615
268617
268621
268623
268624
268629
268631
268634
268640
268641
268644
268645
268647
268650
268654
268658
268662
268667
268671
268675
268676
268679
268680
268683
268684
268686
268694
268696
268697
268699
268700
268701
268707
268716
268723
268724
268726
268727
268730
268731
268734
268737
268738
268739
268740
268744
268747
268751
268752
268754
268757
268762
268767
268768
268770
268774
268775
268780
268783
268787
268789
268791
268792
268797
268800
268804
268805
268807
268808
268809
268810
268811
268818
268823
268826
268827
268828
268833
268834
268836
268839
268841
268843
268844
268845
268847
268852
268853
268861
268863
268864
268868
268869
268877
268879
268880
268881
268882
268885
268886
268893
268896
268897
268898
268900
268902
268903
268904
268906
268907
268908
268913
268916
268917
268922
268923
268927
268929
268930
268931
268934
268935
268936
268938
268939
268942
268944
268950
268954
268955
268960
268962
268965
268966
268968
268969
268970
268971
268972
268974
268976
268978
268982
268986
268987
268990
268991
268992
268994
268996
269007
269015
269021
269022
269023
269026
269027
269028
269029
269030
269031
269033
269037
269039
269040
269042
269045
269047
269048
269050
269055
269056
269057
269059
269060
269064
269065
269067
269068
269075
269077
269078
269079
269085
269086
269089
269092
269093
269099
269100
269101
269108
269109
269112
269113
269117
269118
269121
269124
269125
269127
269129
269131
269133
269135
269137
269139
269140
269141
269142
269143
269144
269149
269150
269152
269155
269157
269162
269166
269168
269172
269174
269188
269190
269192
269194
269196
269197
269198
269203
269207
269209
269210
269211
269213
269215
269217
269220
269221
269222
269223
269224
269225
269226
269227
269229
269232
269233
269234
269237
269238
269239
269240
269244
269245
269249
269250
269251
269254
269256
269257
269258
269260
269263
269265
269266
269274
269276
269293
269295
269303
269306
269313
269314
269320
269322
269325
269331
269347
269348
269349
269351
269353
269359
269367
269368
269369
269370
269371
269373
269376
269378
269382
269385
269386
269387
269388
269391
269392
269394
269395
269396
269397
269398
269399
269401
269402
269403
269404
269405
269406
269408
269410
269414
269415
269416
269417
269419
269421
269423
269424
269428
269431
269434
269438
269439
269441
269442
269446
269449
269450
269453
269455
269459
269460
269461
269462
269469
269472
269474
269475
269476
269477
269479
269483
269484
269487
269490
269491
269495
269496
269498
269504
269505
269506
269509
269514
269516
269518
269521
269522
269523
269526
269529
269532
269533
269535
269536
269538
269539
269540
269541
269548
269551
269556
269562
269565
269566
269567
269571
269572
269573
269576
269577
269581
269586
269588
269589
269592
269594
269598
269600
269602
269604
269606
269615
269617
269622
269624
269626
269627
269630
269631
269635
269637
269638
269640
269641
269644
269645
269646
269647
269648
269649
269657
269658
269667
269668
269669
269670
269672
269673
269674
269675
269678
269680
269681
269683
269686
269687
269694
269697
269698
269701
269702
269706
269707
269713
269720
269721
269722
269724
269725
269732
269733
269735
269737
269739
269741
269742
269744
269746
269751
269753
269756
269757
269758
269762
269765
269766
269768
269769
269776
269778
269780
269783
269784
269785
269790
269792
269793
269794
269796
269797
269798
269802
269804
269809
269810
269811
269813
269814
269818
269821
269826
269827
269828
269829
269830
269835
269840
269841
269842
269844
269846
269848
269849
269852
269854
269857
269860
269862
269863
269864
269866
269869
269871
269872
269873
269875
269878
269879
269880
269881
269882
269884
269887
269888
269891
269892
269897
269899
269901
269904
269906
269908
269910
269911
269912
269915
269917
269918
269919
269920
269923
269925
269926
269927
269929
269932
269933
269934
269936
269939
269940
269941
269944
269947
269948
269949
269950
269953
269955
269958
269960
269965
269969
269972
269975
269978
269979
269980
269982
269984
269985
269991
269993
269995
270003
270008
270010
270012
270015
270016
270017
270018
270020
270022
270023
270028
270031
270032
270034
270037
270038
270039
270042
270044
270045
270051
270052
270053
270055
270057
270064
270068
270072
270074
270079
270080
270088
270089
270090
270091
270092
270096
270098
270099
270101
270103
270104
270107
270108
270114
270116
270124
270125
270127
270130
270135
270136
270138
270139
270141
270143
270144
270145
270146
270148
270150
270151
270152
270157
270158
270161
270165
270167
270173
270175
270176
270177
270178
270180
270181
270182
270185
270190
270191
270193
270195
270204
270207
270210
270216
270218
270219
270221
270224
270227
270228
270229
270233
270234
270235
270236
270237
270244
270245
270247
270248
270251
270253
270254
270260
270262
270263
270264
270269
270270
270274
270276
270277
270278
270280
270281
270282
270283
270286
270290
270293
270294
270295
270296
270297
270303
270305
270314
270316
270321
270323
270324
270325
270328
270330
270332
270334
270336
270338
270343
270346
270348
270352
270355
270356
270357
270365
270366
270367
270368
270369
270370
270373
270375
270379
270381
270384
270385
270386
270388
270393
270396
270399
270401
270402
270403
270404
270412
270413
270414
270416
270422
270425
270427
270430
270432
270437
270439
270442
270443
270444
270449
270451
270453
270455
270458
270460
270462
270464
270467
270468
270469
270470
270475
270476
270478
270480
270485
270492
270494
270497
270499
270500
270503
270504
270511
270512
270513
270514
270515
270517
270521
270522
270527
270529
270530
270534
270536
270540
270542
270545
270547
270553
270556
270562
270563
270564
270569
270570
270575
270577
270578
270579
270584
270588
270589
270590
270593
270594
270602
270607
270608
270610
270614
270616
270617
270619
270620
270621
270623
270625
270632
270634
270635
270636
270640
270641
270644
270647
270649
270650
270651
270652
270657
270670
270673
270677
270682
270684
270687
270688
270691
270693
270699
270703
270711
270712
270713
270714
270717
270719
270725
270729
270730
270731
270732
270734
270736
270738
270739
270741
270745
270747
270749
270751
270752
270753
270755
270757
270758
270759
270761
270765
270766
270767
270768
270769
270771
270772
270775
270776
270777
270778
270782
270784
270788
270789
270795
270796
270798
270801
270803
270804
270814
270818
270819
270820
270821
270823
270830
270834
270835
270836
270837
270843
270845
270850
270851
270852
270860
270861
270863
270866
270870
270871
270872
270877
270879
270880
270881
270882
270886
270887
270888
270892
270895
270899
270903
270904
270905
270908
270910
270911
270914
270915
270916
270918
270919
270920
270921
270922
270928
270929
270930
270931
270934
270937
270940
270944
270948
270949
270952
270958
270959
270960
270961
270969
270971
270972
270974
270979
270982
270983
270987
270991
270992
270993
270995
270996
270997
271001
271002
271004
271006
271014
271017
271018
271021
271022
271023
271024
271025
271028
271030
271032
271033
271035
271039
271040
271041
271045
271046
271050
271051
271052
271053
271054
271056
271057
271071
271072
271073
271076
271077
271078
271083
271084
271086
271093
271095
271096
271101
271102
271104
271110
271113
271114
271116
271117
271118
271119
271120
271123
271126
271127
271128
271132
271133
271138
271139
271142
271143
271145
271147
271151
271153
271154
271160
271161
271162
271165
271168
271169
271171
271176
271177
271179
271183
271184
271186
271190
271192
271193
271199
271200
271202
271208
271209
271210
271211
271215
271218
271219
271228
271231
271240
271242
271246
271251
271254
271257
271259
271263
271266
271267
271268
271272
271276
271283
271284
271285
271287
271289
271290
271292
271293
271295
271296
271297
271301
271303
271306
271308
271313
271322
271323
271324
271327
271328
271332
271333
271335
271337
271339
271340
271341
271342
271345
271347
271351
271357
271359
271362
271363
271365
271366
271372
271374
271378
271384
271388
271389
271393
271396
271400
271401
271404
271406
271409
271412
271416
271418
271419
271420
271423
271425
271427
271428
271429
271435
271439
271441
271442
271446
271453
271458
271459
271462
271463
271468
271470
271471
271473
271474
271477
271479
271480
271481
271482
271483
271484
271485
271487
271491
271492
271495
271498
271500
271504
271506
271508
271511
271512
271517
271520
271524
271527
271530
271531
271538
271539
271541
271542
271544
271545
271547
271549
271554
271559
271561
271562
271563
271566
271567
271570
271572
271577
271579
271584
271585
271586
271588
271590
271593
271599
271600
271603
271606
271612
271619
271620
271625
271629
271630
271633
271635
271636
271637
271641
271644
271646
271649
271650
271654
271655
271659
271662
271663
271664
271665
271666
271668
271674
271676
271677
271680
271682
271683
271684
271685
271686
271687
271691
271692
271696
271697
271698
271699
271703
271704
271705
271710
271712
271714
271715
271716
271717
271721
271725
271728
271729
271731
271736
271739
271742
271743
271744
271746
271747
271748
271750
271751
271752
271756
271761
271763
271765
271772
271773
271776
271778
271780
271783
271785
271786
271788
271791
271793
271794
271795
271798
271799
271800
271801
271810
271815
271816
271819
271822
271824
271826
271827
271828
271830
271836
271843
271845
271846
271848
271849
271850
271853
271859
271863
271866
271869
271871
271878
271883
271884
271885
271887
271889
271894
271896
271900
271905
271906
271907
271912
271914
271915
271917
271920
271923
271926
271929
271932
271935
271937
271938
271940
271941
271945
271949
271950
271955
271957
271960
271964
271966
271968
271969
271970
271974
271976
271980
271986
271993
271998
272001
272003
272004
272008
272013
272018
272021
272029
272030
272031
272035
272036
272038
272039
272042
272043
272046
272048
272051
272052
272053
272054
272060
272062
272063
272067
272068
272070
272072
272073
272074
272077
272080
272083
272085
272086
272088
272089
272091
272092
272094
272096
272102
272103
272104
272105
272106
272107
272108
272110
272114
272115
272118
272122
272124
272126
272127
272128
272130
272131
272136
272139
272140
272144
272149
272152
272154
272156
272157
272159
272160
272168
272174
272175
272176
272179
272180
272188
272190
272192
272199
272204
272206
272211
272214
272216
272220
272221
272223
272224
272225
272226
272229
272233
272234
272236
272240
272242
272244
272245
272250
272251
272258
272259
272262
272263
272265
272266
272268
272271
272272
272273
272274
272275
272276
272278
272279
272280
272283
272287
272291
272294
272296
272297
272298
272301
272302
272305
272307
272308
272311
272316
272322
272325
272328
272332
272333
272334
272339
272343
272344
272347
272348
272352
272353
272355
272356
272358
272364
272365
272366
272369
272374
272376
272377
272380
272390
272395
272401
272402
272403
272408
272410
272411
272413
272414
272420
272421
272423
272424
272425
272427
272429
272432
272434
272435
272437
272442
272444
272445
272447
272453
272454
272462
272471
272472
272474
272475
272478
272480
272483
272485
272486
272487
272503
272505
272511
272512
272514
272515
272521
272523
272525
272529
272537
272539
272545
272546
272552
272553
272557
272561
272566
272567
272568
272570
272571
272572
272573
272574
272576
272580
272586
272587
272588
272590
272596
272599
272601
272604
272605
272607
272609
272610
272611
272612
272613
272614
272616
272617
272619
272621
272623
272625
272627
272628
272632
272633
272634
272637
272639
272640
272642
272648
272649
272650
272651
272652
272655
272656
272660
272665
272666
272668
272669
272670
272671
272676
272689
272693
272694
272695
272697
272700
272701
272705
272710
272714
272716
272717
272718
272722
272726
272727
272729
272730
272731
272733
272734
272735
272736
272741
272745
272746
272747
272749
272750
272752
272753
272754
272755
272756
272764
272766
272770
272771
272772
272774
272780
272781
272783
272786
272787
272792
272795
272796
272797
272798
272799
272800
272801
272802
272804
272806
272808
272813
272814
272818
272819
272820
272824
272826
272828
272829
272830
272831
272834
272836
272838
272840
272841
272843
272845
272848
272853
272854
272855
272859
272861
272863
272864
272866
272867
272868
272869
272871
272872
272876
272877
272878
272879
272880
272881
272884
272891
272893
272897
272900
272901
272903
272904
272906
272907
272908
272909
272914
272915
272922
272925
272933
272935
272936
272937
272938
272940
272941
272945
272946
272947
272950
272952
272954
272960
272961
272962
272968
272970
272971
272973
272974
272976
272977
272978
272980
272981
272983
272984
272985
272986
272987
272988
272989
272993
272994
272996
272998
272999
273000
273004
273005
273007
273009
273011
273014
273016
273025
273026
273028
273036
273037
273039
273046
273048
273051
273053
273054
273056
273063
273068
273071
273072
273074
273075
273080
273081
273082
273087
273088
273089
273092
273093
273095
273098
273099
273101
273102
273103
273106
273107
273109
273110
273112
273113
273115
273116
273121
273122
273123
273127
273130
273132
273133
273135
273140
273142
273144
273147
273148
273151
273156
273158
273160
273161
273163
273164
273165
273169
273172
273173
273176
273177
273182
273187
273189
273191
273192
273193
273195
273197
273199
273201
273203
273204
273206
273207
273208
273210
273211
273215
273216
273217
273218
273219
273220
273225
273226
273227
273232
273242
273247
273248
273251
273252
273254
273255
273259
273260
273261
273262
273264
273265
273268
273269
273271
273272
273274
273275
273277
273280
273282
273283
273285
273287
273288
273294
273295
273296
273297
273299
273301
273310
273312
273313
273317
273319
273321
273325
273328
273329
273330
273332
273334
273335
273340
273342
273344
273347
273348
273350
273351
273352
273354
273356
273359
273362
273364
273365
273369
273373
273377
273378
273379
273383
273386
273390
273392
273393
273396
273397
273400
273402
273403
273404
273416
273418
273419
273422
273424
273425
273426
273427
273428
273429
273430
273431
273432
273433
273434
273435
273439
273441
273442
273443
273444
273448
273451
273452
273462
273465
273471
273473
273483
273485
273487
273490
273497
273498
273499
273500
273501
273502
273503
273504
273507
273512
273513
273515
273518
273519
273521
273523
273525
273526
273527
273536
273543
273546
273547
273548
273549
273551
273552
273553
273556
273560
273561
273563
273566
273570
273571
273574
273575
273576
273580
273581
273582
273584
273585
273593
273597
273600
273603
273605
273606
273609
273617
273621
273625
273627
273628
273629
273630
273632
273634
273635
273636
273637
273638
273639
273640
273641
273644
273646
273650
273656
273659
273660
273661
273663
273665
273667
273668
273669
273670
273671
273675
273683
273686
273687
273689
273691
273693
273696
273699
273701
273702
273704
273705
273708
273713
273714
273715
273721
273723
273727
273728
273729
273730
273732
273733
273734
273735
273736
273737
273738
273739
273741
273745
273746
273753
273754
273758
273764
273765
273767
273770
273771
273772
273774
273775
273776
273777
273779
273780
273781
273782
273789
273790
273792
273794
273795
273804
273805
273806
273815
273816
273819
273820
273821
273826
273829
273832
273833
273839
273845
273846
273847
273850
273851
273857
273860
273863
273865
273866
273871
273873
273878
273883
273886
273890
273891
273894
273895
273899
273906
273907
273908
273909
273910
273911
273912
273922
273925
273927
273932
273935
273936
273937
273939
273940
273942
273943
273946
273947
273953
273955
273958
273959
273967
273972
273976
273979
273981
273982
273983
273984
273987
273990
273993
273997
274005
274006
274007
274008
274009
274010
274012
274015
274017
274018
274022
274023
274024
274025
274026
274028
274031
274034
274036
274037
274038
274039
274043
274045
274046
274049
274056
274057
274062
274065
274066
274070
274071
274073
274075
274076
274077
274078
274081
274082
274083
274084
274085
274086
274087
274089
274091
274092
274093
274094
274096
274098
274101
274102
274103
274104
274108
274109
274110
274113
274116
274118
274122
274124
274125
274129
274132
274134
274137
274140
274141
274144
274147
274149
274151
274153
274156
274157
274159
274160
274161
274165
274166
274173
274174
274178
274183
274185
274188
274189
274191
274192
274195
274199
274200
274202
274206
274213
274215
274217
274218
274221
274224
274231
274232
274234
274235
274237
274239
274242
274243
274244
274253
274265
274266
274267
274270
274272
274275
274276
274278
274279
274280
274281
274285
274286
274287
274290
274291
274292
274293
274294
274298
274299
274301
274306
274307
274309
274311
274313
274314
274315
274316
274318
274319
274322
274323
274324
274326
274329
274330
274331
274334
274336
274337
274342
274343
274350
274351
274363
274367
274368
274370
274371
274372
274377
274378
274379
274380
274382
274383
274396
274398
274399
274404
274405
274408
274409
274410
274412
274413
274414
274415
274418
274422
274424
274425
274427
274431
274433
274436
274441
274446
274447
274450
274451
274453
274461
274463
274465
274466
274467
274473
274475
274477
274480
274482
274484
274485
274486
274487
274493
274494
274501
274507
274509
274511
274512
274514
274516
274517
274524
274529
274530
274531
274532
274533
274534
274535
274536
274537
274540
274543
274553
274556
274557
274561
274562
274563
274564
274565
274566
274569
274577
274580
274582
274585
274589
274592
274593
274598
274601
274603
274606
274607
274610
274613
274614
274615
274620
274621
274629
274630
274633
274635
274640
274643
274649
274654
274655
274656
274657
274659
274662
274665
274666
274667
274669
274674
274677
274682
274683
274684
274685
274687
274688
274698
274703
274704
274706
274707
274709
274714
274716
274723
274724
274732
274738
274746
274749
274758
274759
274760
274762
274763
274767
274771
274774
274775
274778
274781
274782
274783
274784
274787
274790
274792
274795
274796
274798
274799
274801
274802
274804
274806
274807
274810
274813
274814
274817
274819
274823
274824
274830
274833
274834
274835
274837
274838
274839
274841
274845
274848
274850
274851
274854
274855
274856
274858
274860
274861
274863
274866
274868
274870
274871
274872
274873
274877
274878
274879
274883
274884
274890
274891
274894
274895
274898
274903
274905
274906
274911
274912
274913
274914
274916
274918
274923
274924
274929
274931
274932
274933
274935
274936
274938
274941
274942
274943
274944
274948
274949
274955
274959
274960
274961
274969
274971
274977
274979
274980
274986
274990
274993
274997
274998
274999
275000
275002
275004
275006
275008
275009
275011
275013
275015
275018
275023
275024
275031
275032
275037
275038
275042
275046
275047
275050
275051
275052
275056
275058
275059
275065
275068
275069
275070
275071
275078
275086
275090
275091
275092
275098
275101
275103
275104
275105
275106
275110
275114
275117
275119
275122
275123
275124
275127
275128
275130
275133
275135
275137
275139
275141
275142
275144
275147
275149
275150
275153
275155
275161
275162
275163
275166
275168
275169
275176
275177
275179
275182
275183
275184
275186
275187
275190
275191
275192
275194
275198
275199
275200
275201
275203
275204
275207
275209
275213
275215
275220
275226
275227
275235
275238
275239
275240
275241
275242
275245
275248
275251
275253
275254
275261
275265
275268
275269
275270
275271
275272
275273
275277
275283
275285
275287
275292
275293
275295
275296
275300
275303
275304
275305
275308
275314
275315
275316
275317
275319
275320
275321
275323
275325
275327
275331
275332
275336
275338
275339
275344
275345
275348
275350
275358
275359
275360
275361
275364
275366
275367
275370
275371
275372
275373
275375
275377
275378
275381
275385
275386
275388
275392
275398
275399
275400
275401
275402
275403
275404
275405
275410
275411
275413
275416
275420
275422
275424
275426
275428
275431
275432
275434
275435
275437
275439
275441
275442
275443
275447
275456
275457
275458
275460
275461
275464
275465
275468
275469
275471
275472
275476
275478
275479
275481
275483
275485
275487
275490
275491
275496
275497
275499
275503
275505
275507
275513
275514
275515
275516
275519
275520
275521
275522
275523
275525
275526
275527
275528
275534
275535
275537
275538
275542
275544
275545
275546
275548
275549
275550
275557
275559
275565
275568
275569
275570
275571
275582
275587
275590
275592
275593
275594
275595
275598
275599
275600
275611
275613
275615
275616
275617
275618
275622
275625
275632
275635
275636
275639
275640
275642
275648
275649
275651
275653
275657
275663
275664
275665
275666
275669
275670
275676
275678
275679
275688
275689
275694
275695
275698
275700
275703
275704
275706
275712
275714
275716
275717
275718
275719
275723
275726
275730
275733
275737
275740
275741
275744
275746
275747
275749
275750
275751
275759
275760
275761
275762
275765
275767
275771
275774
275778
275780
275784
275786
275787
275789
275791
275792
275793
275795
275797
275800
275801
275802
275803
275806
275814
275818
275820
275822
275824
275828
275829
275831
275832
275834
275835
275838
275840
275841
275842
275843
275845
275846
275847
275849
275859
275860
275861
275863
275865
275869
275871
275873
275880
275884
275892
275897
275898
275899
275900
275901
275902
275904
275906
275907
275908
275909
275912
275915
275916
275918
275923
275924
275928
275930
275936
275939
275940
275941
275945
275946
275949
275950
275951
275954
275955
275957
275960
275967
275968
275969
275971
275972
275975
275977
275979
275980
275988
275990
275992
275996
275997
275999
276000
276004
276010
276012
276014
276015
276016
276018
276019
276021
276022
276024
276027
276029
276031
276032
276035
276040
276041
276043
276045
276054
276058
276061
276062
276063
276064
276065
276067
276069
276077
276079
276080
276082
276083
276085
276093
276095
276096
276099
276104
276108
276112
276113
276115
276116
276117
276118
276122
276126
276132
276133
276135
276137
276141
276143
276145
276147
276148
276149
276152
276154
276155
276158
276160
276168
276175
276178
276181
276183
276190
276191
276192
276194
276202
276205
276206
276210
276211
276213
276218
276220
276222
276223
276231
276238
276240
276247
276248
276251
276252
276257
276261
276262
276266
276267
276268
276269
276271
276274
276277
276278
276281
276283
276288
276296
276300
276302
276303
276307
276308
276309
276312
276315
276318
276324
276325
276333
276335
276336
276339
276340
276341
276344
276346
276348
276350
276352
276353
276354
276356
276360
276363
276364
276366
276368
276371
276372
276373
276376
276377
276391
276393
276394
276395
276396
276397
276400
276403
276408
276414
276417
276421
276422
276423
276425
276427
276428
276431
276433
276437
276439
276440
276444
276445
276448
276452
276454
276455
276463
276464
276465
276467
276468
276470
276472
276474
276476
276481
276484
276487
276489
276490
276492
276501
276502
276503
276504
276505
276508
276510
276513
276514
276519
276521
276522
276523
276524
276525
276529
276530
276538
276539
276542
276544
276545
276546
276552
276553
276554
276560
276561
276564
276565
276567
276571
276572
276575
276578
276580
276581
276585
276589
276593
276595
276596
276599
276601
276606
276607
276611
276616
276617
276621
276625
276627
276628
276631
276632
276634
276635
276636
276641
276642
276643
276646
276653
276655
276664
276669
276670
276671
276675
276678
276679
276681
276683
276686
276688
276689
276692
276696
276697
276698
276699
276701
276703
276704
276707
276710
276711
276715
276716
276717
276718
276721
276722
276723
276725
276726
276727
276729
276733
276735
276737
276738
276743
276745
276746
276750
276751
276753
276754
276765
276770
276773
276776
276778
276780
276782
276783
276788
276789
276792
276793
276797
276798
276801
276803
276808
276809
276811
276812
276814
276816
276818
276819
276820
276823
276824
276826
276828
276831
276834
276836
276839
276841
276843
276844
276845
276847
276849
276850
276854
276856
276862
276865
276868
276869
276872
276876
276877
276880
276881
276882
276884
276887
276890
276891
276895
276897
276898
276901
276902
276904
276907
276910
276911
276913
276918
276919
276921
276925
276927
276929
276930
276931
276933
276934
276940
276944
276954
276958
276959
276962
276963
276965
276966
276970
276972
276974
276976
276977
276978
276979
276980
276981
276982
276991
276992
276993
276995
276996
277000
277002
277003
277005
277006
277007
277008
277011
277015
277017
277019
277022
277025
277026
277033
277034
277036
277037
277039
277041
277042
277045
277046
277047
277050
277052
277053
277054
277055
277057
277058
277059
277061
277063
277065
277066
277076
277077
277078
277082
277083
277084
277085
277090
277092
277095
277097
277098
277101
277102
277103
277104
277108
277112
277114
277115
277117
277118
277119
277123
277124
277128
277129
277131
277135
277137
277139
277140
277141
277142
277145
277146
277148
277152
277154
277157
277158
277159
277160
277163
277166
277167
277174
277176
277178
277180
277183
277184
277187
277190
277194
277197
277198
277199
277203
277204
277210
277212
277215
277217
277221
277222
277227
277232
277233
277234
277235
277240
277242
277246
277247
277250
277251
277252
277253
277254
277258
277266
277269
277274
277277
277278
277285
277286
277291
277296
277297
277299
277302
277304
277311
277312
277313
277316
277318
277319
277322
277323
277324
277326
277328
277330
277331
277334
277338
277341
277343
277344
277346
277347
277348
277349
277350
277351
277352
277353
277354
277362
277365
277367
277368
277370
277371
277372
277374
277381
277382
277384
277386
277387
277392
277397
277406
277408
277409
277413
277417
277426
277427
277429
277434
277436
277437
277438
277439
277441
277443
277444
277447
277450
277452
277453
277454
277455
277456
277460
277468
277470
277472
277473
277475
277478
277481
277486
277488
277490
277491
277492
277493
277494
277496
277515
277520
277523
277524
277527
277529
277531
277532
277534
277535
277536
277537
277540
277542
277544
277545
277546
277547
277551
277557
277560
277566
277567
277568
277571
277573
277576
277581
277583
277584
277590
277591
277593
277594
277596
277597
277599
277602
277604
277605
277607
277611
277612
277613
277615
277618
277623
277626
277635
277641
277643
277647
277648
277649
277650
277652
277654
277656
277659
277661
277662
277663
277666
277667
277668
277671
277672
277673
277674
277675
277676
277677
277678
277680
277681
277684
277685
277687
277693
277694
277696
277698
277700
277701
277702
277705
277706
277712
277715
277716
277718
277722
277725
277727
277728
277729
277731
277732
277734
277739
277744
277747
277748
277764
277766
277769
277772
277775
277776
277778
277779
277782
277783
277785
277786
277789
277790
277795
277799
277808
277811
277814
277815
277816
277818
277822
277825
277826
277827
277828
277831
277832
277835
277838
277844
277849
277851
277852
277855
277856
277859
277866
277869
277875
277884
277885
277887
277888
277889
277890
277893
277896
277897
277898
277903
277904
277905
277906
277907
277909
277913
277914
277916
277917
277918
277920
277922
277927
277929
277931
277932
277933
277934
277935
277936
277938
277945
277946
277947
277948
277950
277957
277958
277959
277964
277967
277971
277972
277977
277982
277987
277992
277993
277994
277998
277999
278001
278002
278004
278005
278006
278007
278008
278009
278016
278018
278019
278022
278023
278025
278026
278029
278030
278031
278035
278038
278040
278043
278046
278052
278053
278054
278057
278061
278063
278065
278068
278072
278075
278077
278081
278082
278083
278084
278085
278087
278088
278089
278093
278102
278103
278109
278110
278112
278115
278116
278118
278119
278121
278122
278125
278126
278129
278131
278132
278134
278135
278137
278140
278141
278143
278146
278150
278151
278152
278153
278156
278162
278163
278164
278165
278168
278171
278172
278177
278179
278181
278183
278190
278192
278193
278194
278197
278199
278200
278203
278204
278205
278209
278211
278217
278223
278224
278225
278227
278233
278234
278240
278241
278243
278244
278245
278246
278250
278251
278253
278256
278258
278260
278262
278265
278266
278267
278268
278272
278273
278274
278278
278283
278284
278286
278290
278292
278293
278295
278296
278297
278306
278309
278310
278311
278312
278313
278318
278319
278320
278321
278325
278326
278328
278330
278331
278335
278337
278338
278349
278350
278351
278355
278356
278357
278358
278359
278362
278363
278366
278368
278372
278375
278378
278379
278381
278382
278383
278384
278387
278389
278393
278394
278395
278396
278397
278398
278400
278401
278404
278405
278407
278408
278411
278415
278418
278419
278422
278428
278431
278432
278433
278438
278439
278440
278441
278442
278447
278450
278455
278456
278460
278461
278462
278463
278465
278466
278468
278470
278471
278472
278478
278484
278485
278488
278490
278493
278496
278497
278498
278499
278500
278503
278505
278507
278508
278513
278515
278518
278519
278520
278521
278524
278526
278527
278528
278532
278536
278538
278540
278543
278544
278546
278550
278552
278555
278556
278558
278559
278560
278562
278568
278570
278572
278576
278579
278586
278589
278591
278593
278597
278600
278604
278605
278607
278609
278610
278612
278615
278618
278622
278624
278625
278632
278635
278639
278641
278644
278648
278649
278652
278654
278655
278656
278657
278659
278662
278664
278665
278666
278667
278668
278669
278670
278672
278673
278674
278680
278681
278685
278686
278688
278690
278691
278693
278694
278695
278696
278698
278699
278701
278702
278705
278709
278712
278714
278716
278722
278726
278733
278736
278737
278743
278746
278749
278752
278753
278754
278758
278760
278761
278763
278765
278766
278767
278769
278775
278776
278784
278785
278786
278790
278792
278794
278795
278799
278800
278805
278806
278808
278809
278815
278818
278819
278826
278828
278830
278834
278837
278842
278847
278848
278849
278853
278855
278858
278860
278861
278863
278864
278867
278868
278870
278871
278875
278879
278881
278882
278884
278885
278887
278889
278896
278900
278901
278906
278912
278913
278916
278919
278921
278923
278927
278928
278930
278932
278933
278935
278944
278951
278952
278955
278956
278959
278965
278967
278969
278972
278974
278976
278977
278978
278984
278988
278990
278995
278996
278999
279000
279003
279007
279011
279015
279016
279019
279021
279023
279024
279025
279030
279032
279036
279037
279038
279042
279043
279044
279046
279050
279051
279055
279058
279060
279067
279071
279076
279081
279082
279084
279086
279088
279089
279095
279099
279100
279104
279106
279107
279109
279115
279116
279119
279120
279121
279124
279127
279128
279130
279133
279134
279135
279137
279141
279143
279145
279146
279149
279151
279152
279154
279155
279157
279159
279165
279169
279174
279175
279176
279180
279181
279183
279184
279190
279196
279200
279201
279210
279212
279215
279216
279220
279221
279222
279228
279229
279230
279234
279236
279239
279240
279241
279247
279248
279250
279252
279254
279255
279261
279263
279266
279267
279273
279274
279277
279281
279286
279287
279288
279292
279295
279296
279299
279301
279303
279304
279308
279310
279315
279316
279319
279320
279321
279325
279326
279327
279336
279337
279338
279339
279341
279343
279346
279347
279348
279349
279355
279356
279358
279362
279366
279367
279373
279379
279381
279384
279388
279389
279390
279391
279393
279394
279397
279399
279410
279411
279412
279414
279416
279417
279418
279419
279420
279421
279422
279423
279424
279425
279431
279435
279437
279438
279440
279444
279445
279449
279450
279451
279454
279455
279456
279457
279464
279465
279466
279472
279476
279478
279480
279481
279483
279485
279486
279489
279490
279491
279493
279500
279501
279505
279507
279509
279512
279513
279517
279519
279520
279524
279526
279527
279530
279531
279533
279535
279536
279537
279539
279540
279541
279543
279545
279553
279559
279561
279564
279565
279569
279572
279573
279575
279581
279583
279586
279589
279592
279593
279596
279597
279601
279602
279607
279608
279611
279614
279616
279621
279622
279623
279624
279628
279629
279631
279633
279635
279636
279637
279638
279639
279640
279641
279642
279644
279650
279653
279656
279657
279659
279663
279666
279667
279670
279673
279674
279677
279678
279679
279680
279681
279686
279688
279692
279693
279695
279698
279699
279701
279705
279709
279711
279715
279716
279717
279719
279720
279721
279724
279725
279732
279738
279739
279744
279745
279746
279747
279748
279750
279753
279754
279759
279760
279761
279762
279763
279764
279766
279770
279772
279773
279776
279777
279782
279784
279785
279786
279788
279790
279791
279792
279794
279795
279797
279800
279802
279804
279805
279809
279810
279811
279814
279815
279818
279819
279822
279825
279826
279828
279829
279835
279836
279837
279838
279840
279847
279848
279849
279850
279852
279853
279859
279862
279863
279864
279866
279867
279869
279872
279874
279878
279883
279885
279886
279888
279889
279894
279896
279899
279901
279905
279909
279911
279912
279917
279922
279924
279925
279927
279928
279931
279933
279936
279937
279942
279943
279944
279945
279946
279948
279949
279950
279951
279952
279962
279964
279966
279968
279969
279971
279976
279979
279985
279988
279989
279993
279995
279999
280002
280007
280008
280011
280012
280014
280015
280018
280020
280023
280024
280025
280027
280030
280033
280034
280036
280041
280043
280044
280048
280056
280060
280062
280064
280066
280067
280068
280071
280073
280074
280078
280080
280081
280085
280086
280087
280092
280096
280098
280101
280102
280105
280107
280109
280111
280112
280113
280117
280121
280124
280126
280128
280131
280132
280135
280139
280141
280143
280145
280147
280152
280159
280161
280162
280166
280169
280174
280177
280182
280185
280186
280196
280198
280199
280203
280207
280209
280210
280213
280216
280218
280221
280227
280229
280234
280235
280236
280239
280240
280241
280243
280244
280246
280248
280250
280252
280254
280260
280264
280266
280268
280271
280272
280273
280275
280277
280278
280285
280287
280291
280297
280298
280304
280305
280306
280308
280309
280311
280314
280317
280323
280325
280328
280329
280330
280331
280332
280333
280336
280337
280340
280341
280347
280348
280350
280351
280352
280358
280360
280362
280370
280371
280374
280379
280380
280382
280386
280388
280390
280391
280392
280393
280394
280395
280399
280403
280408
280410
280411
280415
280421
280423
280424
280425
280429
280430
280434
280436
280438
280444
280445
280448
280450
280451
280453
280454
280456
280462
280467
280473
280474
280476
280478
280480
280482
280483
280485
280488
280489
280493
280494
280495
280496
280502
280503
280511
280512
280513
280517
280523
280525
280526
280527
280528
280529
280530
280531
280532
280533
280538
280539
280542
280543
280545
280546
280547
280548
280550
280551
280552
280554
280556
280560
280562
280564
280565
280566
280567
280569
280570
280573
280579
280580
280582
280585
280590
280596
280600
280602
280606
280607
280611
280615
280617
280618
280625
280627
280629
280630
280634
280638
280640
280641
280642
280645
280646
280650
280652
280654
280655
280657
280662
280664
280666
280667
280671
280673
280675
280677
280678
280679
280682
280683
280685
280690
280691
280692
280698
280700
280706
280708
280717
280721
280723
280724
280725
280727
280731
280732
280733
280734
280741
280743
280749
280755
280759
280760
280761
280763
280764
280765
280766
280770
280771
280774
280781
280782
280783
280794
280798
280803
280804
280806
280810
280812
280813
280817
280818
280819
280820
280821
280822
280823
280826
280829
280837
280839
280841
280842
280845
280848
280849
280850
280853
280854
280856
280857
280859
280860
280862
280863
280867
280871
280874
280875
280876
280879
280882
280885
280894
280895
280898
280901
280903
280904
280905
280907
280912
280919
280921
280925
280926
280927
280930
280933
280936
280939
280942
280943
280944
280945
280947
280950
280951
280954
280958
280961
280962
280966
280968
280971
280972
280975
280977
280979
280980
280981
280983
280984
280985
280987
280988
280992
280993
280995
280996
281002
281004
281006
281007
281008
281011
281012
281013
281014
281016
281019
281020
281024
281025
281026
281030
281032
281034
281040
281041
281042
281044
281045
281046
281048
281050
281056
281061
281062
281064
281065
281066
281067
281068
281075
281084
281085
281088
281090
281091
281092
281094
281095
281097
281100
281105
281108
281117
281123
281126
281127
281132
281133
281134
281135
281141
281143
281144
281145
281146
281149
281150
281156
281160
281162
281163
281166
281169
281170
281174
281175
281178
281179
281180
281181
281184
281185
281186
281187
281190
281195
281196
281197
281198
281199
281201
281204
281205
281207
281209
281211
281213
281216
281227
281228
281230
281233
281234
281236
281240
281243
281244
281249
281252
281255
281257
281259
281264
281266
281267
281269
281271
281272
281274
281277
281279
281283
281284
281289
281291
281292
281293
281294
281296
281297
281298
281303
281304
281317
281320
281322
281324
281325
281327
281328
281330
281331
281332
281334
281335
281337
281341
281342
281344
281345
281347
281355
281358
281361
281363
281364
281366
281367
281368
281371
281374
281376
281381
281382
281383
281389
281390
281391
281393
281394
281396
281398
281401
281404
281409
281414
281417
281420
281423
281424
281430
281433
281435
281438
281440
281442
281446
281448
281449
281453
281455
281456
281458
281460
281461
281462
281463
281465
281466
281468
281472
281473
281475
281479
281480
281488
281490
281492
281494
281497
281498
281504
281506
281508
281510
281511
281513
281515
281518
281521
281522
281523
281525
281527
281535
281539
281546
281550
281551
281553
281564
281565
281566
281567
281575
281576
281582
281585
281586
281588
281590
281593
281597
281606
281607
281611
281613
281614
281616
281617
281618
281620
281621
281623
281626
281630
281643
281647
281649
281651
281652
281656
281660
281661
281668
281669
281671
281672
281673
281675
281677
281678
281679
281681
281682
281683
281684
281687
281695
281696
281697
281700
281701
281702
281704
281707
281709
281715
281716
281717
281718
281721
281724
281728
281731
281732
281733
281734
281740
281742
281743
281746
281747
281749
281750
281752
281753
281754
281755
281757
281762
281764
281767
281770
281771
281772
281774
281780
281785
281787
281789
281792
281793
281797
281798
281801
281802
281809
281811
281813
281815
281816
281818
281820
281823
281824
281827
281828
281829
281834
281835
281837
281838
281840
281843
281844
281845
281847
281848
281849
281850
281851
281856
281857
281860
281862
281866
281867
281870
281873
281874
281875
281876
281877
281883
281890
281891
281892
281893
281897
281898
281899
281902
281903
281904
281905
281906
281907
281908
281909
281914
281917
281924
281925
281927
281928
281929
281931
281932
281933
281935
281937
281938
281941
281944
281945
281948
281949
281952
281953
281954
281956
281959
281960
281961
281962
281964
281965
281966
281967
281968
281970
281982
281987
281990
281993
281994
281995
281997
281999
282000
282001
282002
282003
282004
282007
282009
282012
282015
282018
282023
282026
282028
282033
282035
282037
282040
282041
282042
282046
282050
282052
282059
282060
282062
282066
282067
282069
282070
282071
282073
282074
282075
282077
282078
282079
282081
282082
282083
282087
282089
282092
282097
282098
282099
282100
282101
282102
282107
282109
282110
282113
282114
282117
282118
282120
282121
282126
282127
282129
282132
282133
282135
282137
282154
282155
282156
282158
282160
282162
282163
282164
282170
282171
282175
282176
282179
282182
282189
282191
282192
282194
282195
282196
282203
282204
282205
282208
282209
282210
282211
282213
282220
282221
282222
282227
282228
282229
282231
282238
282241
282243
282245
282246
282247
282249
282255
282256
282258
282260
282262
282267
282268
282269
282275
282277
282279
282280
282281
282284
282285
282286
282287
282288
282295
282296
282298
282299
282300
282306
282310
282311
282316
282318
282319
282320
282322
282326
282327
282329
282330
282333
282334
282335
282336
282338
282340
282341
282345
282350
282351
282353
282356
282357
282358
282359
282360
282361
282363
282370
282380
282381
282383
282388
282389
282390
282393
282395
282398
282405
282407
282412
282417
282418
282421
282425
282426
282430
282432
282433
282435
282443
282445
282446
282447
282448
282449
282450
282451
282454
282456
282461
282465
282466
282469
282470
282471
282477
282478
282480
282483
282487
282491
282493
282497
282498
282501
282502
282503
282505
282513
282516
282522
282523
282530
282531
282532
282536
282537
282538
282543
282546
282550
282551
282552
282553
282555
282556
282557
282558
282559
282563
282564
282568
282572
282579
282581
282582
282583
282584
282585
282590
282597
282602
282603
282605
282606
282615
282617
282619
282620
282621
282626
282629
282630
282637
282638
282641
282644
282646
282647
282649
282650
282651
282653
282658
282660
282661
282662
282665
282666
282671
282673
282674
282676
282677
282680
282686
282691
282693
282694
282695
282696
282697
282700
282701
282706
282709
282710
282712
282713
282715
282717
282718
282723
282724
282726
282730
282732
282736
282738
282739
282740
282741
282742
282748
282750
282751
282752
282757
282760
282762
282764
282765
282767
282772
282774
282775
282777
282778
282780
282784
282785
282787
282788
282789
282791
282792
282796
282797
282799
282800
282805
282806
282809
282810
282812
282813
282814
282815
282816
282818
282819
282820
282823
282825
282826
282829
282832
282837
282840
282841
282843
282844
282846
282847
282854
282857
282859
282860
282862
282865
282869
282874
282875
282877
282879
282883
282885
282887
282890
282892
282893
282895
282896
282899
282902
282904
282907
282908
282915
282916
282920
282921
282922
282924
282926
282927
282931
282934
282937
282938
282942
282945
282950
282953
282957
282966
282972
282973
282974
282979
282990
282997
282998
283002
283003
283004
283006
283007
283009
283013
283022
283023
283024
283027
283028
283031
283032
283033
283036
283038
283042
283043
283044
283046
283049
283050
283053
283055
283056
283057
283058
283059
283060
283061
283064
283068
283069
283073
283074
283076
283077
283079
283082
283083
283086
283088
283089
283090
283095
283096
283100
283101
283104
283109
283113
283114
283115
283117
283118
283121
283128
283131
283132
283133
283134
283136
283138
283139
283140
283141
283143
283150
283152
283156
283157
283158
283161
283163
283166
283168
283170
283171
283172
283176
283179
283181
283183
283184
283187
283188
283191
283192
283195
283196
283197
283198
283199
283204
283207
283210
283212
283216
283218
283222
283223
283224
283225
283226
283233
283234
283244
283245
283246
283247
283254
283259
283261
283265
283266
283267
283269
283271
283274
283275
283276
283281
283284
283285
283286
283287
283291
283295
283297
283298
283301
283303
283306
283309
283310
283313
283318
283319
283320
283321
283324
283326
283328
283330
283335
283336
283340
283341
283348
283355
283359
283364
283367
283372
283374
283375
283376
283377
283378
283379
283382
283386
283388
283391
283397
283400
283402
283406
283408
283411
283418
283420
283423
283425
283427
283432
283437
283440
283447
283450
283452
283454
283459
283461
283462
283463
283467
283470
283471
283472
283473
283474
283477
283479
283480
283481
283486
283487
283489
283491
283492
283493
283494
283495
283496
283498
283500
283502
283505
283506
283510
283515
283516
283519
283520
283522
283523
283525
283527
283529
283530
283531
283533
283538
283539
283540
283545
283546
283548
283551
283557
283559
283564
283566
283574
283577
283578
283581
283582
283584
283585
283587
283590
283593
283595
283597
283598
283605
283606
283607
283608
283609
283611
283612
283614
283615
283616
283625
283629
283634
283635
283636
283638
283642
283643
283645
283646
283647
283649
283655
283656
283658
283660
283663
283664
283665
283670
283671
283673
283675
283678
283679
283682
283683
283685
283688
283689
283690
283691
283693
283694
283696
283697
283700
283705
283707
283708
283709
283713
283715
283716
283717
283718
283721
283722
283725
283726
283733
283734
283735
283738
283740
283742
283743
283749
283752
283753
283755
283756
283757
283759
283763
283767
283772
283774
283777
283778
283779
283780
283781
283782
283783
283788
283791
283792
283794
283797
283798
283800
283801
283805
283806
283812
283814
283818
283819
283820
283821
283822
283823
283824
283825
283827
283828
283829
283831
283832
283834
283837
283838
283839
283841
283850
283854
283856
283858
283859
283864
283865
283867
283871
283873
283878
283880
283892
283895
283897
283899
283900
283901
283903
283904
283906
283909
283911
283912
283913
283915
283916
283923
283924
283926
283928
283929
283931
283932
283934
283935
283936
283939
283944
283947
283951
283953
283955
283957
283965
283966
283968
283969
283970
283971
283972
283973
283974
283978
283980
283981
283987
283990
283993
283997
284002
284004
284005
284007
284011
284012
284015
284019
284020
284023
284025
284026
284028
284033
284041
284046
284049
284051
284052
284053
284054
284057
284062
284064
284067
284068
284069
284071
284072
284076
284077
284078
284079
284083
284084
284085
284092
284095
284096
284098
284100
284104
284106
284107
284108
284120
284129
284133
284135
284140
284143
284145
284153
284155
284158
284160
284164
284166
284167
284168
284169
284175
284177
284182
284184
284186
284187
284189
284190
284191
284194
284196
284200
284202
284203
284206
284207
284210
284212
284216
284222
284223
284226
284227
284228
284232
284233
284235
284236
284238
284241
284244
284245
284254
284256
284257
284259
284260
284263
284266
284270
284277
284287
284295
284299
284301
284302
284303
284305
284310
284314
284315
284317
284323
284326
284327
284329
284331
284340
284341
284342
284343
284344
284346
284350
284352
284354
284357
284358
284360
284361
284365
284368
284372
284376
284377
284382
284384
284387
284389
284390
284392
284394
284397
284405
284407
284414
284417
284418
284419
284422
284426
284428
284429
284430
284435
284437
284439
284440
284442
284445
284448
284459
284460
284461
284465
284469
284471
284473
284479
284480
284483
284484
284485
284487
284491
284494
284496
284499
284507
284508
284515
284516
284518
284523
284524
284526
284534
284536
284541
284542
284543
284545
284548
284555
284558
284562
284567
284568
284570
284571
284572
284573
284576
284577
284579
284580
284582
284584
284586
284587
284588
284590
284591
284592
284594
284596
284600
284605
284606
284607
284608
284610
284617
284618
284623
284627
284628
284631
284632
284636
284640
284642
284645
284647
284650
284652
284655
284659
284660
284661
284665
284669
284670
284673
284674
284680
284681
284682
284683
284690
284694
284696
284698
284699
284700
284702
284704
284705
284706
284708
284710
284715
284716
284718
284719
284721
284722
284724
284725
284726
284729
284730
284732
284735
284737
284744
284745
284746
284748
284752
284753
284755
284761
284764
284766
284767
284770
284771
284774
284775
284779
284781
284790
284792
284794
284795
284796
284797
284798
284799
284801
284802
284805
284809
284810
284812
284813
284817
284821
284822
284824
284825
284828
284832
284834
284838
284841
284842
284843
284847
284851
284853
284855
284858
284859
284860
284862
284865
284872
284874
284875
284877
284878
284882
284884
284887
284889
284891
284892
284897
284904
284907
284909
284915
284916
284917
284920
284921
284925
284926
284928
284929
284931
284932
284939
284940
284943
284944
284949
284953
284955
284962
284965
284966
284969
284971
284974
284975
284980
284987
284992
284993
284994
284996
284998
285000
285001
285004
285007
285009
285012
285013
285014
285015
285016
285017
285020
285024
285025
285034
285035
285036
285037
285038
285041
285042
285044
285046
285049
285052
285056
285060
285062
285067
285068
285069
285071
285075
285077
285079
285086
285087
285088
285091
285102
285104
285106
285110
285112
285113
285114
285116
285119
285121
285126
285127
285128
285133
285134
285144
285146
285149
285150
285151
285153
285154
285155
285157
285159
285162
285166
285168
285169
285172
285174
285175
285177
285180
285190
285192
285197
285198
285205
285206
285211
285218
285220
285222
285224
285225
285227
285230
285232
285234
285236
285238
285242
285244
285249
285257
285261
285265
285269
285272
285277
285288
285291
285292
285293
285298
285299
285300
285306
285311
285312
285313
285316
285318
285320
285325
285326
285327
285328
285330
285331
285337
285339
285347
285348
285349
285350
285351
285353
285356
285358
285361
285364
285368
285369
285370
285376
285379
285385
285386
285387
285388
285389
285390
285392
285393
285397
285399
285403
285404
285407
285408
285411
285412
285416
285417
285418
285421
285423
285424
285427
285429
285433
285438
285448
285450
285452
285453
285457
285459
285460
285463
285464
285466
285468
285472
285473
285477
285478
285481
285483
285485
285488
285495
285497
285499
285502
285504
285507
285509
285512
285514
285517
285519
285520
285521
285523
285529
285530
285535
285536
285544
285546
285550
285551
285552
285554
285555
285556
285558
285559
285565
285571
285572
285574
285576
285577
285581
285583
285584
285587
285590
285591
285592
285596
285600
285602
285606
285607
285608
285609
285612
285613
285614
285615
285623
285624
285625
285634
285638
285640
285643
285644
285648
285649
285655
285656
285662
285663
285669
285673
285676
285679
285684
285686
285687
285688
285690
285694
285697
285702
285709
285710
285711
285718
285720
285721
285722
285727
285728
285729
285730
285732
285739
285741
285742
285743
285748
285749
285750
285752
285754
285763
285769
285770
285772
285774
285775
285785
285788
285791
285793
285795
285797
285798
285801
285802
285808
285809
285811
285812
285814
285815
285817
285818
285820
285822
285826
285828
285829
285833
285834
285835
285836
285838
285840
285845
285848
285851
285857
285863
285864
285873
285874
285875
285878
285879
285881
285882
285885
285888
285889
285891
285899
285902
285904
285905
285907
285908
285915
285916
285924
285926
285935
285936
285940
285941
285942
285943
285945
285947
285950
285952
285953
285954
285960
285968
285969
285970
285971
285975
285978
285979
285980
285984
285985
285989
285992
286000
286001
286007
286008
286009
286010
286011
286013
286017
286021
286026
286031
286032
286033
286040
286041
286043
286047
286054
286055
286057
286062
286063
286072
286073
286074
286075
286078
286079
286084
286087
286088
286090
286091
286093
286105
286107
286109
286111
286116
286118
286122
286123
286126
286127
286129
286131
286134
286136
286137
286139
286140
286141
286143
286148
286150
286165
286166
286171
286173
286177
286179
286181
286183
286189
286190
286195
286200
286201
286202
286203
286204
286205
286206
286210
286212
286215
286217
286218
286219
286224
286227
286231
286234
286235
286236
286240
286249
286252
286253
286255
286256
286262
286263
286265
286268
286269
286271
286272
286273
286275
286283
286284
286287
286291
286295
286299
286301
286302
286304
286305
286306
286309
286314
286316
286318
286319
286322
286323
286326
286328
286329
286338
286339
286341
286342
286348
286350
286356
286357
286358
286360
286362
286363
286364
286365
286367
286368
286369
286372
286373
286375
286376
286382
286387
286391
286393
286403
286404
286405
286407
286410
286411
286413
286424
286426
286435
286436
286437
286440
286441
286442
286445
286446
286448
286449
286450
286451
286460
286463
286467
286477
286478
286479
286481
286482
286486
286488
286491
286498
286499
286500
286501
286506
286507
286508
286510
286511
286512
286519
286523
286524
286525
286526
286530
286532
286535
286536
286541
286544
286547
286556
286559
286561
286563
286568
286569
286570
286571
286573
286577
286578
286580
286582
286586
286587
286588
286589
286590
286591
286593
286594
286596
286597
286598
286599
286600
286601
286603
286604
286607
286613
286615
286616
286621
286623
286624
286627
286629
286630
286639
286642
286643
286644
286645
286646
286651
286652
286653
286654
286656
286657
286658
286660
286665
286666
286667
286678
286682
286685
286691
286697
286701
286705
286707
286709
286711
286712
286713
286715
286716
286719
286721
286723
286724
286727
286729
286734
286737
286738
286739
286743
286746
286747
286753
286754
286756
286757
286758
286759
286761
286762
286763
286764
286767
286771
286772
286778
286779
286781
286782
286784
286787
286788
286791
286795
286796
286801
286805
286806
286807
286810
286811
286812
286813
286814
286819
286820
286822
286823
286825
286829
286830
286831
286834
286838
286840
286847
286849
286851
286854
286857
286860
286863
286869
286873
286876
286878
286879
286880
286881
286882
286884
286887
286893
286895
286898
286900
286903
286907
286908
286909
286914
286915
286917
286919
286920
286927
286928
286931
286932
286940
286941
286943
286945
286947
286959
286960
286965
286966
286969
286970
286972
286973
286975
286976
286977
286981
286983
286985
286986
286987
286988
286992
286993
286995
286997
287001
287005
287012
287016
287017
287018
287020
287026
287030
287033
287039
287047
287055
287056
287059
287063
287065
287067
287071
287072
287074
287076
287077
287078
287079
287083
287084
287085
287087
287088
287089
287093
287095
287096
287097
287098
287099
287102
287104
287108
287112
287113
287115
287116
287118
287123
287126
287127
287129
287132
287133
287135
287136
287139
287141
287142
287143
287145
287150
287154
287159
287160
287162
287164
287168
287169
287171
287172
287174
287175
287179
287181
287182
287183
287188
287191
287192
287193
287197
287204
287205
287207
287210
287212
287213
287216
287222
287224
287229
287230
287232
287235
287239
287240
287241
287243
287245
287248
287250
287252
287254
287256
287259
287260
287261
287264
287265
287266
287268
287269
287272
287277
287278
287281
287282
287286
287287
287292
287293
287294
287297
287300
287303
287304
287305
287306
287307
287309
287311
287312
287313
287314
287317
287318
287319
287324
287330
287331
287335
287342
287347
287348
287353
287358
287361
287363
287365
287367
287370
287375
287377
287380
287382
287387
287388
287390
287391
287393
287394
287398
287401
287403
287405
287406
287409
287414
287416
287419
287420
287421
287423
287430
287433
287436
287438
287441
287442
287445
287451
287453
287456
287457
287458
287470
287473
287477
287480
287481
287487
287490
287491
287494
287496
287498
287502
287503
287506
287510
287512
287514
287521
287524
287525
287529
287532
287533
287536
287537
287541
287542
287544
287545
287548
287549
287554
287555
287559
287560
287561
287563
287565
287567
287568
287573
287576
287577
287581
287584
287585
287587
287588
287589
287594
287596
287600
287603
287604
287605
287610
287611
287612
287613
287615
287618
287620
287621
287622
287624
287626
287630
287633
287634
287636
287637
287648
287649
287653
287654
287655
287656
287660
287661
287663
287664
287666
287673
287674
287676
287677
287678
287680
287683
287684
287686
287689
287692
287696
287699
287700
287701
287702
287705
287711
287713
287717
287721
287722
287723
287725
287728
287731
287732
287735
287740
287748
287750
287751
287752
287754
287759
287760
287766
287768
287775
287778
287779
287783
287784
287789
287792
287793
287795
287798
287799
287800
287802
287803
287804
287805
287808
287811
287814
287816
287818
287819
287826
287829
287833
287835
287839
287842
287843
287845
287850
287852
287855
287856
287857
287859
287862
287864
287866
287868
287872
287876
287879
287881
287884
287886
287891
287896
287900
287904
287910
287913
287916
287920
287922
287926
287927
287929
287930
287931
287932
287934
287935
287936
287940
287942
287944
287947
287948
287949
287951
287953
287958
287959
287962
287968
287973
287975
287979
287981
287984
287990
287995
287996
287997
288000
288009
288013
288014
288022
288023
288024
288025
288028
288031
288037
288039
288040
288047
288048
288049
288052
288054
288055
288056
288060
288061
288063
288074
288078
288081
288085
288087
288089
288096
288100
288105
288107
288108
288111
288112
288113
288114
288115
288116
288117
288122
288126
288132
288136
288139
288141
288146
288150
288152
288154
288157
288158
288159
288164
288166
288167
288168
288170
288171
288172
288173
288174
288175
288178
288180
288181
288182
288185
288187
288188
288189
288191
288192
288194
288196
288199
288201
288203
288205
288206
288209
288210
288211
288212
288214
288219
288221
288223
288226
288227
288228
288229
288231
288233
288234
288235
288236
288237
288239
288240
288242
288244
288255
288256
288257
288261
288262
288263
288265
288269
288271
288283
288285
288287
288288
288291
288292
288295
288297
288299
288301
288303
288306
288307
288310
288314
288321
288323
288329
288335
288336
288340
288343
288347
288349
288351
288353
288360
288362
288363
288364
288368
288372
288374
288375
288377
288378
288382
288383
288384
288387
288390
288391
288395
288401
288403
288404
288408
288413
288416
288417
288420
288425
288427
288429
288431
288436
288437
288438
288439
288440
288442
288443
288445
288446
288447
288454
288458
288460
288463
288467
288471
288473
288474
288477
288480
288481
288486
288487
288489
288491
288495
288500
288502
288504
288507
288513
288516
288517
288518
288519
288520
288521
288522
288523
288524
288526
288529
288530
288531
288532
288533
288538
288543
288544
288546
288548
288550
288552
288553
288555
288556
288558
288560
288562
288569
288570
288571
288572
288576
288578
288579
288580
288582
288583
288586
288589
288593
288597
288599
288603
288607
288608
288611
288615
288617
288621
288624
288630
288632
288634
288635
288641
288647
288651
288662
288664
288665
288667
288669
288671
288672
288674
288677
288679
288680
288683
288686
288693
288694
288695
288698
288699
288704
288708
288709
288710
288711
288712
288717
288720
288723
288724
288726
288727
288728
288729
288732
288737
288741
288742
288750
288751
288757
288760
288763
288764
288766
288767
288768
288770
288773
288776
288778
288781
288782
288783
288785
288787
288790
288791
288795
288797
288798
288801
288802
288804
288808
288810
288812
288813
288821
288824
288825
288826
288827
288831
288834
288837
288838
288839
288845
288851
288854
288856
288857
288859
288864
288867
288869
288871
288874
288877
288881
288883
288885
288889
288891
288892
288893
288896
288897
288898
288906
288907
288908
288909
288911
288916
288918
288927
288928
288929
288931
288934
288935
288938
288940
288941
288944
288946
288948
288949
288950
288953
288957
288958
288960
288962
288964
288966
288967
288970
288972
288973
288977
288980
288982
288983
288984
288988
288992
288994
288995
288997
288998
289002
289009
289011
289012
289013
289014
289015
289021
289022
289026
289028
289030
289035
289036
289040
289042
289043
289050
289056
289061
289064
289066
289067
289068
289071
289072
289073
289075
289076
289078
289080
289083
289086
289087
289089
289090
289091
289094
289095
289096
289100
289103
289104
289105
289107
289110
289111
289113
289118
289119
289124
289125
289129
289131
289135
289136
289137
289138
289139
289141
289142
289147
289148
289149
289151
289152
289154
289155
289156
289157
289159
289161
289162
289163
289167
289169
289171
289174
289175
289176
289179
289181
289183
289188
289189
289191
289195
289196
289197
289198
289204
289206
289208
289209
289211
289216
289218
289220
289222
289229
289231
289235
289237
289240
289243
289245
289252
289256
289257
289259
289263
289265
289266
289267
289273
289284
289291
289298
289299
289302
289303
289304
289305
289308
289311
289320
289321
289323
289324
289325
289326
289327
289333
289335
289341
289342
289343
289344
289347
289357
289358
289360
289366
289368
289369
289373
289375
289377
289382
289384
289385
289388
289389
289390
289391
289394
289395
289396
289399
289402
289404
289408
289409
289410
289411
289414
289417
289420
289425
289426
289427
289428
289432
289434
289443
289444
289445
289451
289452
289454
289458
289463
289466
289469
289476
289479
289480
289482
289488
289489
289491
289493
289494
289499
289501
289502
289505
289508
289509
289511
289513
289517
289521
289523
289524
289530
289531
289532
289535
289536
289538
289539
289540
289541
289542
289546
289549
289550
289551
289554
289558
289562
289566
289571
289573
289574
289575
289578
289579
289584
289593
289594
289595
289596
289599
289603
289605
289606
289608
289610
289611
289612
289613
289614
289615
289620
289621
289622
289625
289632
289634
289636
289640
289641
289643
289644
289645
289646
289647
289648
289649
289654
289656
289660
289661
289662
289664
289665
289669
289670
289677
289678
289679
289682
289686
289687
289688
289690
289692
289696
289700
289701
289702
289707
289708
289710
289711
289717
289719
289721
289725
289728
289735
289739
289740
289741
289744
289745
289747
289752
289753
289754
289755
289756
289758
289759
289761
289763
289764
289766
289768
289769
289770
289775
289776
289777
289778
289782
289783
289785
289792
289795
289799
289802
289803
289805
289811
289813
289818
289821
289824
289825
289826
289827
289828
289830
289831
289836
289839
289843
289845
289849
289850
289853
289854
289857
289862
289864
289867
289870
289872
289874
289875
289876
289877
289878
289879
289883
289885
289888
289889
289894
289895
289896
289898
289900
289901
289902
289903
289905
289908
289912
289913
289925
289926
289929
289933
289934
289937
289938
289941
289942
289947
289952
289954
289956
289958
289960
289961
289964
289968
289969
289970
289973
289975
289977
289978
289979
289980
289981
289983
289987
289988
289989
289993
289995
289999
290002
290005
290006
290007
290009
290011
290012
290014
290016
290020
290035
290042
290044
290045
290047
290048
290051
290053
290054
290059
290060
290061
290062
290066
290067
290069
290071
290075
290077
290078
290079
290085
290089
290090
290091
290093
290095
290096
290098
290105
290109
290110
290116
290120
290122
290128
290129
290132
290133
290138
290141
290145
290149
290151
290155
290158
290159
290163
290166
290167
290173
290178
290181
290182
290183
290185
290190
290191
290192
290194
290195
290197
290200
290201
290202
290209
290217
290218
290221
290222
290223
290224
290228
290230
290234
290235
290238
290240
290241
290244
290245
290246
290247
290249
290250
290255
290256
290257
290258
290262
290263
290264
290267
290268
290269
290270
290271
290273
290276
290277
290278
290281
290284
290288
290289
290298
290299
290300
290301
290302
290304
290308
290309
290311
290314
290315
290316
290317
290319
290323
290324
290327
290330
290332
290333
290335
290337
290338
290340
290342
290344
290349
290351
290352
290353
290356
290357
290361
290363
290364
290365
290366
290368
290370
290371
290373
290375
290380
290382
290384
290386
290387
290391
290392
290393
290399
290400
290405
290411
290415
290416
290417
290418
290422
290424
290426
290429
290432
290433
290434
290435
290436
290443
290445
290446
290450
290451
290452
290455
290456
290457
290460
290467
290468
290469
290470
290471
290475
290480
290482
290483
290484
290485
290486
290487
290492
290493
290496
290497
290499
290500
290501
290502
290503
290506
290508
290509
290513
290514
290515
290518
290520
290521
290522
290533
290534
290535
290538
290539
290540
290542
290544
290545
290546
290547
290551
290554
290558
290560
290562
290563
290566
290567
290569
290570
290571
290575
290576
290578
290580
290581
290585
290586
290588
290592
290593
290597
290598
290599
290602
290608
290609
290612
290618
290621
290622
290625
290626
290628
290629
290630
290632
290634
290636
290637
290638
290644
290645
290647
290649
290650
290653
290655
290656
290657
290658
290659
290664
290667
290668
290669
290672
290676
290680
290684
290685
290687
290690
290693
290699
290702
290704
290707
290708
290712
290715
290720
290721
290725
290727
290731
290732
290738
290739
290744
290746
290749
290753
290756
290763
290766
290768
290769
290776
290777
290782
290783
290785
290786
290787
290788
290795
290799
290802
290805
290807
290816
290817
290819
290822
290824
290825
290826
290829
290837
290838
290841
290844
290845
290846
290847
290848
290852
290854
290856
290861
290867
290868
290872
290875
290880
290881
290884
290885
290888
290890
290891
290892
290894
290895
290896
290897
290900
290901
290903
290905
290906
290908
290909
290910
290915
290916
290917
290919
290920
290921
290925
290935
290941
290942
290944
290948
290950
290951
290956
290957
290958
290959
290960
290965
290966
290971
290973
290976
290981
290982
290985
290991
290992
290997
290998
291000
291002
291003
291007
291010
291013
291016
291018
291019
291020
291021
291022
291023
291024
291025
291026
291027
291028
291033
291034
291036
291037
291038
291039
291042
291043
291047
291048
291049
291051
291052
291059
291062
291063
291066
291070
291071
291074
291075
291076
291083
291084
291085
291087
291088
291093
291095
291097
291098
291102
291104
291112
291114
291115
291116
291117
291121
291124
291125
291126
291127
291128
291129
291131
291135
291136
291137
291141
291143
291145
291147
291155
291157
291159
291168
291169
291171
291173
291181
291182
291183
291188
291192
291193
291197
291199
291201
291207
291209
291215
291216
291219
291220
291223
291225
291226
291227
291229
291232
291234
291236
291237
291238
291239
291240
291241
291250
291252
291253
291259
291265
291267
291271
291272
291274
291275
291282
291283
291291
291294
291295
291297
291298
291300
291305
291307
291309
291313
291316
291318
291319
291321
291324
291328
291330
291333
291334
291336
291337
291342
291344
291346
291349
291353
291356
291358
291364
291365
291366
291367
291371
291375
291380
291381
291386
291388
291389
291393
291396
291400
291402
291406
291407
291409
291411
291412
291416
291428
291430
291431
291436
291439
291448
291451
291456
291463
291466
291467
291468
291472
291473
291474
291479
291482
291486
291488
291492
291496
291498
291500
291504
291505
291506
291507
291509
291510
291516
291517
291520
291521
291523
291525
291526
291527
291529
291530
291532
291535
291536
291537
291538
291539
291541
291544
291547
291550
291551
291553
291554
291555
291556
291558
291562
291565
291575
291577
291579
291580
291585
291587
291590
291592
291594
291595
291597
291598
291600
291601
291603
291604
291605
291606
291618
291621
291627
291630
291632
291634
291635
291637
291639
291640
291645
291647
291653
291654
291656
291657
291658
291661
291662
291664
291667
291670
291675
291676
291678
291682
291683
291685
291691
291692
291695
291701
291705
291707
291710
291711
291716
291717
291719
291722
291725
291728
291729
291730
291731
291733
291736
291738
291741
291743
291744
291747
291749
291750
291751
291753
291755
291756
291757
291758
291761
291762
291763
291765
291766
291768
291770
291771
291773
291780
291781
291783
291788
291789
291792
291797
291799
291807
291808
291809
291812
291813
291816
291817
291818
291819
291825
291826
291828
291831
291832
291834
291835
291839
291844
291845
291851
291852
291853
291854
291860
291866
291867
291870
291873
291878
291879
291880
291887
291891
291892
291896
291897
291900
291901
291902
291907
291908
291911
291912
291916
291922
291924
291928
291932
291935
291937
291939
291942
291943
291944
291946
291949
291954
291956
291960
291961
291963
291965
291967
291968
291970
291971
291973
291974
291976
291977
291978
291980
291985
291986
291990
291992
291994
291995
292000
292001
292007
292009
292010
292022
292030
292031
292033
292034
292035
292038
292039
292044
292046
292047
292048
292049
292050
292051
292053
292054
292056
292058
292059
292060
292062
292063
292064
292065
292066
292067
292068
292071
292072
292076
292080
292081
292084
292088
292091
292095
292101
292102
292104
292108
292110
292111
292112
292113
292115
292120
292121
292125
292126
292127
292128
292130
292131
292135
292136
292138
292139
292143
292150
292153
292154
292155
292156
292171
292173
292176
292180
292181
292182
292185
292193
292196
292200
292202
292203
292205
292206
292211
292214
292220
292223
292230
292231
292232
292233
292238
292239
292241
292247
292249
292250
292251
292254
292267
292269
292272
292276
292282
292283
292285
292286
292288
292289
292292
292293
292296
292297
292298
292300
292302
292305
292306
292311
292312
292315
292318
292322
292324
292325
292326
292327
292331
292333
292336
292337
292339
292347
292350
292352
292360
292362
292363
292366
292370
292371
292373
292379
292380
292381
292382
292383
292385
292387
292388
292389
292392
292393
292400
292401
292402
292403
292407
292408
292412
292413
292414
292415
292418
292427
292428
292430
292436
292437
292439
292444
292449
292451
292454
292458
292459
292461
292463
292467
292468
292474
292476
292478
292480
292481
292483
292488
292489
292490
292493
292505
292509
292510
292512
292514
292515
292516
292527
292528
292530
292531
292534
292537
292538
292542
292543
292545
292546
292548
292551
292553
292554
292557
292560
292562
292563
292568
292574
292575
292576
292578
292587
292588
292590
292591
292592
292593
292594
292597
292600
292603
292604
292607
292608
292610
292611
292612
292616
292618
292620
292622
292624
292625
292626
292628
292630
292635
292636
292637
292642
292643
292645
292646
292653
292654
292655
292657
292658
292662
292664
292668
292671
292672
292673
292675
292676
292677
292679
292681
292682
292683
292688
292689
292692
292695
292697
292699
292700
292701
292703
292704
292706
292712
292713
292714
292716
292718
292719
292720
292722
292725
292729
292733
292742
292745
292746
292747
292750
292751
292754
292755
292759
292760
292763
292767
292770
292771
292776
292778
292779
292781
292784
292787
292794
292795
292797
292798
292805
292807
292811
292815
292830
292836
292840
292851
292853
292854
292855
292856
292857
292858
292859
292862
292865
292868
292869
292871
292874
292877
292879
292895
292896
292897
292908
292909
292910
292913
292915
292916
292917
292920
292922
292924
292925
292927
292932
292935
292936
292944
292952
292953
292965
292966
292968
292969
292970
292972
292973
292979
292980
292992
292993
292995
292996
293000
293001
293003
293004
293005
293006
293008
293010
293011
293012
293013
293016
293021
293027
293028
293031
293032
293033
293038
293043
293044
293048
293050
293051
293052
293053
293060
293061
293066
293073
293078
293080
293083
293084
293086
293088
293089
293095
293096
293099
293100
293101
293103
293104
293105
293107
293109
293111
293112
293115
293116
293117
293119
293122
293123
293125
293135
293136
293138
293139
293140
293141
293142
293145
293147
293153
293154
293163
293164
293170
293171
293172
293174
293175
293176
293178
293181
293184
293188
293189
293190
293192
293193
293194
293195
293197
293199
293203
293208
293211
293214
293215
293216
293220
293222
293226
293231
293234
293236
293241
293244
293245
293246
293251
293254
293255
293257
293262
293263
293265
293269
293270
293271
293272
293273
293274
293278
293280
293282
293284
293286
293289
293293
293294
293295
293297
293298
293299
293302
293304
293306
293307
293309
293312
293315
293316
293317
293320
293321
293323
293326
293327
293334
293336
293341
293343
293350
293353
293354
293359
293360
293361
293368
293369
293373
293375
293377
293378
293379
293380
293383
293384
293388
293392
293394
293395
293396
293398
293399
293400
293401
293402
293404
293406
293415
293416
293417
293418
293420
293423
293426
293429
293431
293432
293433
293439
293444
293447
293448
293450
293453
293456
293458
293459
293463
293469
293470
293472
293473
293474
293476
293479
293480
293482
293483
293484
293488
293490
293492
293494
293495
293496
293497
293498
293503
293504
293508
293509
293511
293512
293519
293520
293525
293526
293527
293531
293532
293533
293538
293539
293541
293542
293543
293544
293545
293548
293550
293554
293555
293556
293559
293560
293561
293564
293566
293567
293568
293569
293571
293572
293574
293575
293578
293581
293582
293583
293586
293587
293597
293598
293599
293603
293606
293607
293618
293623
293624
293625
293627
293628
293629
293631
293635
293636
293639
293641
293642
293645
293651
293653
293659
293664
293669
293673
293676
293680
293681
293684
293688
293690
293693
293694
293698
293700
293701
293703
293704
293705
293712
293713
293715
293716
293717
293718
293720
293722
293723
293726
293727
293731
293733
293735
293739
293741
293742
293745
293747
293748
293750
293752
293753
293755
293763
293767
293771
293772
293773
293779
293782
293783
293787
293788
293790
293791
293796
293797
293798
293800
293801
293802
293804
293808
293810
293813
293815
293816
293817
293818
293821
293827
293829
293830
293831
293834
293835
293836
293844
293845
293847
293855
293856
293858
293860
293861
293862
293863
293864
293866
293872
293876
293886
293887
293891
293893
293894
293899
293902
293903
293904
293907
293908
293916
293923
293926
293928
293929
293930
293931
293933
293935
293942
293943
293945
293948
293952
293953
293954
293955
293956
293958
293962
293970
293971
293976
293977
293978
293979
293980
293984
293986
293991
293993
293994
293995
293996
293997
293999
294000
294002
294003
294004
294005
294007
294010
294012
294015
294021
294022
294023
294024
294025
294026
294029
294030
294031
294039
294043
294045
294046
294047
294048
294049
294051
294052
294053
294054
294055
294058
294060
294065
294067
294068
294072
294073
294075
294079
294084
294088
294089
294090
294091
294092
294093
294095
294096
294097
294099
294100
294102
294105
294107
294113
294114
294115
294116
294118
294119
294121
294122
294123
294125
294126
294127
294129
294131
294132
294136
294138
294143
294144
294145
294150
294151
294152
294153
294154
294155
294156
294157
294159
294161
294165
294166
294168
294169
294173
294183
294184
294189
294190
294191
294192
294193
294194
294195
294196
294200
294202
294205
294206
294207
294208
294209
294211
294215
294218
294219
294221
294224
294226
294227
294229
294230
294232
294235
294239
294240
294242
294245
294248
294249
294251
294253
294257
294263
294268
294270
294271
294273
294284
294286
294287
294288
294289
294291
294292
294294
294300
294301
294304
294306
294307
294310
294312
294313
294314
294316
294324
294328
294330
294332
294341
294343
294344
294345
294346
294349
294351
294352
294354
294355
294358
294359
294362
294363
294364
294366
294370
294371
294372
294374
294377
294378
294380
294381
294386
294392
294393
294394
294396
294398
294399
294400
294403
294406
294408
294411
294414
294415
294416
294418
294421
294422
294424
294426
294427
294429
294430
294435
294438
294440
294442
294445
294450
294453
294458
294459
294461
294462
294463
294468
294469
294473
294478
294479
294486
294490
294491
294494
294496
294497
294501
294503
294505
294509
294510
294512
294515
294519
294520
294522
294524
294526
294528
294534
294536
294537
294541
294546
294547
294549
294550
294552
294553
294556
294559
294562
294575
294576
294577
294578
294580
294581
294582
294584
294585
294588
294591
294592
294594
294595
294598
294599
294601
294604
294608
294611
294614
294615
294617
294620
294621
294624
294627
294628
294629
294632
294636
294637
294638
294639
294640
294641
294642
294644
294645
294646
294654
294655
294656
294660
294661
294663
294666
294669
294674
294677
294678
294682
294685
294686
294687
294689
294690
294691
294694
294695
294701
294703
294704
294707
294710
294713
294716
294717
294724
294727
294729
294730
294731
294732
294734
294737
294742
294744
294746
294750
294758
294759
294766
294767
294771
294772
294776
294782
294783
294786
294787
294789
294790
294794
294799
294807
294808
294811
294815
294816
294820
294821
294822
294828
294830
294831
294835
294837
294839
294840
294843
294844
294845
294846
294848
294851
294852
294854
294858
294859
294863
294870
294871
294879
294880
294882
294884
294885
294889
294893
294895
294896
294898
294902
294906
294908
294910
294913
294914
294917
294923
294925
294926
294930
294931
294933
294934
294935
294937
294941
294949
294951
294955
294962
294967
294968
294969
294970
294974
294979
294981
294982
294984
294990
294994
294995
294996
294997
295002
295003
295005
295006
295007
295010
295011
295012
295021
295022
295023
295024
295031
295032
295033
295036
295037
295038
295041
295042
295044
295048
295056
295058
295062
295064
295067
295078
295079
295080
295081
295082
295084
295085
295086
295088
295090
295094
295095
295099
295100
295101
295105
295106
295110
295111
295113
295115
295116
295121
295124
295126
295129
295132
295135
295140
295141
295142
295143
295144
295153
295154
295155
295159
295161
295163
295166
295168
295176
295177
295181
295186
295187
295188
295189
295191
295192
295194
295195
295198
295199
295202
295204
295205
295207
295208
295212
295213
295218
295219
295222
295224
295228
295229
295230
295234
295238
295241
295242
295245
295249
295255
295259
295261
295262
295263
295265
295266
295267
295269
295270
295271
295272
295274
295276
295280
295281
295285
295287
295289
295290
295295
295300
295304
295305
295310
295316
295319
295323
295325
295327
295329
295331
295334
295337
295338
295339
295341
295343
295348
295352
295353
295362
295365
295371
295372
295375
295378
295384
295387
295390
295392
295395
295397
295399
295400
295403
295404
295405
295406
295412
295413
295417
295418
295420
295422
295423
295424
295431
295432
295434
295435
295439
295444
295445
295447
295448
295449
295450
295453
295454
295456
295458
295460
295467
295468
295469
295470
295471
295472
295476
295479
295481
295488
295490
295492
295493
295494
295498
295499
295500
295501
295502
295503
295509
295510
295511
295512
295514
295517
295520
295522
295523
295524
295530
295531
295538
295540
295541
295542
295547
295550
295552
295555
295558
295559
295567
295569
295571
295573
295576
295583
295588
295590
295598
295599
295600
295602
295606
295616
295618
295622
295624
295626
295627
295628
295629
295630
295632
295633
295635
295636
295637
295638
295639
295640
295645
295647
295648
295650
295656
295659
295660
295661
295662
295663
295666
295667
295671
295672
295676
295679
295680
295681
295685
295687
295688
295692
295694
295696
295698
295700
295701
295703
295704
295705
295707
295708
295709
295712
295713
295715
295717
295719
295722
295726
295730
295731
295732
295733
295740
295741
295746
295749
295750
295751
295754
295755
295757
295759
295760
295761
295764
295768
295775
295780
295781
295792
295793
295800
295809
295814
295816
295818
295820
295821
295824
295826
295827
295829
295830
295832
295833
295835
295836
295849
295850
295851
295853
295856
295857
295859
295860
295861
295864
295865
295870
295874
295878
295879
295880
295885
295886
295890
295897
295902
295903
295908
295911
295913
295914
295915
295918
295920
295921
295923
295930
295934
295938
295941
295942
295949
295950
295952
295953
295954
295957
295961
295964
295965
295966
295967
295971
295974
295976
295980
295982
295983
295984
295986
295988
295991
295994
295999
296000
296002
296004
296007
296009
296011
296014
296015
296019
296021
296023
296024
296025
296026
296028
296033
296034
296035
296037
296039
296042
296047
296048
296049
296057
296058
296062
296063
296068
296070
296073
296078
296086
296087
296090
296091
296093
296095
296098
296100
296103
296106
296107
296109
296117
296121
296124
296130
296132
296133
296137
296139
296142
296145
296148
296155
296156
296157
296158
296159
296160
296162
296163
296164
296165
296166
296167
296171
296175
296179
296180
296182
296186
296189
296192
296193
296197
296199
296201
296202
296204
296205
296212
296217
296221
296223
296228
296232
296235
296239
296240
296242
296243
296245
296250
296257
296261
296263
296265
296266
296267
296269
296271
296272
296274
296278
296279
296280
296283
296288
296291
296295
296296
296300
296302
296306
296308
296310
296312
296313
296314
296320
296324
296326
296327
296328
296329
296333
296335
296339
296340
296341
296342
296344
296346
296347
296348
296353
296354
296356
296358
296359
296360
296363
296366
296369
296370
296372
296375
296376
296378
296380
296381
296383
296386
296392
296393
296395
296396
296403
296405
296406
296407
296412
296413
296414
296416
296418
296419
296420
296422
296425
296426
296428
296429
296430
296432
296434
296436
296437
296440
296446
296448
296450
296452
296455
296456
296460
296461
296463
296466
296469
296474
296475
296476
296478
296480
296481
296482
296483
296487
296492
296493
296495
296501
296502
296503
296504
296505
296506
296514
296520
296521
296523
296529
296531
296532
296534
296541
296542
296544
296545
296547
296548
296550
296552
296558
296563
296565
296566
296567
296570
296571
296575
296576
296577
296579
296581
296583
296593
296594
296595
296597
296602
296603
296607
296609
296611
296612
296614
296617
296618
296622
296623
296627
296630
296631
296634
296635
296638
296639
296642
296644
296645
296646
296647
296651
296652
296653
296656
296660
296661
296662
296663
296664
296667
296668
296670
296671
296673
296675
296677
296678
296679
296681
296682
296685
296686
296687
296688
296691
296697
296698
296700
296701
296703
296705
296706
296707
296709
296711
296714
296718
296719
296721
296722
296728
296735
296736
296737
296740
296742
296750
296751
296752
296755
296757
296758
296759
296760
296761
296762
296763
296765
296772
296777
296778
296779
296780
296782
296783
296784
296785
296787
296788
296790
296796
296797
296800
296801
296804
296805
296808
296811
296814
296817
296819
296820
296821
296822
296823
296824
296825
296832
296836
296839
296845
296849
296850
296851
296853
296859
296864
296871
296872
296874
296875
296876
296877
296884
296887
296890
296891
296893
296894
296897
296899
296905
296908
296911
296915
296918
296920
296922
296923
296927
296929
296931
296933
296934
296937
296938
296939
296943
296947
296951
296953
296956
296959
296960
296961
296962
296963
296964
296965
296966
296969
296972
296977
296980
296987
296992
296994
296997
297008
297010
297017
297018
297020
297021
297030
297039
297040
297041
297046
297047
297048
297052
297053
297056
297058
297060
297061
297064
297069
297071
297075
297076
297077
297082
297083
297086
297090
297092
297093
297094
297095
297099
297102
297104
297105
297107
297109
297119
297120
297122
297123
297125
297131
297132
297136
297138
297142
297143
297147
297154
297155
297158
297159
297163
297164
297187
297189
297192
297198
297199
297201
297203
297205
297207
297208
297216
297218
297219
297220
297224
297227
297229
297232
297240
297242
297244
297245
297246
297257
297258
297259
297260
297261
297262
297263
297264
297266
297267
297268
297270
297271
297272
297273
297274
297276
297277
297279
297281
297282
297283
297284
297286
297287
297293
297294
297296
297300
297302
297303
297304
297305
297306
297307
297308
297309
297312
297313
297316
297318
297319
297322
297323
297328
297330
297333
297340
297341
297347
297348
297349
297350
297351
297353
297355
297357
297359
297362
297367
297369
297370
297371
297373
297375
297381
297382
297384
297385
297386
297389
297392
297393
297394
297395
297397
297398
297403
297404
297405
297406
297411
297412
297416
297418
297420
297423
297426
297432
297433
297438
297439
297444
297447
297450
297451
297458
297462
297464
297467
297468
297469
297473
297474
297478
297480
297487
297498
297502
297506
297508
297512
297517
297523
297527
297528
297529
297531
297534
297540
297543
297544
297551
297554
297555
297556
297558
297562
297564
297565
297567
297569
297570
297572
297575
297577
297580
297583
297588
297592
297594
297595
297596
297597
297602
297604
297606
297607
297612
297613
297617
297618
297619
297621
297623
297626
297629
297630
297632
297633
297635
297637
297638
297639
297640
297641
297642
297647
297649
297651
297653
297656
297659
297665
297666
297667
297668
297669
297674
297676
297680
297682
297685
297687
297688
297693
297698
297700
297701
297702
297704
297706
297708
297714
297715
297716
297719
297720
297724
297725
297726
297730
297734
297737
297740
297741
297742
297744
297746
297747
297748
297750
297751
297752
297753
297755
297759
297760
297762
297763
297764
297765
297766
297767
297768
297770
297771
297774
297779
297781
297795
297796
297798
297799
297802
297803
297805
297812
297814
297816
297817
297818
297820
297823
297829
297833
297836
297841
297843
297844
297846
297853
297854
297857
297858
297859
297860
297861
297866
297867
297872
297874
297878
297879
297880
297886
297887
297890
297893
297897
297899
297900
297901
297902
297903
297904
297905
297910
297911
297920
297921
297922
297927
297928
297937
297938
297942
297944
297945
297946
297947
297951
297954
297961
297962
297965
297966
297968
297978
297983
297985
297986
297987
297988
297990
297994
297995
297997
297998
298002
298004
298010
298012
298014
298015
298016
298018
298019
298024
298026
298028
298031
298032
298035
298037
298041
298044
298045
298046
298047
298050
298051
298054
298058
298068
298070
298072
298074
298075
298077
298078
298079
298080
298081
298083
298086
298087
298089
298090
298092
298098
298104
298109
298113
298114
298118
298119
298120
298121
298123
298125
298128
298132
298133
298134
298136
298139
298141
298143
298145
298147
298149
298157
298162
298165
298169
298173
298176
298177
298181
298182
298183
298186
298188
298192
298194
298196
298197
298203
298204
298205
298207
298212
298218
298222
298224
298226
298229
298234
298235
298248
298251
298254
298257
298258
298261
298263
298265
298266
298268
298269
298270
298284
298285
298286
298287
298289
298293
298296
298298
298300
298304
298307
298309
298311
298313
298314
298316
298319
298321
298322
298323
298326
298328
298329
298330
298331
298344
298347
298348
298351
298352
298353
298354
298355
298357
298359
298360
298363
298364
298365
298368
298371
298376
298378
298379
298380
298384
298387
298395
298398
298400
298402
298403
298408
298409
298410
298413
298416
298422
298424
298429
298430
298431
298436
298437
298438
298439
298441
298442
298443
298444
298448
298450
298453
298454
298455
298456
298459
298464
298465
298468
298471
298475
298476
298478
298479
298483
298490
298491
298493
298495
298502
298506
298513
298514
298521
298531
298534
298535
298539
298541
298543
298544
298546
298550
298551
298552
298554
298561
298569
298576
298578
298579
298582
298583
298584
298586
298587
298588
298590
298591
298593
298597
298598
298602
298603
298604
298605
298607
298608
298611
298613
298615
298620
298621
298622
298623
298626
298627
298630
298637
298641
298642
298649
298650
298651
298652
298656
298658
298660
298663
298670
298673
298674
298681
298684
298685
298687
298689
298690
298692
298693
298696
298701
298702
298704
298708
298716
298717
298718
298719
298721
298726
298728
298729
298732
298734
298735
298743
298744
298746
298748
298749
298751
298753
298758
298759
298762
298763
298765
298766
298770
298776
298778
298779
298781
298782
298783
298784
298785
298787
298790
298792
298793
298794
298797
298800
298802
298803
298807
298809
298816
298817
298818
298822
298824
298826
298828
298832
298834
298835
298837
298838
298839
298842
298845
298847
298852
298855
298856
298859
298864
298867
298870
298871
298874
298880
298883
298884
298885
298886
298888
298894
298897
298898
298900
298903
298904
298911
298914
298918
298920
298924
298926
298928
298931
298933
298937
298939
298940
298943
298947
298949
298952
298953
298954
298955
298958
298964
298969
298972
298973
298974
298976
298977
298978
298982
298984
298985
298989
298992
298994
298999
299000
299001
299002
299004
299006
299010
299013
299014
299016
299017
299021
299022
299026
299031
299033
299035
299039
299042
299044
299045
299046
299048
299049
299051
299057
299060
299061
299062
299064
299065
299067
299068
299069
299070
299073
299074
299076
299078
299079
299080
299085
299086
299087
299088
299089
299090
299094
299100
299102
299103
299104
299107
299108
299109
299112
299113
299114
299116
299119
299120
299124
299126
299127
299131
299133
299135
299136
299137
299140
299144
299148
299150
299151
299152
299153
299158
299159
299160
299161
299163
299164
299165
299168
299171
299173
299174
299178
299183
299184
299186
299187
299189
299192
299194
299195
299198
299199
299204
299205
299207
299210
299211
299213
299215
299220
299221
299222
299231
299232
299235
299237
299240
299243
299245
299247
299249
299250
299251
299252
299253
299254
299259
299260
299262
299264
299266
299267
299273
299274
299275
299278
299279
299286
299288
299289
299292
299293
299294
299295
299303
299304
299306
299307
299308
299310
299311
299315
299316
299317
299318
299321
299322
299323
299324
299327
299328
299329
299331
299332
299333
299334
299335
299338
299339
299341
299342
299344
299350
299352
299354
299355
299356
299360
299368
299369
299371
299373
299375
299376
299379
299380
299381
299384
299391
299392
299395
299397
299400
299402
299407
299408
299409
299410
299414
299416
299418
299419
299423
299429
299431
299433
299434
299436
299437
299440
299444
299445
299447
299448
299450
299453
299454
299458
299461
299467
299469
299470
299472
299474
299476
299479
299482
299485
299486
299487
299489
299496
299500
299501
299503
299504
299507
299514
299515
299519
299520
299522
299525
299527
299528
299529
299530
299532
299536
299537
299541
299542
299546
299551
299555
299564
299565
299567
299571
299572
299574
299575
299577
299580
299581
299583
299586
299587
299588
299591
299593
299596
299598
299600
299607
299608
299609
299612
299613
299617
299619
299624
299630
299635
299636
299638
299643
299648
299651
299653
299654
299655
299661
299665
299666
299669
299670
299672
299676
299679
299680
299681
299685
299686
299687
299688
299689
299694
299695
299696
299700
299704
299705
299706
299707
299712
299714
299715
299717
299720
299727
299728
299729
299731
299733
299738
299742
299746
299749
299751
299752
299757
299758
299764
299766
299770
299771
299773
299776
299777
299778
299780
299783
299784
299786
299789
299790
299791
299793
299800
299801
299802
299807
299808
299809
299810
299812
299815
299820
299822
299824
299826
299830
299833
299834
299837
299841
299843
299846
299847
299848
299851
299852
299855
299859
299862
299867
299868
299870
299873
299877
299881
299882
299883
299884
299885
299891
299894
299895
299896
299898
299901
299902
299904
299905
299907
299913
299917
299918
299919
299921
299924
299927
299932
299942
299946
299950
299951
299952
299953
299956
299961
299964
299965
299969
299971
299977
299978
299980
299991
299998
300000
300005
300007
300010
300013
300014
300016
300018
300019
300021
300022
300023
300024
300027
300034
300036
300037
300038
300040
300042
300044
300047
300049
300051
300052
300053
300054
300059
300060
300065
300072
300073
300074
300076
300077
300079
300082
300085
300087
300088
300089
300090
300095
300097
300102
300109
300110
300111
300112
300114
300116
300120
300123
300125
300129
300130
300133
300134
300137
300138
300139
300142
300144
300145
300147
300150
300151
300156
300159
300163
300168
300169
300170
300171
300178
300182
300184
300186
300191
300200
300203
300206
300207
300208
300212
300216
300219
300220
300221
300223
300225
300226
300227
300228
300229
300232
300235
300236
300237
300238
300240
300241
300242
300243
300246
300247
300250
300252
300254
300260
300264
300268
300271
300274
300276
300277
300278
300279
300283
300284
300286
300289
300293
300298
300300
300301
300304
300305
300308
300310
300315
300317
300319
300323
300326
300328
300330
300333
300335
300339
300340
300344
300345
300347
300348
300350
300353
300355
300357
300358
300360
300364
300368
300370
300371
300373
300374
300380
300382
300386
300387
300388
300389
300390
300392
300393
300395
300399
300401
300402
300406
300407
300409
300410
300416
300424
300425
300429
300430
300432
300433
300435
300439
300440
300442
300443
300444
300452
300453
300455
300460
300461
300463
300464
300467
300468
300471
300474
300478
300483
300484
300485
300491
300492
300493
300494
300505
300508
300509
300513
300517
300520
300521
300523
300524
300532
300536
300537
300540
300541
300545
300547
300551
300554
300557
300561
300562
300566
300568
300573
300583
300584
300586
300587
300593
300599
300600
300601
300603
300607
300609
300611
300612
300613
300618
300619
300623
300624
300627
300630
300632
300636
300638
300642
300645
300647
300649
300653
300654
300655
300657
300659
300662
300663
300664
300667
300668
300671
300681
300682
300684
300687
300688
300690
300691
300695
300697
300700
300703
300705
300708
300712
300716
300721
300722
300725
300730
300735
300737
300740
300741
300745
300749
300751
300753
300755
300757
300760
300761
300762
300763
300767
300769
300771
300772
300773
300777
300778
300781
300785
300787
300789
300790
300797
300798
300802
300809
300810
300814
300816
300819
300820
300822
300823
300827
300831
300832
300834
300837
300838
300840
300842
300844
300845
300851
300852
300855
300856
300857
300858
300860
300861
300862
300864
300866
300870
300871
300873
300876
300877
300881
300882
300885
300888
300892
300897
300899
300905
300906
300911
300913
300914
300915
300916
300920
300921
300922
300924
300926
300928
300932
300933
300936
300937
300943
300945
300951
300952
300962
300968
300978
300981
300986
300987
300992
300994
300996
300997
300998
300999
301006
301007
301008
301011
301012
301014
301016
301017
301018
301021
301022
301023
301026
301028
301034
301035
301039
301040
301041
301044
301045
301046
301051
301052
301053
301054
301056
301058
301059
301063
301068
301069
301070
301074
301076
301077
301079
301082
301084
301089
301090
301094
301097
301098
301101
301102
301103
301105
301106
301112
301113
301114
301117
301118
301120
301121
301122
301125
301129
301131
301132
301133
301135
301136
301142
301144
301146
301147
301149
301153
301161
301164
301165
301167
301170
301174
301175
301179
301180
301181
301182
301188
301189
301191
301193
301194
301197
301201
301202
301204
301205
301207
301208
301214
301216
301222
301223
301225
301228
301232
301236
301243
301244
301245
301246
301247
301248
301249
301253
301254
301256
301261
301264
301265
301266
301267
301270
301271
301272
301273
301274
301276
301278
301280
301282
301283
301284
301285
301288
301289
301297
301299
301300
301303
301304
301305
301307
301308
301312
301318
301319
301325
301326
301330
301333
301337
301339
301345
301346
301350
301353
301357
301358
301359
301360
301367
301369
301373
301376
301377
301385
301389
301391
301392
301396
301397
301404
301405
301411
301414
301417
301418
301419
301426
301429
301430
301432
301433
301438
301439
301441
301446
301449
301451
301453
301457
301459
301463
301465
301466
301468
301470
301474
301476
301485
301486
301487
301491
301493
301494
301495
301496
301497
301500
301503
301504
301505
301506
301507
301508
301510
301511
301513
301515
301516
301519
301529
301537
301539
301540
301542
301543
301545
301546
301550
301554
301558
301562
301567
301568
301571
301572
301577
301584
301586
301587
301592
301593
301594
301595
301596
301597
301600
301606
301609
301611
301615
301619
301622
301627
301629
301633
301638
301640
301643
301644
301645
301646
301652
301653
301657
301658
301659
301667
301668
301671
301684
301686
301687
301699
301701
301703
301705
301706
301707
301710
301712
301714
301715
301716
301717
301718
301719
301722
301723
301724
301726
301732
301734
301741
301743
301747
301756
301761
301762
301763
301765
301766
301773
301774
301780
301781
301783
301787
301790
301791
301799
301800
301801
301804
301805
301810
301813
301814
301816
301818
301822
301823
301824
301825
301828
301831
301833
301834
301835
301839
301840
301841
301842
301843
301854
301855
301859
301860
301867
301870
301872
301878
301881
301883
301885
301888
301890
301891
301892
301895
301897
301900
301901
301906
301907
301908
301909
301912
301914
301915
301917
301925
301928
301931
301933
301937
301938
301942
301943
301945
301949
301955
301958
301961
301962
301967
301972
301974
301976
301977
301980
301981
301983
301990
301993
301996
301997
302001
302002
302003
302005
302009
302010
302018
302020
302021
302023
302024
302025
302029
302032
302034
302039
302043
302044
302045
302048
302051
302052
302055
302056
302058
302060
302061
302062
302063
302064
302068
302070
302071
302074
302075
302080
302083
302086
302091
302101
302109
302111
302113
302114
302117
302119
302126
302130
302131
302132
302134
302136
302137
302141
302148
302151
302156
302162
302165
302166
302168
302173
302176
302177
302178
302179
302181
302184
302185
302188
302191
302192
302195
302197
302199
302201
302202
302205
302209
302211
302213
302218
302219
302222
302223
302224
302225
302227
302229
302231
302237
302238
302239
302241
302245
302246
302247
302249
302254
302255
302257
302258
302260
302261
302262
302263
302265
302270
302271
302274
302277
302279
302282
302283
302285
302286
302287
302291
302297
302298
302304
302307
302309
302312
302313
302320
302322
302323
302324
302326
302328
302329
302333
302335
302353
302355
302358
302359
302362
302369
302371
302373
302378
302383
302384
302389
302390
302392
302394
302395
302398
302399
302400
302401
302403
302405
302406
302409
302416
302417
302420
302422
302423
302425
302427
302430
302438
302446
302448
302449
302450
302453
302454
302458
302459
302461
302462
302464
302465
302467
302468
302474
302477
302478
302485
302489
302491
302495
302496
302502
302504
302505
302509
302511
302522
302523
302529
302531
302535
302536
302539
302543
302547
302552
302554
302556
302557
302558
302559
302560
302561
302565
302568
302571
302572
302575
302576
302577
302578
302581
302586
302591
302595
302596
302597
302598
302599
302600
302605
302607
302608
302611
302612
302614
302618
302620
302621
302623
302624
302626
302628
302629
302630
302631
302633
302636
302637
302638
302641
302642
302643
302644
302649
302650
302651
302656
302657
302659
302661
302663
302664
302665
302666
302672
302673
302674
302675
302676
302679
302682
302684
302693
302695
302696
302697
302698
302699
302700
302702
302703
302709
302715
302716
302719
302720
302721
302730
302731
302733
302738
302739
302743
302745
302748
302749
302755
302756
302757
302758
302759
302760
302761
302762
302763
302765
302768
302770
302773
302777
302780
302781
302786
302787
302790
302792
302795
302796
302798
302800
302801
302803
302807
302810
302814
302815
302818
302819
302821
302825
302828
302830
302836
302837
302838
302840
302844
302845
302851
302852
302853
302854
302858
302861
302864
302867
302868
302871
302872
302875
302876
302880
302881
302884
302886
302888
302889
302891
302892
302895
302896
302897
302899
302901
302906
302907
302908
302909
302910
302916
302923
302924
302925
302926
302928
302931
302933
302936
302937
302938
302943
302945
302949
302951
302959
302961
302962
302963
302964
302966
302967
302970
302971
302974
302975
302978
302979
302984
302985
302987
302988
302989
302990
302992
302994
302995
302998
302999
303000
303002
303003
303004
303005
303007
303008
303009
303014
303017
303028
303030
303031
303032
303033
303039
303040
303041
303046
303047
303050
303051
303052
303053
303057
303063
303064
303067
303070
303071
303072
303076
303078
303080
303083
303084
303085
303086
303087
303090
303093
303096
303098
303099
303104
303105
303106
303108
303109
303110
303113
303115
303116
303117
303118
303120
303121
303122
303123
303126
303127
303129
303130
303132
303138
303142
303143
303144
303146
303154
303155
303157
303160
303162
303163
303164
303165
303168
303170
303171
303172
303174
303177
303178
303180
303181
303185
303190
303200
303201
303204
303208
303211
303213
303214
303217
303221
303226
303228
303229
303231
303233
303235
303238
303239
303240
303243
303245
303246
303247
303251
303253
303257
303263
303270
303271
303272
303277
303278
303280
303281
303288
303289
303290
303291
303292
303296
303298
303299
303301
303304
303306
303308
303309
303311
303313
303317
303318
303320
303321
303323
303326
303329
303332
303334
303336
303337
303341
303342
303344
303348
303350
303351
303352
303355
303356
303359
303368
303371
303372
303373
303378
303382
303383
303384
303388
303390
303391
303396
303398
303399
303405
303407
303409
303410
303412
303414
303415
303416
303417
303423
303426
303431
303433
303434
303436
303441
303442
303445
303446
303447
303450
303456
303457
303461
303462
303464
303466
303468
303469
303471
303472
303473
303476
303477
303480
303482
303483
303485
303488
303490
303492
303493
303494
303496
303498
303499
303500
303501
303506
303508
303511
303514
303518
303519
303520
303524
303527
303529
303530
303534
303538
303539
303542
303543
303545
303546
303547
303551
303552
303555
303559
303561
303562
303563
303564
303565
303566
303567
303568
303569
303572
303576
303580
303581
303584
303585
303589
303591
303592
303597
303599
303600
303603
303604
303605
303611
303614
303615
303620
303623
303624
303630
303633
303635
303641
303644
303647
303648
303649
303651
303652
303654
303655
303656
303660
303665
303673
303676
303678
303682
303684
303685
303686
303690
303691
303695
303696
303697
303700
303701
303708
303709
303710
303711
303712
303714
303715
303717
303719
303723
303724
303726
303728
303729
303730
303736
303738
303739
303743
303747
303750
303759
303763
303765
303768
303771
303773
303775
303776
303777
303779
303781
303784
303786
303797
303798
303800
303803
303804
303805
303808
303811
303815
303816
303821
303822
303823
303824
303825
303828
303830
303832
303834
303836
303838
303840
303842
303843
303845
303848
303850
303851
303852
303854
303856
303860
303861
303864
303865
303866
303867
303868
303875
303876
303878
303880
303886
303891
303893
303894
303895
303896
303900
303901
303904
303908
303909
303910
303917
303919
303924
303927
303930
303932
303933
303937
303945
303946
303948
303949
303950
303951
303953
303954
303955
303957
303959
303960
303962
303963
303966
303967
303970
303971
303972
303975
303976
303981
303988
303991
303995
303996
303997
303998
303999
304000
304001
304003
304006
304011
304012
304015
304017
304018
304023
304027
304028
304029
304035
304036
304037
304041
304042
304043
304044
304046
304047
304051
304054
304055
304057
304066
304068
304071
304072
304074
304077
304078
304079
304081
304083
304084
304087
304089
304090
304093
304096
304099
304101
304105
304108
304113
304114
304116
304120
304124
304125
304126
304130
304134
304137
304144
304146
304147
304149
304162
304163
304164
304165
304167
304174
304175
304179
304180
304182
304183
304187
304188
304192
304193
304195
304196
304200
304201
304204
304206
304209
304210
304211
304212
304216
304218
304219
304222
304223
304227
304231
304236
304237
304240
304245
304246
304249
304256
304257
304258
304259
304260
304261
304263
304269
304273
304275
304278
304281
304283
304284
304285
304286
304289
304290
304295
304296
304297
304298
304301
304308
304309
304310
304315
304318
304319
304328
304331
304332
304333
304334
304340
304341
304344
304346
304351
304353
304361
304362
304370
304372
304373
304374
304375
304377
304379
304384
304386
304389
304390
304391
304393
304394
304395
304400
304402
304403
304405
304406
304412
304418
304420
304421
304424
304425
304429
304430
304431
304435
304437
304440
304442
304443
304445
304447
304448
304451
304455
304458
304459
304461
304463
304464
304466
304468
304470
304473
304474
304478
304483
304484
304485
304486
304489
304491
304492
304495
304504
304509
304512
304513
304515
304516
304519
304521
304522
304525
304526
304527
304532
304539
304541
304544
304545
304552
304555
304557
304558
304560
304563
304564
304565
304566
304568
304569
304572
304577
304578
304582
304585
304593
304596
304600
304602
304604
304605
304607
304611
304613
304615
304616
304625
304626
304628
304629
304632
304633
304635
304639
304641
304647
304648
304652
304653
304654
304655
304659
304680
304684
304689
304690
304691
304694
304697
304700
304701
304706
304707
304708
304715
304718
304722
304723
304724
304725
304726
304728
304729
304731
304732
304738
304743
304746
304747
304748
304751
304754
304755
304756
304760
304765
304766
304767
304768
304769
304770
304772
304773
304774
304777
304778
304779
304780
304782
304786
304787
304788
304790
304791
304792
304793
304797
304799
304802
304803
304804
304806
304807
304808
304809
304810
304814
304816
304817
304823
304824
304827
304828
304830
304834
304835
304837
304839
304842
304845
304846
304847
304849
304851
304853
304854
304855
304860
304861
304862
304864
304867
304872
304873
304880
304882
304888
304889
304894
304895
304897
304899
304901
304902
304906
304907
304908
304911
304916
304918
304922
304923
304924
304933
304938
304939
304940
304956
304957
304958
304959
304961
304962
304965
304966
304969
304970
304976
304977
304980
304981
304982
304983
304991
304996
304997
304998
305002
305005
305006
305007
305010
305011
305012
305015
305016
305024
305027
305028
305029
305031
305037
305038
305039
305042
305043
305045
305046
305048
305051
305052
305056
305061
305064
305067
305068
305073
305077
305081
305084
305085
305086
305088
305089
305090
305091
305092
305093
305100
305101
305102
305105
305106
305107
305108
305111
305112
305114
305117
305121
305123
305125
305127
305129
305131
305137
305138
305139
305143
305145
305146
305148
305151
305152
305156
305157
305158
305159
305160
305162
305167
305168
305173
305175
305177
305181
305184
305188
305189
305194
305195
305196
305201
305202
305207
305209
305210
305214
305216
305219
305222
305231
305236
305238
305244
305247
305248
305250
305258
305259
305260
305264
305265
305270
305272
305273
305274
305280
305281
305282
305284
305286
305287
305289
305290
305291
305292
305294
305297
305298
305303
305305
305306
305307
305308
305310
305311
305315
305318
305324
305325
305327
305329
305330
305331
305334
305337
305341
305346
305355
305357
305358
305360
305364
305367
305375
305377
305378
305379
305383
305386
305388
305389
305390
305391
305392
305394
305395
305396
305400
305402
305403
305404
305405
305408
305411
305413
305416
305417
305420
305426
305430
305431
305434
305435
305438
305442
305445
305446
305448
305451
305458
305462
305463
305465
305470
305471
305473
305476
305484
305490
305493
305495
305497
305498
305503
305504
305505
305510
305511
305518
305521
305522
305528
305529
305533
305535
305541
305542
305545
305547
305551
305552
305554
305557
305558
305561
305562
305563
305568
305569
305572
305573
305575
305576
305577
305578
305580
305582
305585
305587
305589
305594
305596
305599
305600
305601
305604
305611
305613
305614
305615
305617
305618
305619
305625
305626
305628
305629
305632
305635
305636
305638
305639
305644
305646
305647
305651
305652
305653
305655
305656
305659
305661
305663
305668
305669
305670
305672
305674
305677
305678
305679
305680
305681
305682
305683
305686
305691
305692
305694
305697
305698
305701
305705
305707
305716
305720
305722
305726
305735
305737
305743
305745
305746
305750
305751
305752
305758
305760
305761
305768
305771
305777
305780
305781
305783
305785
305788
305794
305795
305799
305801
305802
305803
305807
305808
305809
305811
305812
305819
305820
305824
305825
305827
305828
305830
305832
305833
305835
305838
305839
305841
305847
305851
305853
305856
305857
305860
305861
305865
305876
305877
305879
305886
305894
305895
305896
305899
305901
305902
305903
305908
305909
305912
305915
305916
305917
305921
305928
305929
305931
305932
305935
305936
305938
305940
305941
305944
305945
305946
305948
305952
305953
305955
305965
305967
305969
305976
305980
305983
305985
305987
305990
305994
305998
306003
306007
306008
306013
306014
306016
306017
306019
306025
306026
306031
306033
306034
306042
306046
306048
306049
306050
306051
306052
306053
306054
306056
306057
306060
306061
306064
306066
306073
306076
306080
306082
306087
306088
306089
306090
306092
306094
306095
306097
306098
306100
306101
306102
306103
306108
306110
306113
306114
306116
306117
306121
306122
306123
306125
306126
306128
306130
306133
306136
306138
306140
306142
306145
306151
306155
306156
306158
306159
306164
306167
306169
306170
306172
306173
306176
306179
306181
306183
306190
306191
306193
306196
306199
306201
306202
306206
306210
306211
306213
306214
306215
306216
306219
306220
306224
306227
306228
306233
306234
306239
306241
306244
306245
306250
306251
306252
306254
306256
306262
306265
306266
306267
306269
306275
306276
306278
306284
306287
306288
306295
306296
306297
306298
306299
306303
306306
306307
306308
306309
306311
306318
306321
306322
306325
306326
306328
306329
306331
306337
306340
306343
306346
306347
306348
306349
306352
306354
306355
306362
306363
306368
306370
306372
306373
306375
306377
306378
306379
306381
306382
306386
306392
306394
306399
306404
306406
306408
306410
306413
306417
306424
306426
306427
306429
306430
306436
306437
306438
306440
306441
306449
306450
306451
306452
306454
306459
306460
306461
306465
306466
306467
306475
306477
306487
306490
306492
306498
306499
306501
306503
306507
306509
306510
306513
306515
306516
306523
306524
306525
306528
306532
306534
306535
306537
306540
306544
306546
306547
306548
306550
306555
306556
306559
306564
306565
306568
306569
306574
306576
306577
306578
306579
306580
306581
306584
306589
306596
306597
306598
306603
306604
306606
306607
306608
306610
306611
306613
306614
306621
306623
306624
306625
306627
306630
306632
306633
306638
306641
306645
306652
306655
306662
306666
306669
306674
306675
306681
306685
306687
306693
306695
306704
306706
306709
306712
306714
306715
306720
306721
306722
306725
306726
306727
306728
306729
306733
306735
306741
306744
306749
306750
306751
306757
306758
306759
306761
306763
306769
306770
306772
306779
306780
306781
306782
306784
306785
306789
306791
306792
306793
306796
306800
306801
306803
306804
306806
306811
306814
306817
306819
306827
306830
306831
306834
306842
306844
306849
306852
306859
306863
306865
306868
306872
306875
306879
306882
306885
306886
306889
306890
306894
306897
306898
306899
306900
306902
306904
306905
306907
306908
306910
306915
306916
306919
306922
306923
306924
306926
306927
306928
306930
306931
306935
306937
306942
306944
306947
306954
306957
306960
306961
306965
306967
306968
306969
306971
306972
306980
306984
306985
306986
306988
306989
306990
306992
306995
306998
307003
307007
307015
307016
307017
307022
307023
307027
307029
307030
307031
307032
307033
307035
307039
307040
307041
307043
307045
307046
307047
307049
307051
307052
307055
307056
307058
307060
307061
307062
307065
307068
307070
307071
307073
307074
307075
307077
307079
307086
307091
307093
307099
307101
307105
307106
307110
307114
307122
307124
307125
307130
307133
307134
307138
307139
307141
307143
307151
307154
307156
307157
307158
307160
307164
307165
307171
307172
307175
307177
307179
307182
307183
307184
307188
307190
307191
307193
307195
307196
307197
307205
307206
307213
307214
307216
307217
307220
307223
307226
307227
307230
307232
307235
307240
307242
307245
307247
307248
307249
307250
307251
307254
307261
307262
307263
307264
307266
307272
307274
307275
307277
307278
307279
307280
307281
307286
307288
307294
307298
307299
307303
307312
307315
307318
307320
307322
307323
307326
307327
307329
307331
307332
307336
307338
307343
307346
307349
307351
307354
307358
307359
307361
307362
307365
307368
307371
307374
307376
307377
307384
307393
307397
307398
307401
307402
307406
307407
307408
307411
307412
307413
307415
307420
307425
307428
307430
307435
307438
307440
307441
307445
307451
307458
307477
307478
307482
307483
307485
307486
307488
307489
307494
307498
307500
307503
307507
307510
307512
307513
307516
307518
307520
307521
307522
307525
307526
307527
307528
307529
307531
307532
307533
307534
307537
307540
307541
307543
307546
307547
307549
307552
307555
307559
307561
307564
307569
307571
307573
307576
307577
307581
307584
307589
307591
307595
307596
307597
307600
307601
307604
307609
307612
307613
307614
307617
307618
307620
307621
307623
307625
307627
307629
307631
307637
307641
307642
307643
307645
307648
307650
307656
307662
307665
307666
307672
307673
307680
307691
307693
307696
307697
307699
307705
307706
307708
307710
307711
307715
307720
307722
307723
307724
307726
307728
307730
307731
307735
307736
307738
307739
307740
307741
307743
307746
307749
307750
307751
307754
307762
307763
307766
307769
307770
307777
307782
307784
307785
307792
307793
307794
307795
307805
307807
307811
307813
307817
307818
307820
307821
307823
307824
307830
307832
307836
307837
307841
307843
307845
307849
307850
307855
307857
307859
307860
307867
307869
307872
307874
307875
307876
307885
307890
307893
307894
307896
307898
307899
307901
307903
307908
307910
307911
307914
307916
307917
307918
307920
307921
307922
307923
307924
307925
307927
307932
307933
307936
307940
307942
307945
307946
307949
307951
307952
307954
307955
307957
307961
307962
307964
307966
307967
307968
307969
307970
307971
307979
307982
307983
307986
307990
307991
307993
307995
307996
308000
308002
308003
308007
308008
308009
308011
308012
308016
308018
308019
308023
308027
308033
308034
308036
308037
308039
308040
308041
308046
308052
308056
308059
308063
308066
308072
308074
308078
308081
308083
308089
308093
308094
308095
308096
308099
308100
308106
308107
308111
308121
308126
308127
308129
308130
308134
308135
308144
308146
308149
308150
308151
308154
308156
308164
308169
308170
308172
308174
308175
308177
308178
308180
308183
308187
308189
308191
308192
308197
308199
308200
308203
308205
308208
308210
308211
308213
308215
308216
308218
308220
308223
308231
308236
308239
308248
308252
308254
308256
308258
308260
308262
308265
308268
308269
308272
308274
308278
308283
308285
308286
308290
308291
308292
308293
308295
308298
308302
308307
308309
308312
308313
308320
308321
308324
308325
308326
308327
308329
308332
308339
308340
308341
308342
308343
308346
308347
308354
308356
308360
308362
308369
308371
308372
308374
308376
308378
308379
308380
308382
308383
308384
308386
308387
308390
308394
308395
308401
308402
308403
308404
308412
308414
308415
308417
308419
308420
308424
308425
308427
308429
308435
308436
308437
308438
308444
308445
308446
308447
308448
308450
308453
308455
308456
308457
308458
308461
308467
308468
308469
308478
308480
308482
308485
308489
308490
308496
308499
308501
308502
308507
308511
308514
308515
308520
308521
308526
308529
308530
308532
308534
308539
308545
308546
308548
308549
308552
308553
308561
308562
308564
308566
308567
308570
308571
308574
308577
308578
308580
308582
308584
308585
308586
308590
308593
308595
308597
308598
308599
308601
308602
308603
308605
308606
308607
308608
308611
308612
308617
308619
308620
308623
308624
308625
308627
308629
308630
308632
308633
308636
308637
308638
308640
308642
308643
308645
308646
308647
308648
308649
308653
308659
308660
308662
308665
308675
308679
308680
308681
308684
308686
308688
308691
308693
308694
308696
308700
308701
308702
308706
308707
308708
308710
308712
308716
308717
308719
308721
308728
308733
308736
308739
308740
308741
308742
308744
308745
308749
308750
308751
308752
308753
308755
308756
308758
308760
308761
308764
308768
308770
308773
308776
308778
308779
308781
308782
308786
308789
308792
308795
308796
308798
308799
308807
308809
308816
308817
308818
308820
308821
308824
308825
308834
308835
308837
308839
308843
308846
308847
308857
308860
308863
308864
308868
308870
308876
308882
308884
308888
308890
308893
308896
308898
308901
308904
308905
308907
308908
308913
308914
308919
308921
308923
308924
308928
308930
308932
308939
308945
308953
308955
308956
308957
308960
308961
308964
308965
308968
308969
308970
308978
308981
308985
308986
308988
308989
308992
308995
308996
308998
309001
309003
309004
309009
309012
309016
309017
309020
309021
309027
309028
309029
309034
309038
309043
309044
309046
309050
309051
309052
309053
309054
309055
309056
309057
309060
309061
309063
309064
309067
309070
309072
309073
309074
309075
309076
309079
309080
309083
309085
309088
309089
309093
309095
309097
309098
309102
309103
309107
309110
309111
309113
309116
309117
309122
309123
309125
309126
309128
309135
309136
309137
309138
309140
309142
309144
309145
309147
309149
309153
309154
309155
309157
309161
309164
309166
309167
309169
309170
309173
309174
309175
309178
309180
309181
309186
309189
309195
309197
309201
309207
309208
309213
309218
309226
309228
309231
309232
309234
309235
309236
309237
309242
309243
309245
309248
309251
309252
309258
309266
309271
309273
309274
309277
309278
309279
309281
309282
309289
309291
309292
309300
309304
309305
309315
309316
309323
309324
309325
309328
309331
309333
309336
309339
309341
309342
309344
309346
309347
309348
309349
309350
309353
309354
309355
309356
309359
309361
309362
309364
309369
309372
309375
309377
309380
309383
309384
309385
309387
309392
309393
309395
309398
309399
309400
309401
309406
309407
309409
309411
309414
309415
309417
309418
309419
309420
309422
309424
309428
309429
309430
309433
309435
309436
309443
309444
309446
309449
309450
309453
309454
309455
309460
309462
309463
309464
309465
309467
309468
309469
309471
309476
309478
309479
309484
309488
309490
309492
309494
309495
309496
309498
309499
309501
309504
309505
309507
309509
309513
309514
309515
309516
309518
309519
309520
309521
309524
309526
309529
309530
309531
309536
309537
309539
309540
309541
309543
309550
309551
309555
309557
309559
309561
309564
309566
309568
309571
309572
309573
309577
309578
309579
309583
309585
309586
309587
309588
309591
309594
309596
309598
309599
309600
309602
309603
309606
309611
309612
309615
309618
309619
309621
309625
309627
309630
309631
309633
309638
309640
309641
309642
309645
309648
309650
309651
309652
309657
309658
309664
309667
309668
309669
309671
309672
309673
309675
309681
309682
309685
309686
309687
309688
309693
309698
309700
309706
309707
309709
309710
309711
309712
309714
309715
309716
309718
309719
309724
309727
309728
309729
309731
309735
309737
309742
309744
309745
309751
309752
309754
309756
309757
309758
309767
309770
309772
309778
309779
309780
309781
309782
309784
309785
309787
309788
309792
309793
309794
309795
309796
309804
309805
309807
309809
309810
309811
309812
309813
309817
309822
309826
309829
309832
309833
309834
309835
309837
309842
309843
309844
309845
309851
309857
309864
309865
309866
309868
309873
309877
309879
309881
309890
309891
309892
309894
309899
309901
309903
309906
309907
309909
309910
309913
309915
309917
309919
309928
309934
309938
309940
309941
309951
309952
309957
309960
309962
309968
309970
309972
309973
309975
309978
309979
309980
309982
309983
309985
309986
309992
309993
309994
309996
309998
310000
310001
310002
310004
310007
310009
310011
310016
310017
310020
310021
310023
310031
310032
310033
310035
310042
310044
310045
310047
310051
310056
310060
310064
310065
310067
310070
310075
310077
310078
310079
310083
310085
310086
310088
310089
310090
310094
310095
310098
310101
310103
310105
310111
310113
310116
310119
310120
310121
310124
310130
310131
310137
310141
310143
310145
310149
310150
310152
310156
310161
310164
310165
310166
310167
310168
310170
310176
310180
310182
310185
310186
310188
310189
310191
310194
310198
310200
310201
310204
310207
310208
310210
310211
310212
310214
310215
310216
310219
310220
310221
310227
310232
310233
310236
310238
310242
310243
310244
310247
310254
310262
310265
310267
310269
310270
310271
310272
310273
310277
310280
310284
310285
310286
310289
310290
310292
310295
310298
310302
310304
310306
310309
310314
310315
310316
310323
310324
310328
310332
310341
310343
310344
310345
310348
310349
310356
310357
310365
310368
310369
310371
310373
310374
310375
310379
310380
310381
310385
310386
310387
310390
310394
310396
310397
310403
310404
310405
310409
310412
310413
310414
310416
310419
310420
310422
310423
310424
310426
310427
310428
310431
310432
310433
310438
310439
310441
310442
310444
310445
310446
310447
310451
310452
310455
310456
310457
310466
310467
310473
310474
310475
310477
310478
310479
310480
310481
310482
310486
310490
310491
310499
310503
310505
310507
310508
310512
310513
310520
310521
310524
310529
310534
310537
310538
310541
310542
310543
310544
310545
310546
310550
310552
310554
310555
310561
310563
310565
310566
310567
310569
310570
310571
310573
310577
310579
310580
310581
310585
310589
310590
310591
310592
310593
310594
310595
310596
310597
310599
310600
310602
310604
310606
310607
310608
310610
310611
310616
310618
310619
310621
310623
310625
310627
310628
310632
310635
310637
310639
310640
310644
310645
310647
310648
310650
310651
310654
310656
310657
310662
310663
310664
310665
310667
310669
310673
310675
310677
310681
310683
310690
310691
310698
310700
310702
310704
310711
310714
310717
310718
310719
310721
310724
310727
310728
310730
310731
310738
310739
310743
310745
310747
310753
310754
310757
310760
310761
310766
310767
310768
310770
310771
310772
310776
310778
310781
310788
310789
310792
310798
310799
310800
310803
310813
310815
310817
310823
310826
310829
310830
310832
310833
310835
310837
310840
310843
310844
310845
310852
310853
310856
310859
310863
310866
310868
310870
310872
310873
310875
310876
310878
310879
310880
310887
310888
310890
310892
310896
310898
310899
310900
310902
310904
310906
310907
310910
310912
310913
310914
310919
310921
310923
310926
310928
310932
310933
310936
310941
310953
310956
310958
310960
310961
310962
310963
310965
310971
310973
310977
310978
310987
310988
310993
310994
310997
311000
311001
311002
311004
311005
311006
311009
311010
311013
311015
311017
311019
311024
311026
311027
311032
311033
311037
311038
311041
311044
311045
311048
311049
311051
311054
311060
311061
311066
311067
311069
311071
311072
311079
311080
311083
311084
311086
311088
311089
311093
311094
311096
311098
311099
311101
311102
311106
311107
311112
311114
311115
311119
311121
311125
311126
311131
311133
311134
311135
311140
311144
311145
311147
311148
311149
311155
311156
311157
311158
311159
311160
311162
311166
311167
311168
311169
311174
311175
311181
311184
311187
311190
311199
311200
311202
311205
311207
311210
311211
311216
311218
311219
311221
311222
311226
311229
311231
311234
311235
311237
311240
311242
311244
311245
311247
311248
311251
311254
311258
311259
311261
311262
311263
311264
311266
311267
311268
311269
311283
311284
311289
311291
311295
311296
311297
311298
311306
311307
311309
311311
311315
311324
311325
311331
311333
311336
311338
311342
311343
311349
311350
311352
311353
311358
311363
311367
311371
311372
311373
311379
311381
311386
311390
311395
311397
311399
311400
311406
311409
311410
311415
311416
311420
311423
311425
311426
311428
311430
311431
311433
311434
311442
311443
311444
311448
311451
311453
311456
311457
311458
311459
311463
311467
311468
311472
311475
311476
311479
311480
311481
311482
311483
311487
311492
311494
311495
311496
311497
311498
311499
311500
311502
311506
311507
311509
311512
311513
311520
311523
311524
311525
311530
311531
311535
311537
311538
311539
311540
311544
311545
311548
311549
311553
311554
311556
311557
311558
311562
311571
311576
311578
311584
311588
311590
311591
311594
311595
311599
311600
311604
311605
311607
311613
311620
311621
311622
311625
311626
311630
311631
311633
311635
311636
311641
311642
311643
311646
311647
311650
311651
311655
311656
311659
311662
311665
311669
311672
311674
311675
311676
311677
311678
311680
311681
311689
311694
311697
311698
311699
311700
311701
311705
311707
311708
311715
311718
311722
311723
311726
311730
311731
311732
311733
311734
311735
311737
311745
311748
311749
311750
311753
311758
311762
311764
311765
311766
311767
311770
311774
311777
311780
311781
311784
311785
311786
311787
311790
311795
311796
311799
311802
311803
311804
311806
311808
311812
311814
311816
311819
311823
311824
311827
311828
311829
311833
311834
311835
311837
311841
311842
311844
311845
311850
311855
311857
311859
311863
311864
311865
311866
311870
311871
311873
311874
311875
311876
311877
311878
311882
311884
311886
311888
311889
311892
311902
311908
311909
311910
311912
311914
311916
311920
311921
311922
311923
311924
311926
311928
311929
311932
311934
311938
311941
311942
311944
311947
311950
311953
311955
311957
311958
311960
311972
311978
311980
311981
311982
311987
311989
311990
311992
311993
312001
312003
312006
312007
312011
312012
312014
312016
312017
312018
312019
312026
312027
312035
312041
312045
312047
312049
312051
312052
312055
312059
312061
312069
312073
312074
312075
312077
312079
312080
312090
312094
312095
312097
312102
312103
312105
312106
312109
312110
312114
312115
312118
312119
312120
312124
312131
312132
312133
312138
312141
312148
312149
312150
312152
312154
312160
312161
312165
312167
312168
312173
312174
312175
312176
312179
312182
312184
312186
312187
312188
312192
312196
312200
312201
312206
312207
312209
312210
312211
312212
312215
312217
312218
312219
312222
312224
312225
312226
312232
312235
312241
312242
312244
312246
312248
312251
312253
312254
312256
312257
312258
312259
312261
312266
312268
312269
312270
312271
312273
312274
312276
312279
312280
312281
312287
312288
312295
312296
312297
312299
312302
312303
312304
312308
312310
312317
312319
312321
312323
312324
312327
312328
312329
312334
312338
312341
312342
312343
312346
312347
312352
312357
312358
312361
312367
312371
312374
312377
312378
312383
312384
312386
312388
312390
312392
312393
312395
312396
312397
312399
312400
312403
312410
312416
312418
312420
312423
312427
312428
312434
312435
312438
312440
312441
312443
312444
312445
312449
312450
312452
312460
312466
312468
312470
312471
312473
312480
312481
312491
312493
312494
312497
312506
312507
312509
312510
312511
312512
312513
312514
312515
312517
312522
312523
312524
312527
312528
312529
312536
312542
312544
312546
312548
312551
312553
312560
312562
312563
312564
312567
312568
312569
312570
312571
312572
312573
312578
312579
312580
312582
312587
312597
312598
312601
312602
312608
312609
312610
312612
312613
312615
312616
312617
312618
312622
312623
312625
312628
312630
312633
312644
312650
312651
312653
312659
312664
312665
312666
312674
312675
312676
312680
312681
312684
312685
312686
312687
312691
312693
312700
312702
312703
312706
312707
312712
312718
312720
312721
312723
312724
312727
312730
312731
312732
312736
312738
312742
312744
312745
312748
312754
312755
312756
312757
312758
312764
312765
312766
312768
312769
312772
312775
312777
312782
312787
312789
312792
312794
312795
312796
312800
312806
312811
312813
312816
312817
312821
312822
312823
312825
312830
312835
312836
312837
312841
312845
312855
312857
312862
312865
312866
312867
312870
312871
312874
312876
312877
312879
312880
312885
312888
312891
312892
312894
312899
312900
312901
312902
312907
312911
312912
312913
312916
312921
312922
312923
312925
312927
312928
312929
312931
312939
312943
312946
312949
312951
312952
312953
312957
312958
312959
312963
312964
312976
312979
312985
312986
312989
312991
312994
312996
312997
312998
313003
313004
313015
313018
313021
313024
313027
313030
313032
313034
313035
313036
313037
313040
313042
313044
313047
313048
313049
313050
313052
313053
313054
313055
313057
313060
313063
313064
313073
313077
313078
313084
313085
313089
313090
313091
313092
313093
313094
313097
313098
313101
313102
313105
313109
313113
313114
313116
313124
313128
313131
313133
313136
313138
313140
313141
313145
313148
313149
313154
313155
313156
313161
313164
313168
313171
313174
313187
313188
313191
313192
313198
313202
313203
313205
313206
313208
313215
313218
313223
313226
313228
313234
313236
313237
313241
313244
313247
313249
313252
313253
313257
313261
313267
313271
313272
313274
313277
313279
313282
313285
313286
313289
313293
313299
313304
313306
313308
313312
313314
313316
313319
313320
313323
313326
313327
313329
313330
313331
313332
313334
313340
313345
313346
313351
313352
313355
313358
313359
313360
313365
313366
313367
313369
313371
313372
313373
313374
313377
313379
313380
313382
313384
313389
313390
313397
313398
313399
313402
313408
313412
313417
313419
313420
313423
313426
313428
313430
313433
313435
313436
313437
313438
313439
313441
313443
313444
313445
313446
313447
313449
313450
313452
313453
313454
313457
313460
313464
313465
313466
313471
313472
313475
313476
313478
313481
313482
313489
313490
313491
313492
313497
313507
313508
313510
313511
313513
313516
313518
313523
313524
313525
313526
313527
313535
313537
313539
313541
313543
313544
313545
313546
313547
313548
313550
313551
313554
313555
313558
313559
313560
313562
313563
313564
313565
313566
313569
313571
313574
313575
313581
313585
313588
313595
313596
313597
313598
313600
313601
313604
313606
313607
313608
313610
313611
313612
313614
313615
313616
313623
313625
313627
313628
313632
313633
313636
313637
313642
313643
313648
313651
313653
313654
313655
313660
313668
313674
313676
313684
313687
313689
313691
313701
313704
313705
313707
313708
313713
313715
313721
313725
313728
313733
313735
313739
313741
313746
313760
313763
313765
313766
313770
313772
313773
313777
313778
313786
313790
313791
313792
313793
313794
313798
313803
313805
313806
313807
313810
313812
313815
313820
313823
313827
313828
313830
313835
313836
313839
313840
313847
313848
313850
313858
313860
313861
313862
313867
313870
313871
313874
313877
313879
313880
313887
313888
313896
313897
313898
313899
313900
313902
313905
313911
313913
313916
313918
313919
313921
313926
313933
313934
313939
313940
313941
313942
313943
313944
313948
313949
313950
313955
313956
313957
313962
313963
313964
313974
313975
313982
313983
313986
313987
313988
313989
313990
313991
313995
313997
313998
314000
314001
314002
314006
314012
314014
314017
314027
314028
314032
314035
314040
314043
314045
314048
314052
314056
314062
314063
314067
314070
314072
314073
314074
314076
314077
314083
314085
314087
314089
314091
314098
314099
314100
314101
314103
314105
314106
314108
314109
314110
314114
314115
314117
314119
314120
314122
314123
314124
314130
314133
314135
314137
314139
314142
314143
314145
314146
314153
314154
314156
314160
314162
314164
314166
314171
314172
314173
314174
314176
314177
314180
314181
314185
314186
314188
314191
314196
314197
314199
314202
314204
314207
314209
314210
314214
314223
314224
314226
314228
314232
314233
314234
314236
314241
314245
314246
314250
314252
314255
314256
314259
314260
314262
314263
314264
314265
314268
314269
314270
314271
314274
314277
314278
314279
314282
314288
314292
314295
314296
314300
314304
314305
314307
314309
314311
314315
314317
314319
314320
314321
314325
314334
314335
314336
314337
314338
314340
314341
314343
314344
314348
314350
314351
314355
314358
314360
314364
314367
314370
314372
314373
314374
314379
314382
314384
314385
314388
314389
314392
314393
314396
314398
314400
314401
314405
314406
314407
314409
314410
314411
314414
314417
314419
314420
314421
314424
314425
314427
314433
314434
314435
314437
314439
314441
314442
314443
314444
314446
314447
314450
314451
314452
314453
314455
314456
314457
314458
314462
314465
314471
314476
314477
314485
314492
314493
314494
314497
314498
314499
314502
314503
314506
314509
314510
314514
314518
314521
314522
314526
314529
314531
314537
314538
314539
314540
314541
314546
314551
314554
314555
314556
314566
314567
314569
314572
314573
314574
314576
314579
314580
314582
314587
314590
314591
314593
314598
314599
314600
314601
314602
314608
314613
314618
314619
314622
314632
314634
314641
314644
314647
314650
314651
314654
314655
314656
314667
314668
314671
314672
314673
314678
314679
314688
314695
314696
314699
314700
314703
314707
314708
314709
314712
314717
314721
314724
314725
314726
314734
314735
314738
314740
314742
314747
314748
314750
314754
314755
314758
314759
314762
314765
314768
314771
314772
314773
314774
314776
314778
314783
314784
314785
314790
314793
314794
314799
314801
314804
314809
314810
314811
314813
314817
314819
314820
314821
314822
314823
314825
314826
314828
314829
314834
314835
314836
314840
314841
314845
314846
314847
314851
314852
314853
314854
314855
314857
314859
314860
314861
314862
314863
314867
314868
314870
314872
314884
314885
314887
314888
314891
314892
314894
314901
314902
314904
314909
314911
314912
314922
314925
314929
314934
314937
314938
314939
314940
314943
314951
314952
314955
314963
314965
314966
314969
314970
314971
314973
314974
314976
314977
314981
314984
314985
314989
314990
314991
314993
314994
314996
314999
315000
315004
315005
315007
315012
315014
315016
315018
315019
315020
315023
315026
315027
315028
315029
315033
315034
315036
315038
315039
315045
315048
315050
315054
315061
315062
315063
315064
315065
315066
315068
315071
315074
315075
315080
315082
315083
315086
315092
315093
315094
315096
315098
315102
315103
315107
315110
315112
315114
315117
315119
315120
315122
315125
315126
315128
315131
315133
315134
315135
315136
315140
315141
315142
315144
315147
315148
315150
315156
315159
315160
315163
315165
315170
315171
315172
315174
315178
315184
315185
315188
315189
315193
315195
315196
315198
315200
315201
315204
315205
315206
315208
315214
315218
315219
315222
315223
315224
315225
315227
315232
315238
315239
315241
315242
315243
315246
315248
315254
315255
315256
315258
315267
315268
315270
315271
315274
315276
315278
315279
315280
315281
315287
315289
315294
315297
315300
315301
315303
315309
315310
315313
315314
315315
315317
315318
315321
315323
315325
315327
315328
315329
315330
315332
315334
315335
315338
315340
315346
315349
315350
315352
315353
315354
315355
315356
315361
315364
315377
315379
315381
315382
315383
315389
315393
315394
315398
315399
315404
315406
315409
315410
315411
315412
315414
315416
315418
315419
315420
315422
315423
315428
315429
315432
315433
315437
315438
315441
315442
315443
315445
315450
315453
315455
315461
315463
315464
315476
315481
315483
315487
315488
315489
315491
315494
315497
315498
315499
315500
315502
315504
315506
315507
315509
315511
315512
315516
315519
315522
315524
315525
315530
315532
315533
315535
315536
315542
315544
315545
315548
315554
315555
315558
315561
315562
315563
315566
315572
315576
315577
315578
315586
315587
315593
315595
315598
315599
315602
315606
315608
315612
315613
315615
315618
315619
315620
315622
315625
315628
315629
315630
315631
315632
315634
315636
315637
315638
315639
315641
315642
315643
315644
315645
315648
315649
315654
315656
315660
315666
315667
315672
315673
315675
315676
315682
315683
315684
315688
315690
315693
315694
315695
315696
315699
315703
315704
315707
315711
315713
315714
315715
315716
315717
315718
315719
315727
315728
315729
315732
315737
315738
315739
315740
315743
315744
315746
315747
315749
315750
315752
315753
315754
315759
315760
315761
315763
315764
315771
315776
315777
315780
315781
315789
315791
315792
315795
315796
315797
315798
315806
315811
315812
315815
315816
315821
315822
315823
315825
315827
315832
315835
315836
315838
315839
315840
315841
315844
315846
315848
315849
315852
315854
315855
315857
315858
315862
315867
315868
315869
315870
315871
315872
315875
315876
315877
315878
315879
315883
315884
315885
315887
315890
315892
315900
315901
315903
315905
315906
315914
315915
315919
315923
315924
315926
315927
315929
315930
315932
315933
315934
315935
315936
315940
315941
315946
315947
315949
315951
315952
315953
315954
315959
315961
315962
315964
315966
315967
315968
315969
315973
315976
315977
315981
315985
315990
315997
316000
316001
316003
316005
316006
316007
316011
316013
316018
316020
316021
316023
316024
316033
316034
316041
316044
316046
316049
316051
316058
316060
316062
316064
316067
316068
316069
316074
316079
316081
316083
316084
316087
316088
316089
316097
316100
316102
316103
316104
316105
316107
316110
316111
316116
316119
316121
316128
316129
316132
316135
316140
316143
316147
316150
316151
316157
316159
316160
316167
316168
316169
316170
316175
316176
316178
316179
316180
316181
316185
316186
316188
316193
316198
316199
316200
316202
316214
316215
316216
316217
316220
316225
316226
316227
316229
316233
316235
316236
316245
316247
316248
316249
316254
316256
316257
316258
316260
316271
316273
316274
316275
316276
316277
316280
316281
316287
316292
316295
316297
316302
316303
316306
316309
316310
316312
316313
316318
316321
316322
316323
316328
316340
316341
316342
316348
316353
316354
316355
316358
316360
316364
316367
316369
316371
316374
316377
316378
316380
316383
316386
316392
316396
316400
316401
316402
316404
316407
316408
316409
316411
316412
316415
316421
316423
316425
316428
316431
316432
316433
316434
316435
316436
316441
316442
316443
316445
316451
316462
316463
316464
316466
316467
316471
316472
316473
316474
316475
316477
316485
316486
316487
316488
316490
316491
316494
316496
316498
316499
316501
316502
316506
316507
316509
316511
316512
316513
316517
316520
316524
316525
316526
316528
316533
316537
316539
316541
316543
316545
316548
316549
316551
316552
316553
316557
316559
316562
316563
316565
316569
316571
316572
316573
316576
316578
316582
316584
316585
316586
316587
316588
316593
316594
316596
316597
316598
316599
316601
316602
316603
316605
316607
316608
316611
316613
316618
316619
316620
316621
316624
316626
316631
316632
316634
316635
316636
316637
316639
316640
316643
316654
316657
316658
316660
316661
316662
316665
316667
316670
316672
316673
316674
316675
316679
316682
316687
316691
316693
316694
316697
316698
316699
316700
316702
316703
316704
316707
316708
316709
316710
316712
316714
316717
316723
316724
316728
316730
316731
316732
316733
316735
316736
316738
316741
316746
316749
316752
316753
316755
316757
316761
316762
316766
316770
316772
316774
316780
316785
316789
316791
316796
316797
316800
316802
316807
316809
316810
316811
316815
316817
316818
316821
316825
316826
316829
316830
316831
316832
316834
316837
316838
316843
316844
316848
316850
316855
316860
316862
316864
316866
316869
316870
316873
316876
316878
316879
316880
316881
316882
316883
316884
316886
316889
316890
316893
316894
316896
316898
316901
316902
316904
316907
316909
316910
316912
316914
316916
316919
316920
316921
316922
316923
316924
316928
316930
316933
316934
316939
316945
316951
316952
316953
316954
316961
316966
316967
316969
316973
316976
316984
316989
316991
316992
316996
316998
316999
317003
317005
317007
317011
317014
317015
317017
317019
317021
317026
317032
317034
317035
317044
317048
317049
317051
317052
317056
317058
317059
317066
317068
317069
317071
317072
317073
317075
317079
317081
317083
317087
317088
317089
317091
317093
317095
317099
317100
317102
317103
317108
317116
317117
317118
317119
317120
317123
317124
317125
317126
317128
317130
317136
317140
317141
317142
317143
317145
317146
317149
317150
317151
317152
317157
317159
317160
317162
317164
317168
317171
317176
317178
317181
317182
317195
317199
317201
317204
317210
317211
317212
317214
317216
317218
317231
317234
317237
317240
317245
317246
317248
317255
317257
317258
317261
317267
317268
317269
317270
317272
317275
317287
317290
317291
317297
317299
317301
317302
317306
317307
317313
317318
317320
317321
317323
317325
317328
317329
317332
317335
317337
317338
317341
317343
317344
317345
317347
317349
317351
317354
317359
317360
317363
317365
317366
317369
317371
317373
317378
317379
317380
317383
317385
317387
317388
317389
317390
317394
317397
317399
317407
317410
317411
317418
317419
317424
317425
317433
317437
317438
317441
317444
317448
317449
317450
317453
317454
317457
317458
317460
317461
317462
317464
317466
317469
317470
317474
317475
317477
317483
317486
317488
317490
317493
317495
317497
317498
317504
317505
317506
317510
317511
317513
317514
317515
317517
317518
317520
317521
317522
317524
317527
317528
317534
317535
317537
317540
317541
317543
317545
317548
317549
317554
317557
317561
317565
317566
317569
317572
317573
317574
317576
317578
317579
317582
317583
317588
317591
317593
317594
317599
317601
317602
317607
317614
317620
317622
317626
317627
317629
317635
317638
317639
317641
317642
317643
317645
317646
317648
317650
317651
317653
317654
317655
317657
317659
317661
317662
317664
317666
317668
317669
317670
317671
317672
317679
317684
317689
317691
317692
317695
317701
317702
317705
317714
317715
317717
317719
317720
317721
317722
317724
317726
317731
317738
317739
317741
317744
317745
317746
317750
317751
317752
317753
317754
317756
317758
317759
317760
317761
317764
317765
317766
317768
317769
317773
317780
317783
317785
317786
317787
317793
317800
317809
317810
317814
317815
317816
317825
317831
317832
317834
317836
317841
317846
317847
317848
317850
317856
317858
317865
317866
317871
317872
317873
317878
317879
317883
317884
317886
317887
317889
317890
317893
317894
317896
317901
317903
317906
317908
317912
317914
317915
317919
317923
317929
317931
317939
317942
317943
317945
317947
317948
317951
317954
317957
317961
317965
317966
317967
317971
317975
317977
317985
317986
317987
317989
317991
317994
317997
317998
318004
318010
318012
318013
318014
318016
318018
318020
318021
318028
318029
318030
318038
318041
318047
318050
318051
318053
318056
318059
318060
318071
318074
318077
318079
318080
318081
318082
318083
318086
318087
318091
318093
318094
318099
318101
318102
318103
318104
318105
318107
318109
318112
318113
318115
318119
318120
318121
318128
318129
318131
318132
318133
318135
318138
318140
318141
318142
318143
318144
318148
318149
318150
318151
318152
318154
318156
318157
318158
318159
318163
318165
318166
318168
318171
318173
318174
318177
318178
318179
318180
318181
318184
318189
318190
318192
318193
318194
318195
318196
318197
318200
318201
318202
318204
318210
318215
318216
318217
318218
318220
318221
318223
318225
318226
318228
318229
318230
318232
318233
318234
318236
318238
318241
318242
318248
318251
318254
318255
318256
318259
318262
318263
318269
318271
318275
318280
318281
318287
318295
318297
318299
318301
318302
318306
318307
318309
318311
318312
318315
318317
318318
318320
318321
318322
318325
318326
318329
318332
318334
318337
318342
318343
318349
318350
318354
318356
318359
318360
318361
318362
318365
318366
318368
318369
318370
318371
318374
318375
318376
318378
318379
318380
318382
318385
318388
318389
318390
318392
318395
318397
318400
318404
318408
318409
318410
318411
318412
318413
318414
318417
318419
318421
318422
318426
318427
318428
318433
318436
318437
318441
318447
318450
318452
318454
318455
318456
318458
318460
318462
318463
318466
318467
318469
318479
318481
318483
318484
318485
318486
318487
318488
318490
318497
318498
318500
318502
318504
318509
318511
318514
318516
318517
318518
318522
318523
318524
318526
318536
318537
318538
318542
318544
318545
318549
318553
318556
318559
318560
318565
318567
318571
318572
318574
318579
318580
318581
318583
318588
318591
318596
318601
318604
318614
318617
318619
318620
318622
318633
318634
318635
318637
318638
318639
318640
318641
318644
318651
318652
318655
318656
318658
318659
318660
318668
318675
318680
318682
318683
318685
318688
318693
318695
318699
318703
318707
318708
318711
318712
318714
318716
318718
318725
318726
318735
318736
318740
318741
318744
318746
318747
318749
318750
318751
318753
318755
318762
318765
318766
318768
318771
318775
318777
318790
318791
318792
318796
318799
318800
318801
318802
318805
318806
318813
318817
318820
318821
318822
318825
318826
318827
318834
318835
318836
318837
318840
318843
318844
318846
318850
318855
318858
318861
318862
318863
318864
318872
318874
318875
318876
318877
318878
318882
318883
318885
318886
318887
318888
318890
318892
318894
318902
318904
318905
318906
318908
318909
318917
318919
318920
318921
318927
318928
318929
318930
318931
318932
318933
318935
318939
318940
318941
318947
318952
318954
318957
318958
318960
318963
318964
318966
318968
318969
318979
318983
318984
318986
318987
318990
318993
318994
318995
318999
319006
319011
319016
319017
319021
319022
319027
319036
319037
319039
319040
319047
319049
319051
319056
319059
319064
319068
319069
319075
319077
319080
319082
319083
319084
319086
319088
319090
319092
319094
319101
319102
319106
319107
319108
319109
319111
319112
319113
319114
319119
319123
319126
319127
319132
319134
319136
319139
319142
319145
319146
319147
319150
319152
319155
319160
319163
319164
319166
319167
319170
319175
319177
319181
319186
319187
319188
319189
319191
319199
319200
319203
319205
319206
319207
319220
319221
319224
319227
319230
319233
319235
319236
319243
319246
319248
319249
319250
319252
319254
319255
319259
319261
319262
319263
319269
319271
319273
319277
319278
319279
319286
319288
319293
319294
319295
319296
319299
319303
319305
319308
319309
319310
319314
319321
319322
319324
319333
319341
319350
319352
319353
319357
319361
319362
319363
319369
319371
319373
319375
319379
319380
319381
319382
319386
319387
319388
319390
319392
319393
319397
319403
319405
319416
319421
319422
319424
319429
319431
319436
319437
319438
319444
319446
319447
319450
319451
319457
319458
319464
319467
319470
319471
319472
319473
319475
319479
319480
319482
319483
319484
319485
319486
319488
319489
319490
319494
319495
319497
319500
319508
319509
319511
319516
319518
319519
319520
319521
319522
319524
319528
319530
319531
319535
319537
319538
319540
319544
319545
319546
319547
319549
319553
319556
319557
319558
319565
319568
319570
319571
319574
319582
319583
319591
319592
319593
319596
319598
319601
319604
319605
319609
319610
319613
319614
319615
319617
319620
319622
319624
319626
319629
319630
319631
319635
319637
319638
319641
319642
319644
319654
319657
319658
319660
319661
319665
319669
319671
319672
319674
319677
319679
319680
319683
319686
319689
319697
319699
319700
319701
319706
319708
319709
319712
319713
319715
319717
319719
319721
319724
319729
319733
319735
319738
319739
319740
319744
319746
319747
319749
319750
319751
319753
319755
319763
319768
319769
319771
319772
319782
319785
319786
319787
319790
319791
319793
319796
319802
319803
319813
319817
319820
319821
319823
319828
319830
319831
319833
319836
319837
319838
319840
319841
319843
319845
319848
319850
319853
319858
319861
319864
319866
319868
319877
319878
319882
319883
319885
319891
319893
319894
319901
319903
319905
319906
319907
319909
319912
319917
319918
319919
319923
319924
319927
319928
319930
319931
319932
319937
319939
319941
319942
319947
319948
319950
319952
319954
319956
319959
319960
319962
319963
319964
319970
319976
319977
319981
319982
319984
319985
319986
319988
319991
319995
320000
320002
320003
320009
320012
320013
320015
320018
320019
320027
320030
320032
320033
320036
320037
320038
320041
320043
320046
320047
320048
320049
320051
320052
320054
320055
320058
320059
320061
320063
320066
320070
320072
320074
320079
320084
320092
320093
320095
320096
320102
320106
320111
320114
320118
320119
320120
320123
320125
320129
320131
320132
320135
320136
320137
320138
320140
320142
320144
320145
320153
320156
320160
320164
320166
320172
320173
320175
320178
320180
320181
320183
320186
320188
320190
320191
320192
320198
320200
320202
320206
320207
320209
320212
320213
320216
320219
320222
320225
320227
320230
320232
320235
320241
320243
320244
320247
320252
320253
320254
320259
320260
320261
320262
320263
320267
320275
320277
320282
320283
320286
320287
320288
320291
320294
320295
320296
320297
320298
320301
320304
320305
320306
320308
320310
320311
320313
320320
320323
320325
320326
320327
320329
320332
320333
320334
320337
320338
320340
320344
320348
320349
320351
320352
320353
320361
320362
320365
320366
320368
320371
320374
320377
320378
320383
320387
320391
320396
320398
320401
320402
320405
320410
320412
320414
320415
320419
320424
320425
320426
320428
320429
320434
320436
320442
320447
320449
320450
320452
320453
320455
320457
320459
320461
320464
320468
320469
320471
320473
320476
320484
320487
320489
320490
320492
320494
320495
320496
320499
320502
320503
320504
320505
320510
320511
320514
320516
320517
320520
320522
320523
320524
320526
320527
320530
320532
320536
320539
320543
320544
320546
320550
320556
320561
320562
320563
320569
320576
320577
320578
320580
320581
320584
320586
320587
320588
320589
320590
320593
320598
320600
320602
320605
320608
320611
320613
320614
320616
320618
320620
320622
320624
320628
320630
320638
320639
320641
320644
320645
320650
320651
320653
320654
320655
320656
320662
320666
320668
320670
320673
320675
320679
320680
320681
320682
320687
320688
320691
320692
320693
320694
320695
320698
320699
320701
320702
320706
320714
320716
320717
320727
320729
320730
320732
320734
320736
320737
320739
320741
320744
320746
320748
320750
320753
320762
320766
320767
320769
320772
320773
320775
320776
320777
320781
320783
320784
320785
320791
320793
320796
320802
320804
320805
320807
320808
320811
320812
320817
320819
320820
320823
320824
320826
320827
320830
320831
320833
320835
320836
320838
320839
320840
320842
320843
320845
320846
320848
320849
320851
320857
320860
320863
320868
320869
320871
320876
320882
320883
320885
320886
320890
320898
320899
320902
320903
320904
320908
320911
320912
320919
320920
320923
320925
320932
320934
320938
320940
320943
320945
320946
320947
320948
320951
320955
320958
320967
320970
320974
320975
320976
320977
320978
320980
320983
320985
320986
320991
320992
320994
320995
320996
320997
321002
321005
321007
321008
321010
321015
321019
321020
321021
321023
321025
321026
321031
321033
321037
321040
321045
321048
321049
321050
321052
321054
321055
321057
321060
321063
321068
321072
321075
321076
321077
321079
321084
321085
321087
321088
321090
321091
321092
321095
321097
321100
321101
321104
321105
321107
321108
321111
321112
321113
321115
321119
321120
321123
321127
321130
321133
321143
321149
321151
321157
321160
321164
321166
321171
321174
321176
321179
321182
321184
321186
321188
321189
321194
321195
321196
321201
321202
321203
321208
321210
321212
321214
321216
321217
321219
321220
321221
321223
321224
321226
321228
321232
321234
321236
321237
321241
321245
321246
321247
321248
321250
321253
321257
321263
321264
321265
321266
321268
321269
321272
321278
321280
321281
321284
321285
321286
321288
321292
321300
321301
321303
321304
321309
321311
321314
321315
321316
321317
321318
321321
321325
321326
321327
321330
321331
321332
321333
321337
321338
321339
321340
321342
321343
321344
321347
321348
321350
321354
321355
321357
321363
321368
321369
321371
321374
321388
321391
321393
321394
321396
321398
321399
321405
321410
321411
321413
321414
321417
321420
321422
321427
321433
321434
321437
321441
321450
321458
321459
321463
321464
321465
321473
321474
321475
321476
321481
321483
321484
321486
321487
321490
321500
321503
321504
321506
321507
321510
321515
321518
321519
321520
321525
321526
321530
321531
321532
321533
321539
321547
321549
321555
321556
321559
321560
321561
321562
321565
321567
321568
321569
321571
321572
321574
321576
321577
321580
321584
321587
321588
321589
321590
321591
321596
321597
321598
321601
321602
321606
321608
321609
321615
321616
321617
321624
321626
321628
321629
321630
321634
321636
321639
321640
321641
321643
321645
321648
321649
321651
321654
321657
321665
321671
321673
321678
321679
321681
321683
321684
321686
321687
321688
321691
321693
321694
321700
321703
321704
321708
321709
321710
321712
321713
321714
321718
321719
321720
321721
321723
321724
321726
321728
321729
321733
321737
321739
321744
321751
321755
321756
321760
321761
321763
321766
321767
321770
321771
321772
321774
321776
321778
321779
321783
321784
321789
321792
321793
321797
321799
321802
321807
321809
321810
321812
321820
321822
321825
321826
321828
321833
321834
321838
321839
321841
321842
321843
321848
321849
321852
321861
321862
321864
321867
321868
321869
321870
321874
321876
321878
321879
321880
321882
321885
321887
321895
321896
321899
321901
321905
321909
321919
321925
321926
321929
321931
321932
321935
321936
321941
321948
321949
321954
321955
321957
321959
321962
321964
321965
321967
321969
321973
321977
321981
321984
321988
321990
321996
321997
321999
322001
322005
322007
322009
322013
322017
322020
322021
322022
322023
322025
322030
322032
322035
322040
322041
322042
322045
322049
322054
322056
322058
322060
322061
322066
322068
322069
322070
322071
322072
322074
322075
322077
322079
322083
322085
322087
322089
322095
322096
322100
322101
322105
322106
322107
322110
322113
322114
322115
322118
322120
322123
322125
322127
322130
322132
322133
322135
322137
322140
322142
322144
322146
322149
322150
322152
322154
322157
322158
322165
322170
322178
322180
322183
322184
322189
322194
322195
322196
322198
322201
322202
322207
322210
322211
322212
322213
322216
322217
322219
322220
322221
322222
322224
322226
322228
322229
322235
322237
322238
322240
322242
322243
322244
322245
322248
322250
322256
322257
322260
322261
322263
322268
322270
322272
322273
322275
322277
322279
322285
322286
322288
322289
322290
322292
322293
322294
322297
322299
322303
322304
322305
322307
322309
322310
322312
322313
322314
322315
322317
322320
322321
322324
322329
322331
322335
322336
322337
322339
322341
322344
322345
322346
322347
322348
322349
322350
322351
322353
322360
322364
322367
322368
322370
322372
322375
322377
322381
322382
322384
322385
322391
322392
322395
322397
322406
322407
322410
322413
322414
322415
322416
322419
322420
322421
322424
322426
322427
322429
322432
322436
322440
322441
322449
322450
322454
322456
322458
322461
322462
322465
322466
322467
322470
322472
322477
322480
322486
322487
322496
322498
322499
322500
322502
322504
322506
322519
322522
322523
322528
322531
322534
322535
322537
322538
322540
322544
322548
322550
322553
322557
322560
322561
322562
322564
322566
322568
322573
322575
322577
322578
322583
322589
322591
322595
322597
322598
322599
322601
322602
322606
322607
322611
322612
322620
322621
322625
322628
322630
322631
322632
322633
322635
322637
322642
322644
322645
322647
322652
322653
322658
322659
322662
322666
322667
322670
322676
322681
322682
322684
322685
322686
322689
322696
322698
322700
322703
322708
322709
322712
322716
322717
322719
322723
322725
322727
322729
322730
322732
322735
322736
322737
322740
322741
322743
322746
322748
322749
322752
322753
322754
322756
322764
322765
322766
322769
322772
322774
322777
322778
322780
322782
322784
322788
322789
322792
322793
322796
322804
322806
322809
322812
322813
322816
322823
322825
322826
322828
322834
322835
322838
322840
322842
322849
322852
322854
322858
322861
322862
322866
322868
322870
322871
322873
322874
322875
322877
322878
322880
322883
322884
322885
322887
322888
322889
322890
322895
322896
322899
322900
322901
322902
322903
322904
322905
322908
322913
322917
322923
322925
322931
322935
322938
322946
322948
322949
322951
322952
322957
322958
322959
322962
322963
322966
322970
322971
322972
322974
322975
322977
322978
322981
322982
322984
322986
322987
322991
322995
322996
323001
323002
323003
323004
323005
323007
323008
323014
323016
323019
323021
323024
323026
323027
323031
323032
323034
323040
323042
323044
323046
323054
323055
323057
323062
323063
323064
323065
323067
323070
323071
323075
323076
323078
323083
323086
323088
323091
323092
323093
323095
323096
323098
323105
323106
323110
323111
323112
323114
323115
323116
323117
323118
323120
323122
323129
323132
323135
323140
323141
323143
323145
323148
323151
323152
323161
323164
323169
323170
323174
323176
323178
323179
323183
323187
323192
323200
323201
323202
323204
323207
323210
323211
323212
323216
323217
323218
323220
323222
323223
323224
323226
323227
323230
323233
323234
323236
323240
323247
323249
323257
323260
323263
323264
323266
323268
323269
323270
323271
323277
323280
323282
323288
323290
323292
323293
323295
323296
323299
323300
323315
323316
323317
323328
323331
323333
323337
323338
323340
323341
323342
323343
323344
323346
323348
323349
323359
323360
323361
323365
323367
323369
323372
323373
323374
323376
323379
323386
323387
323392
323394
323400
323401
323402
323405
323406
323407
323408
323410
323412
323414
323421
323422
323425
323427
323429
323434
323435
323436
323440
323449
323450
323451
323452
323455
323465
323470
323475
323478
323485
323486
323489
323491
323492
323498
323499
323500
323503
323505
323506
323513
323517
323524
323527
323536
323539
323541
323542
323543
323545
323549
323550
323552
323553
323555
323557
323560
323565
323569
323571
323575
323578
323579
323581
323587
323588
323596
323599
323601
323606
323610
323611
323612
323613
323621
323622
323624
323625
323627
323629
323633
323634
323636
323638
323639
323643
323644
323649
323650
323655
323659
323661
323671
323673
323676
323678
323680
323688
323693
323697
323698
323699
323707
323709
323710
323713
323715
323716
323717
323720
323721
323722
323724
323725
323729
323730
323736
323738
323739
323740
323741
323744
323747
323748
323761
323766
323768
323769
323771
323772
323776
323780
323782
323783
323788
323790
323793
323800
323801
323804
323807
323811
323815
323816
323819
323820
323822
323823
323826
323829
323830
323835
323836
323838
323839
323844
323845
323847
323850
323851
323852
323853
323857
323859
323863
323867
323870
323875
323876
323877
323879
323883
323886
323891
323892
323894
323897
323898
323899
323900
323907
323910
323912
323916
323918
323919
323926
323928
323929
323931
323932
323933
323938
323940
323943
323944
323948
323949
323951
323952
323954
323955
323957
323958
323960
323961
323962
323963
323964
323965
323966
323967
323969
323971
323981
323983
323984
323990
323992
323997
324000
324001
324004
324005
324007
324008
324012
324014
324016
324017
324020
324024
324025
324028
324029
324030
324032
324034
324036
324041
324042
324043
324047
324049
324051
324053
324055
324056
324057
324059
324061
324066
324067
324069
324070
324071
324072
324073
324075
324078
324080
324085
324086
324090
324094
324096
324097
324102
324104
324109
324111
324120
324122
324125
324126
324127
324128
324129
324131
324133
324134
324138
324143
324144
324145
324148
324153
324154
324156
324158
324159
324160
324161
324162
324163
324164
324165
324168
324169
324170
324176
324177
324187
324188
324190
324194
324197
324198
324203
324206
324211
324214
324215
324216
324217
324218
324223
324224
324225
324229
324230
324231
324232
324234
324236
324239
324242
324243
324249
324253
324254
324255
324257
324258
324259
324260
324262
324264
324265
324268
324269
324270
324271
324272
324273
324278
324280
324281
324287
324290
324296
324298
324299
324300
324303
324304
324305
324306
324307
324310
324313
324315
324316
324317
324319
324321
324326
324327
324330
324332
324334
324335
324336
324340
324341
324342
324347
324348
324349
324351
324357
324358
324362
324363
324364
324365
324368
324371
324372
324374
324375
324376
324378
324379
324381
324382
324383
324385
324386
324389
324390
324393
324396
324398
324401
324402
324406
324409
324411
324414
324416
324421
324424
324428
324431
324433
324435
324436
324438
324439
324441
324443
324446
324447
324449
324450
324451
324452
324457
324461
324467
324473
324476
324477
324481
324485
324486
324487
324492
324495
324496
324497
324498
324499
324501
324510
324513
324516
324517
324518
324522
324524
324526
324527
324529
324530
324532
324535
324537
324538
324541
324542
324543
324546
324547
324551
324552
324556
324557
324560
324568
324569
324570
324571
324573
324576
324581
324584
324588
324590
324593
324597
324599
324602
324610
324612
324613
324621
324622
324623
324625
324629
324630
324632
324634
324635
324638
324645
324646
324648
324651
324653
324654
324656
324658
324661
324663
324665
324668
324669
324670
324672
324673
324675
324676
324677
324678
324682
324684
324685
324687
324689
324690
324693
324695
324697
324699
324700
324705
324708
324712
324713
324714
324716
324718
324719
324721
324723
324729
324734
324735
324737
324738
324739
324741
324742
324743
324746
324747
324751
324752
324753
324755
324758
324759
324761
324762
324763
324764
324770
324772
324780
324783
324785
324787
324790
324792
324793
324794
324795
324796
324798
324802
324806
324808
324809
324813
324818
324820
324822
324823
324825
324826
324827
324830
324831
324832
324834
324839
324840
324842
324843
324844
324848
324852
324858
324863
324865
324867
324869
324870
324871
324872
324876
324878
324885
324887
324893
324894
324896
324897
324898
324899
324900
324901
324902
324903
324905
324907
324911
324914
324917
324920
324921
324924
324925
324926
324927
324928
324929
324930
324931
324932
324934
324937
324938
324943
324946
324947
324950
324951
324952
324957
324958
324959
324963
324964
324970
324975
324977
324980
324985
324990
324992
324993
324998
325000
325001
325003
325004
325005
325006
325007
325011
325012
325014
325015
325016
325017
325019
325023
325025
325028
325029
325032
325036
325041
325043
325046
325047
325048
325049
325050
325052
325054
325059
325062
325064
325065
325067
325069
325071
325079
325081
325083
325084
325087
325090
325091
325093
325095
325096
325100
325101
325102
325103
325107
325116
325117
325118
325119
325120
325126
325128
325129
325131
325132
325133
325134
325136
325137
325139
325142
325147
325149
325151
325152
325160
325167
325169
325172
325173
325178
325179
325180
325182
325184
325188
325189
325190
325192
325197
325198
325199
325200
325202
325207
325208
325210
325216
325217
325221
325223
325225
325226
325228
325232
325233
325234
325236
325238
325239
325240
325241
325242
325246
325251
325252
325254
325256
325261
325262
325264
325267
325268
325270
325271
325273
325275
325279
325280
325285
325292
325294
325295
325301
325306
325308
325309
325314
325315
325319
325323
325325
325327
325335
325337
325340
325343
325346
325347
325353
325354
325355
325357
325366
325367
325368
325369
325371
325373
325374
325376
325378
325383
325388
325392
325393
325394
325397
325400
325401
325403
325405
325406
325409
325412
325415
325417
325420
325421
325425
325426
325430
325432
325433
325435
325442
325443
325447
325453
325454
325459
325460
325461
325462
325463
325464
325466
325468
325472
325476
325478
325479
325481
325483
325484
325485
325486
325494
325498
325499
325500
325503
325505
325506
325509
325511
325513
325514
325519
325521
325523
325525
325526
325530
325534
325537
325538
325543
325544
325545
325551
325555
325556
325558
325560
325564
325567
325570
325571
325572
325573
325574
325575
325578
325579
325582
325584
325585
325589
325593
325599
325603
325606
325607
325608
325610
325612
325615
325616
325621
325623
325626
325627
325628
325629
325631
325635
325636
325637
325638
325639
325640
325641
325643
325644
325647
325649
325650
325651
325653
325654
325659
325660
325661
325662
325663
325664
325669
325672
325673
325675
325676
325677
325679
325680
325682
325689
325696
325699
325702
325703
325706
325707
325711
325713
325718
325720
325723
325726
325730
325732
325736
325739
325744
325746
325747
325750
325751
325753
325755
325764
325766
325768
325771
325772
325774
325775
325776
325782
325784
325785
325786
325792
325803
325805
325812
325813
325815
325816
325819
325824
325828
325829
325834
325835
325836
325838
325839
325842
325843
325845
325846
325847
325850
325854
325855
325858
325859
325860
325861
325864
325870
325873
325877
325878
325885
325888
325889
325892
325894
325900
325907
325910
325911
325912
325913
325915
325918
325922
325924
325926
325932
325934
325936
325937
325938
325940
325945
325947
325948
325949
325953
325955
325956
325958
325964
325966
325968
325971
325973
325974
325977
325978
325980
325986
325987
325988
325990
325992
325997
326001
326004
326005
326009
326011
326013
326014
326015
326016
326018
326020
326023
326027
326032
326033
326035
326037
326040
326041
326042
326049
326050
326052
326054
326056
326057
326059
326060
326063
326064
326071
326072
326076
326078
326081
326083
326085
326086
326092
326099
326100
326103
326105
326108
326109
326110
326114
326115
326126
326128
326129
326130
326134
326138
326139
326142
326144
326145
326147
326155
326156
326158
326163
326167
326168
326169
326170
326171
326172
326175
326176
326177
326180
326183
326189
326192
326195
326197
326209
326210
326212
326213
326215
326221
326223
326226
326227
326228
326231
326237
326238
326241
326243
326249
326252
326253
326254
326257
326260
326261
326264
326272
326276
326279
326286
326288
326290
326291
326293
326297
326299
326300
326301
326303
326304
326306
326309
326312
326313
326316
326318
326319
326321
326322
326323
326327
326331
326332
326333
326336
326337
326340
326342
326346
326349
326350
326359
326366
326368
326370
326373
326375
326377
326379
326381
326385
326386
326390
326391
326392
326399
326400
326401
326402
326403
326406
326411
326415
326416
326418
326419
326420
326421
326423
326426
326427
326428
326430
326432
326433
326440
326444
326448
326451
326452
326453
326454
326456
326457
326458
326461
326465
326470
326474
326475
326476
326480
326484
326485
326490
326492
326493
326494
326495
326498
326499
326500
326501
326502
326503
326504
326511
326512
326517
326518
326522
326523
326524
326527
326531
326533
326543
326545
326549
326550
326552
326555
326560
326563
326564
326566
326567
326575
326577
326580
326583
326591
326595
326597
326601
326604
326605
326606
326607
326609
326613
326614
326615
326617
326620
326623
326624
326625
326626
326638
326639
326641
326642
326644
326646
326648
326650
326654
326657
326660
326663
326669
326671
326674
326680
326681
326682
326686
326692
326695
326697
326702
326707
326709
326712
326714
326718
326720
326721
326726
326727
326728
326729
326731
326733
326734
326735
326737
326738
326741
326743
326747
326748
326749
326752
326753
326756
326757
326762
326764
326769
326770
326772
326776
326778
326780
326781
326782
326791
326795
326796
326798
326799
326801
326805
326808
326809
326819
326825
326826
326829
326835
326836
326837
326838
326842
326845
326848
326849
326851
326854
326857
326859
326861
326863
326864
326866
326867
326869
326870
326872
326873
326874
326875
326878
326879
326880
326882
326884
326889
326891
326892
326895
326899
326901
326904
326905
326907
326909
326910
326911
326912
326915
326917
326927
326935
326939
326940
326941
326943
326949
326950
326952
326953
326957
326958
326962
326969
326971
326973
326975
326979
326981
326985
326988
326991
326994
327000
327002
327009
327010
327011
327012
327017
327019
327020
327021
327022
327028
327030
327033
327038
327039
327043
327044
327045
327046
327048
327052
327055
327059
327061
327062
327063
327065
327066
327067
327070
327076
327078
327081
327083
327084
327088
327090
327091
327092
327093
327094
327095
327099
327102
327104
327106
327108
327109
327114
327118
327122
327127
327130
327132
327134
327136
327138
327141
327143
327144
327145
327149
327150
327153
327154
327155
327156
327161
327162
327164
327167
327170
327178
327181
327183
327186
327188
327189
327190
327191
327194
327198
327200
327207
327209
327211
327216
327218
327219
327220
327223
327224
327225
327226
327231
327237
327238
327240
327241
327247
327255
327257
327259
327261
327262
327263
327272
327273
327274
327275
327277
327280
327282
327286
327289
327292
327293
327294
327295
327297
327300
327305
327309
327310
327312
327314
327316
327319
327326
327327
327328
327329
327330
327331
327342
327343
327344
327346
327348
327349
327350
327353
327358
327361
327362
327364
327365
327370
327371
327377
327381
327384
327389
327390
327391
327393
327396
327403
327404
327411
327418
327425
327429
327430
327434
327435
327437
327439
327440
327441
327446
327452
327454
327455
327457
327461
327463
327466
327470
327473
327475
327476
327477
327480
327485
327489
327491
327492
327493
327495
327497
327500
327501
327502
327504
327505
327507
327509
327517
327519
327521
327528
327529
327530
327533
327540
327542
327543
327546
327549
327550
327552
327553
327555
327556
327558
327560
327562
327565
327568
327572
327574
327575
327579
327582
327584
327586
327589
327590
327593
327595
327597
327598
327600
327602
327605
327608
327609
327612
327613
327614
327615
327616
327617
327620
327623
327624
327625
327627
327630
327632
327637
327638
327644
327648
327652
327653
327656
327659
327661
327665
327666
327668
327671
327674
327676
327678
327682
327683
327687
327692
327693
327695
327696
327703
327704
327705
327708
327710
327715
327718
327719
327721
327724
327729
327730
327731
327733
327734
327735
327736
327743
327744
327745
327746
327747
327750
327752
327756
327757
327758
327767
327768
327770
327772
327776
327778
327782
327791
327792
327797
327799
327803
327810
327814
327815
327818
327824
327825
327830
327832
327834
327839
327841
327843
327844
327845
327846
327848
327849
327852
327854
327855
327858
327860
327862
327866
327870
327879
327881
327884
327885
327887
327888
327889
327890
327891
327892
327895
327896
327900
327901
327902
327903
327905
327906
327909
327910
327912
327913
327916
327917
327919
327921
327922
327931
327937
327938
327939
327942
327944
327952
327953
327954
327959
327964
327967
327968
327969
327972
327976
327981
327983
327986
327990
327992
327999
328002
328003
328006
328011
328018
328019
328025
328026
328028
328029
328030
328031
328037
328038
328040
328041
328042
328043
328044
328051
328052
328053
328055
328057
328061
328062
328064
328066
328068
328076
328080
328083
328084
328086
328095
328098
328099
328100
328101
328102
328104
328106
328107
328109
328110
328111
328112
328113
328114
328118
328119
328124
328125
328126
328128
328129
328130
328132
328133
328136
328138
328139
328140
328141
328143
328145
328150
328152
328154
328157
328158
328160
328162
328163
328171
328174
328176
328177
328180
328183
328184
328193
328195
328198
328199
328202
328203
328204
328205
328206
328211
328212
328214
328215
328216
328218
328220
328223
328226
328228
328230
328232
328234
328237
328241
328242
328244
328245
328250
328253
328254
328255
328258
328265
328266
328269
328270
328271
328272
328274
328275
328276
328277
328278
328282
328284
328289
328291
328294
328297
328302
328304
328305
328307
328310
328313
328317
328319
328320
328322
328324
328328
328329
328331
328334
328335
328337
328338
328339
328340
328346
328347
328349
328352
328353
328355
328357
328362
328363
328365
328368
328372
328373
328374
328375
328382
328383
328384
328387
328390
328393
328394
328395
328398
328402
328403
328404
328409
328411
328417
328419
328421
328429
328430
328435
328437
328441
328442
328443
328444
328446
328447
328448
328450
328451
328454
328456
328457
328458
328462
328466
328468
328469
328477
328479
328481
328483
328489
328490
328491
328493
328496
328500
328501
328502
328503
328506
328507
328508
328509
328510
328511
328514
328515
328517
328519
328523
328524
328527
328530
328531
328538
328540
328541
328542
328544
328550
328552
328558
328559
328560
328564
328567
328570
328573
328575
328576
328578
328580
328581
328585
328589
328591
328592
328594
328595
328597
328599
328603
328606
328608
328609
328610
328611
328617
328618
328619
328620
328622
328631
328632
328633
328634
328635
328636
328637
328638
328640
328643
328650
328653
328654
328657
328660
328666
328667
328668
328669
328670
328675
328676
328679
328680
328687
328691
328693
328695
328698
328705
328706
328707
328710
328713
328716
328718
328727
328728
328730
328731
328734
328738
328740
328742
328743
328748
328750
328752
328753
328754
328755
328757
328758
328760
328773
328774
328776
328777
328779
328781
328782
328786
328787
328788
328789
328791
328794
328795
328797
328798
328799
328802
328803
328804
328806
328810
328814
328817
328818
328820
328825
328827
328829
328831
328832
328834
328836
328839
328844
328845
328848
328849
328851
328856
328862
328863
328873
328874
328875
328879
328883
328886
328889
328892
328894
328899
328902
328904
328905
328906
328909
328912
328913
328916
328917
328922
328924
328929
328930
328932
328933
328934
328935
328938
328939
328940
328944
328947
328949
328950
328953
328956
328957
328962
328964
328965
328966
328968
328969
328971
328972
328975
328980
328982
328983
328989
328993
328999
329003
329007
329009
329018
329024
329027
329030
329031
329032
329035
329037
329040
329041
329042
329047
329048
329050
329051
329054
329055
329059
329070
329078
329080
329085
329088
329091
329097
329098
329100
329102
329104
329105
329106
329110
329114
329115
329116
329117
329118
329122
329125
329126
329128
329132
329134
329135
329136
329139
329143
329147
329149
329154
329155
329156
329160
329163
329170
329174
329178
329180
329183
329184
329187
329188
329190
329192
329194
329196
329197
329198
329199
329201
329202
329203
329204
329205
329207
329208
329210
329212
329214
329217
329220
329221
329224
329227
329229
329230
329233
329234
329236
329238
329245
329247
329249
329250
329252
329253
329256
329257
329258
329261
329265
329269
329270
329274
329277
329278
329279
329280
329282
329286
329287
329291
329300
329305
329306
329307
329308
329309
329310
329314
329321
329324
329326
329327
329328
329336
329338
329339
329340
329341
329343
329348
329352
329354
329359
329360
329363
329366
329370
329376
329380
329384
329386
329387
329389
329391
329393
329398
329399
329404
329409
329414
329415
329416
329428
329429
329433
329434
329436
329437
329438
329447
329448
329460
329462
329467
329472
329477
329480
329481
329482
329483
329485
329486
329488
329489
329490
329492
329496
329501
329504
329506
329507
329509
329511
329513
329522
329523
329533
329534
329539
329543
329544
329545
329548
329553
329554
329556
329559
329560
329561
329562
329566
329571
329572
329574
329575
329576
329577
329584
329585
329586
329590
329591
329594
329597
329599
329600
329605
329607
329608
329612
329613
329614
329615
329619
329620
329622
329623
329626
329628
329629
329632
329641
329643
329644
329647
329650
329651
329653
329656
329659
329660
329663
329665
329673
329675
329683
329685
329686
329690
329696
329699
329700
329703
329704
329705
329706
329717
329718
329719
329720
329726
329731
329733
329736
329739
329741
329742
329743
329744
329749
329750
329753
329756
329760
329763
329764
329765
329768
329770
329773
329775
329777
329782
329783
329784
329786
329788
329791
329792
329793
329794
329795
329797
329800
329801
329802
329803
329804
329806
329810
329811
329812
329816
329817
329818
329820
329823
329824
329827
329829
329830
329842
329843
329845
329847
329848
329850
329851
329852
329856
329857
329859
329861
329863
329864
329867
329870
329872
329875
329877
329880
329882
329883
329886
329889
329891
329893
329896
329899
329904
329905
329907
329908
329909
329911
329916
329923
329925
329928
329931
329937
329938
329939
329940
329941
329943
329944
329946
329949
329951
329953
329957
329963
329964
329966
329968
329969
329971
329972
329979
329980
329986
329987
329988
329991
329993
329994
329995
329996
329998
330000
330001
330002
330005
330007
330009
330010
330012
330016
330017
330018
330019
330022
330027
330029
330035
330036
330038
330040
330042
330043
330049
330051
330060
330061
330062
330063
330066
330076
330088
330089
330094
330095
330096
330107
330111
330112
330117
330118
330120
330121
330124
330128
330132
330138
330140
330141
330145
330146
330150
330151
330155
330156
330157
330158
330160
330161
330165
330167
330168
330171
330172
330174
330175
330177
330178
330179
330180
330182
330184
330190
330193
330195
330197
330198
330200
330203
330205
330210
330214
330215
330216
330219
330220
330223
330225
330226
330232
330233
330234
330236
330237
330242
330244
330245
330250
330260
330264
330267
330271
330272
330279
330282
330285
330286
330287
330288
330290
330291
330296
330297
330301
330302
330303
330304
330307
330311
330314
330316
330318
330322
330323
330325
330328
330329
330331
330334
330345
330346
330347
330350
330351
330354
330355
330356
330364
330366
330370
330373
330376
330378
330379
330380
330382
330383
330385
330387
330396
330399
330402
330405
330409
330411
330414
330415
330417
330423
330424
330425
330426
330429
330430
330431
330434
330440
330442
330443
330447
330450
330452
330458
330459
330468
330471
330473
330474
330481
330482
330489
330490
330491
330493
330495
330496
330497
330500
330501
330502
330508
330509
330510
330512
330514
330519
330522
330526
330531
330532
330533
330534
330535
330536
330539
330543
330545
330546
330547
330549
330551
330552
330555
330556
330559
330561
330566
330567
330572
330575
330580
330582
330586
330593
330594
330598
330603
330604
330605
330606
330607
330609
330612
330613
330614
330616
330617
330618
330619
330620
330621
330622
330623
330629
330630
330632
330634
330638
330640
330643
330652
330653
330654
330663
330666
330667
330668
330669
330670
330672
330673
330674
330675
330676
330681
330686
330688
330691
330692
330694
330695
330697
330703
330707
330708
330712
330724
330726
330730
330732
330733
330738
330739
330740
330746
330749
330751
330754
330756
330758
330759
330764
330766
330773
330775
330776
330777
330778
330782
330788
330789
330790
330794
330797
330798
330801
330803
330804
330805
330806
330807
330808
330813
330814
330816
330817
330819
330822
330823
330824
330827
330829
330831
330833
330834
330835
330838
330839
330840
330842
330844
330848
330851
330855
330861
330862
330865
330869
330873
330875
330877
330879
330880
330882
330883
330885
330886
330888
330892
330896
330899
330900
330901
330902
330903
330914
330916
330917
330918
330921
330923
330924
330925
330926
330939
330940
330941
330945
330946
330956
330960
330966
330971
330972
330973
330976
330977
330979
330984
330986
330988
330989
330992
330997
330998
330999
331003
331007
331008
331012
331013
331015
331016
331018
331020
331033
331042
331044
331047
331048
331049
331051
331054
331063
331064
331068
331069
331070
331072
331074
331076
331077
331082
331085
331086
331087
331089
331090
331091
331093
331096
331098
331105
331106
331107
331113
331115
331120
331121
331122
331127
331128
331131
331134
331139
331140
331145
331146
331160
331168
331169
331170
331171
331176
331177
331178
331179
331180
331182
331186
331189
331191
331194
331196
331197
331201
331202
331208
331211
331214
331215
331227
331230
331232
331236
331238
331240
331244
331246
331249
331253
331256
331259
331261
331262
331265
331267
331270
331271
331272
331275
331283
331286
331289
331290
331293
331295
331296
331297
331305
331306
331311
331315
331318
331320
331323
331326
331331
331333
331339
331340
331341
331344
331346
331349
331352
331354
331355
331357
331359
331360
331363
331367
331370
331372
331373
331374
331377
331378
331385
331386
331389
331390
331392
331397
331400
331406
331407
331409
331411
331416
331418
331419
331420
331421
331432
331437
331439
331443
331446
331449
331451
331453
331454
331455
331457
331463
331464
331465
331466
331469
331470
331476
331479
331481
331482
331488
331493
331497
331503
331506
331511
331513
331516
331517
331518
331524
331532
331533
331536
331538
331542
331546
331566
331567
331568
331570
331571
331575
331580
331582
331585
331589
331593
331595
331596
331606
331608
331610
331611
331612
331615
331617
331619
331620
331622
331628
331629
331630
331631
331632
331638
331640
331643
331644
331645
331646
331648
331651
331653
331654
331655
331659
331660
331661
331662
331663
331667
331668
331669
331671
331674
331676
331679
331680
331681
331682
331684
331685
331686
331688
331691
331693
331694
331696
331698
331700
331701
331704
331706
331708
331709
331713
331717
331722
331724
331731
331736
331740
331741
331743
331744
331746
331749
331751
331752
331753
331756
331757
331759
331764
331765
331767
331771
331776
331783
331787
331789
331793
331794
331796
331799
331800
331802
331804
331806
331807
331808
331810
331811
331812
331813
331814
331816
331820
331821
331822
331825
331826
331831
331838
331840
331842
331848
331849
331850
331852
331853
331854
331855
331856
331857
331862
331869
331870
331871
331874
331876
331877
331880
331882
331884
331886
331889
331891
331896
331897
331900
331902
331903
331910
331911
331912
331913
331914
331915
331924
331928
331933
331935
331936
331937
331938
331939
331944
331945
331946
331948
331949
331950
331951
331952
331955
331957
331959
331966
331969
331973
331978
331981
331982
331984
331986
331988
331989
331991
331997
332000
332006
332010
332011
332012
332014
332018
332022
332026
332027
332029
332031
332033
332034
332044
332047
332048
332051
332054
332057
332063
332064
332065
332066
332070
332074
332077
332084
332085
332087
332092
332093
332096
332099
332100
332102
332106
332107
332108
332109
332110
332116
332122
332123
332127
332128
332129
332130
332132
332133
332134
332139
332142
332143
332147
332149
332153
332157
332160
332161
332174
332178
332180
332184
332185
332188
332189
332190
332191
332196
332202
332204
332206
332207
332208
332210
332211
332214
332215
332219
332221
332223
332224
332225
332226
332227
332229
332232
332235
332236
332237
332238
332247
332248
332250
332251
332255
332256
332257
332259
332263
332267
332270
332278
332280
332282
332283
332284
332285
332286
332292
332293
332295
332296
332297
332302
332304
332307
332310
332311
332312
332313
332321
332322
332325
332329
332330
332331
332335
332336
332340
332342
332347
332348
332349
332350
332352
332355
332356
332358
332359
332360
332363
332371
332372
332373
332375
332377
332382
332383
332384
332385
332391
332394
332396
332397
332399
332400
332401
332406
332408
332410
332417
332418
332420
332421
332423
332425
332426
332430
332431
332433
332436
332437
332441
332445
332448
332453
332454
332458
332459
332461
332462
332467
332468
332469
332475
332476
332477
332484
332486
332489
332490
332493
332495
332497
332498
332502
332504
332505
332508
332511
332512
332518
332521
332523
332524
332527
332529
332533
332535
332537
332540
332541
332546
332549
332551
332553
332558
332562
332565
332567
332571
332572
332573
332574
332575
332578
332580
332582
332583
332585
332589
332590
332593
332594
332597
332603
332609
332610
332611
332612
332614
332615
332616
332617
332619
332626
332627
332628
332630
332633
332636
332640
332643
332648
332649
332650
332651
332654
332657
332660
332662
332666
332671
332672
332674
332676
332683
332686
332687
332690
332698
332699
332700
332704
332705
332707
332708
332709
332711
332714
332717
332718
332725
332728
332729
332733
332736
332737
332738
332739
332740
332744
332747
332751
332754
332755
332758
332759
332763
332766
332770
332772
332777
332778
332781
332782
332785
332788
332799
332800
332802
332805
332809
332810
332814
332818
332823
332824
332825
332826
332828
332829
332832
332834
332836
332840
332844
332847
332848
332850
332851
332857
332858
332859
332860
332865
332867
332870
332871
332874
332878
332883
332884
332885
332887
332888
332889
332891
332896
332898
332903
332905
332906
332909
332911
332912
332914
332916
332920
332921
332922
332925
332927
332929
332931
332934
332939
332940
332941
332943
332944
332945
332946
332947
332950
332951
332956
332957
332961
332966
332968
332970
332973
332976
332977
332978
332981
332984
332986
332989
332991
332995
332996
332999
333001
333003
333006
333008
333009
333011
333014
333020
333021
333022
333023
333025
333027
333028
333031
333032
333034
333036
333038
333040
333042
333043
333049
333050
333056
333062
333065
333066
333069
333070
333073
333074
333076
333077
333079
333081
333084
333087
333088
333091
333093
333094
333095
333096
333098
333102
333108
333111
333116
333118
333120
333123
333126
333127
333129
333133
333135
333136
333137
333138
333141
333144
333145
333149
333150
333151
333154
333156
333158
333159
333161
333163
333164
333166
333167
333169
333170
333176
333183
333189
333192
333194
333195
333196
333201
333205
333207
333209
333216
333218
333219
333221
333225
333230
333231
333232
333235
333236
333238
333240
333242
333245
333246
333250
333251
333254
333255
333257
333259
333261
333264
333268
333269
333270
333276
333277
333278
333282
333284
333285
333287
333290
333291
333296
333300
333302
333304
333306
333309
333314
333315
333316
333320
333321
333323
333324
333325
333326
333328
333331
333333
333335
333337
333342
333344
333348
333350
333351
333354
333356
333357
333358
333359
333364
333365
333367
333368
333369
333373
333374
333375
333377
333379
333380
333382
333383
333384
333385
333386
333388
333389
333391
333392
333394
333399
333401
333404
333405
333407
333409
333412
333414
333419
333421
333422
333426
333427
333430
333431
333433
333436
333437
333439
333440
333443
333448
333450
333455
333458
333459
333460
333461
333464
333466
333473
333475
333477
333478
333480
333482
333484
333493
333497
333498
333500
333504
333505
333506
333516
333519
333527
333530
333531
333534
333535
333537
333538
333542
333543
333547
333550
333552
333553
333554
333556
333558
333559
333561
333562
333563
333564
333568
333569
333570
333579
333584
333585
333587
333593
333594
333595
333602
333607
333610
333613
333618
333619
333623
333627
333629
333634
333635
333636
333638
333640
333643
333644
333646
333648
333650
333651
333653
333656
333657
333659
333660
333663
333665
333666
333667
333670
333671
333672
333676
333680
333681
333684
333685
333687
333690
333692
333695
333698
333703
333704
333706
333708
333709
333710
333718
333726
333727
333729
333731
333732
333733
333734
333735
333738
333739
333740
333751
333755
333758
333760
333761
333762
333763
333764
333767
333774
333780
333783
333787
333793
333794
333796
333799
333803
333806
333808
333811
333812
333819
333824
333825
333826
333834
333837
333838
333845
333846
333848
333849
333852
333855
333856
333862
333864
333866
333867
333869
333875
333878
333884
333885
333890
333892
333899
333900
333902
333907
333908
333910
333912
333916
333917
333918
333919
333920
333921
333926
333930
333932
333935
333938
333939
333941
333942
333943
333949
333950
333952
333953
333954
333955
333957
333958
333959
333961
333966
333970
333971
333972
333976
333979
333982
333985
333987
333989
333993
333994
333996
333999
334000
334003
334011
334012
334016
334018
334021
334027
334028
334030
334032
334039
334040
334041
334043
334044
334048
334051
334053
334054
334055
334057
334067
334068
334069
334071
334074
334075
334078
334080
334083
334087
334088
334092
334096
334100
334108
334114
334118
334121
334122
334124
334125
334127
334135
334139
334141
334154
334156
334160
334162
334164
334165
334171
334172
334173
334176
334177
334181
334182
334195
334196
334197
334202
334205
334211
334213
334214
334216
334221
334223
334227
334229
334230
334232
334236
334241
334242
334246
334247
334256
334264
334265
334271
334275
334277
334278
334279
334284
334287
334290
334292
334293
334295
334297
334299
334302
334303
334305
334311
334312
334316
334317
334319
334322
334323
334324
334325
334331
334336
334343
334346
334347
334358
334360
334361
334365
334368
334369
334375
334376
334377
334378
334381
334384
334385
334389
334391
334392
334393
334394
334395
334400
334401
334403
334405
334407
334409
334411
334413
334415
334418
334420
334427
334432
334433
334439
334443
334444
334445
334449
334451
334453
334454
334455
334458
334462
334467
334468
334470
334471
334474
334475
334478
334479
334482
334484
334488
334490
334492
334493
334500
334503
334505
334507
334508
334509
334519
334520
334523
334524
334526
334528
334531
334533
334539
334541
334543
334545
334546
334556
334557
334559
334561
334563
334564
334565
334566
334569
334570
334573
334575
334579
334580
334581
334583
334586
334587
334589
334591
334593
334594
334597
334599
334601
334602
334606
334607
334608
334609
334614
334615
334616
334617
334619
334621
334624
334625
334626
334632
334635
334636
334640
334641
334642
334643
334645
334648
334653
334655
334657
334658
334660
334664
334665
334671
334672
334674
334680
334682
334683
334684
334686
334687
334689
334690
334695
334705
334708
334709
334710
334711
334713
334716
334720
334727
334728
334730
334732
334733
334737
334741
334744
334746
334747
334748
334749
334750
334751
334754
334756
334758
334761
334762
334763
334765
334770
334773
334774
334777
334778
334780
334781
334783
334784
334787
334791
334793
334796
334802
334806
334817
334820
334821
334822
334824
334825
334832
334833
334834
334836
334840
334845
334846
334851
334853
334855
334856
334860
334861
334862
