1088 1089 9400 9401 16703 16704 46243 46244 46245 46246 52168 52169 52170 61920 61921 61922 61923 61924 61925 66787 66788 66789 66790 66791 66792 66793 66794 66795 66796 66797 66798 66799 66800 66801 66802 66803 66804 66805 68290 68291 68292 68293 68294 68295 68296 68297 68298 73701 73702 91941 91942 91943 91944 91945 92492 92493 92494 92495 93919 93920 93921 93922 94702 94703 94704 94705 94706 94707 94708 94709 95460 95461 95462 95467 95468 95469 95470 96194 101965 101967 101968 103184 103185 106083 106084 106086 106087 106427 106428 106429 106430 107015 107016 114312 114313 114314 114315 114316 114317 115236 115237 115238 115239 129729 130079 132187 132188 138074 138075 138076 138077 141490 141491 142892 142893 142894 144104 144693 144694 157128 157129 157130 157131 157132 157656 158060 158385 158386 158387 158388 158896 158897 159648 167135 167136 167137 167138 167139 167140 167141 167142 170716 170717 170718 171695 176463 176464 176465 177525 177526 183181 183182 184429 184430 187362 187363 187364 187365 187366 190349 191028 191601 191602 191603 191604 195471 195472 195473 196020 196021 196544 196545 197173 197174 197375 198733 207148 208317 208318 208319 208320 208321 210704 210705 214165 214166 215113 215114 221544 225852 225853 225854 226496 226497 226965 228450 229361 229362 229948 233514 233515 234088 234089 237522 238004 238813 240367 240916 240917 240918 240919 241409 241650 241651 241652 241653 241654 244477 244478 244479 244480 244481 244531 244532 244533 244535 244536 244537 244538 245048 245123 253598 256541 256903 256904 259727 259728 262642 262643 262644 264107 264108 264109 265720 265721 273972 273983 273984 273985 275567 277497 279835 281722 282434 282435 283044 283045 283047 283161 283162 283163 283422 284988 285066 285274 286047 286048 286049 287417 288608 290715 291184 293971 293972 293973 293975 295541 295542 298407 298408 298729 298730 300206 300207 300208 300209 300211 300212 300645 300646 303531 303532 303840 303841 305527 307398 310081 310252 315128 315129 315393 315394 315440 315641 316994 316995 316996 318197 318216 319765 319766 319767 319905 322426 322427 323594 324750 325231 326007 327051 327052 328491 329223 329258 329474 329578 330840 331220
9073 9074 9075 9076 9077 9078 9079 9080 9081 32752 32753 35226 35227 35228 35229 35230 35231 35232 36643 36644 36645 36646 37635 37636 37637 37638 37639 37640 44951 44952 44953 44954 49066 49067 49068 49069 49070 53880 53881 53882 53883 59073 59074 59075 59076 59077 59078 59079 59080 73182 73183 73184 73185 73186 73187 76282 80319 80320 80321 80322 80323 80324 80325 80326 80327 80328 80329 91332 91333 91334 91335 91336 91337 95189 95190 95191 95192 95193 95194 95195 95196 96880 96881 96882 96883 96884 102796 102797 102798 102799 102800 102801 106438 106439 106440 106441 106442 106443 106444 106445 106446 106447 112052 112053 112054 112055 112056 112057 112058 118104 118105 118106 118107 118108 118109 125984 130543 130544 130545 130546 130547 130548 131205 131667 131668 131670 131671 131672 132405 132406 132407 132408 132409 141174 141175 141176 141177 141178 141179 141180 141320 141321 141322 141323 141324 141325 141326 148272 148816 148817 148818 148819 148820 148893 148894 148895 150360 162074 162381 162382 167036 167039 171333 171334 171335 171336 171337 171338 174411 174412 174413 178734 178735 178736 179733 183843 183844 183845 183846 183847 183848 190100 194122 194123 197189 197190 197191 197192 197193 197194 197195 197196 197197 197198 197199 202196 207413 208367 210592 210593 216583 216584 216585 217713 222847 222848 228545 228546 230631 230632 238699 239939 239940 239941 239942 239943 239944 239945 241864 241865 241866 241867 241868 244818 244820 244822 244823 244824 251220 251296 257225 257226 257227 257228 257229 258582 260229 260297 260882 260883 260884 260885 260886 260887 260888 260889 260890 261703 264095 272350 272353 272354 272397 272398 272399 273006 275450 275451 275452 276746 277127 283579 283683 283684 283685 290959 291564 291565 291743 293902 293903 295931 299116 299117 299118 301052 306354 306753 307379 314871 314872 317965 317966 317967 318212 319056 319057 319058 319059 319373 320133 321310 321828 323113 323114 324474 326338 326480 327674 327675 328435 329083 329084 330582 330583 330584 330585 330732 330953 332343 333504 333550
14098 14099 14101 14102 14103 47228 47229 47230 47231 47232 47233 47234 47235 47236 47237 47238 73759 73760 73761 73762 73763 73764 73765 73766 73767 73768 73769 73770 81466 81467 81468 81469 81470 81471 81472 81473 81474 81475 81476 92448 92449 92450 92451 92452 92453 93642 93643 93644 93645 93646 93647 93648 93649 93650 93651 93652 93653 93654 103404 136233 136234 136235 136236 136237 137809 137810 137811 137812 150310 150312 150313 168329 168330 168331 168332 168333 168334 185581 185582 190728 196476 196477 196478 196479 196480 204123 204124 204125 204126 204127 204588 206806 206807 212782 212783 212784 212785 212786 214380 233061 233062 233163 239621 246018 246019 246020 246021 252811 258607 261351 264863 267755 267756 271844 280841 280842 284122 286880 294633 307485 307486 307487 307488 307489 307490 308183 308953 308954 308955 308956 308957 308958 308959 310320 310321 310322 310323 310324 310325 311478 312648 312649 312650 315330 316291 316292 316293 316294 316295 321178 321179 321180 321181 321182
7010 7011 7012 7013 7014 17912 17913 17914 17915 17916 17917 26449 26450 61096 61097 61098 61099 61100 61101 81316 81317 81318 81319 81320 92295 92296 92297 92298 92299 92300 92301 92302 92303 92304 132708 132709 134527 134528 142365 144954 144955 144956 144957 171764 171765 171766 171767 171768 181114 194881 200857 200858 200859 200860 200861 200863 200864 201214 201215 204282 204283 204781 204782 204783 204784 208340 209331 209332 214985 214986 214987 220307 224695 227941 227942 227943 227945 227946 227947 229383 229384 234780 234781 234782 239797 239798 239799 239800 239801 239802 239803 239804 239805 239806 239807 243284 254334 256236 256237 256238 256239 256240 256241 256242 256243 256244 256245 256246 257772 257968 258326 258327 262859 267757 267758 276452 281334 281335 281336 283703 284536 284537 284538 284539 284551 284552 288314 288549 288550 288551 288553 288554 290469 290470 291566 291567 291568 291569 291570 291571 292529 294638 294639 306808 309745 309746 309747 309748 309749 310842 329423 329424
14766 14767 14768 14769 14770 14771 14772 18573 18574 18575 18576 18577 18578 20055 20056 20057 20058 20059 20060 24946 24947 24948 24949 66235 66236 66237 78122 78123 78124 78125 78126 78127 78128 78129 78130 78131 78132 78133 78134 78135 78136 78870 78871 78872 78873 78874 78933 78934 78935 78936 82981 84658 84659 84660 88587 88588 114773 114774 114775 114777 114778 114779 134636 134637 134638 134639 134640 134641 134642 134643 134644 138808 138809 149075 151020 151021 151022 156300 156301 159150 160610 160611 160612 160614 167400 167401 169174 169175 169176 169177 169178 171490 171491 171492 171493 171494 171495 171496 171497 171498 178281 180869 182462 182463 182464 200076 200077 200078 200079 200080 205968 214236 216786 217472 217473 217474 220333 232550 232551 238537 238538 239294 239295 244594 254510 254511 254512 256598 256600 271507 275447 275448 275453 275454 275455 275456 275457 283159 283160 284286 284287 302784 305203
9948 9949 9950 9951 9952 9953 9954 9955 20411 20412 20413 20414 20415 20416 20417 26346 26347 26348 26349 26350 29665 29666 29669 32760 32761 32762 32763 32764 32765 32766 39807 39808 39809 39810 39811 39812 39813 39814 39815 39816 39817 39818 39819 39820 51757 51758 51759 54735 54737 54738 54739 54740 54741 54742 54743 54744 54746 67933 67936 67937 72915 72916 72917 86362 86363 86364 86365 86366 86367 86368 86369 91544 91545 118763 118764 118765 118766 118767 118768 124033 124315 134303 134304 134305 134306 135870 135871 135872 135873 135874 144893 144894 144895 144896 144897 144898 144899 159872 159873 177654 181732 181733 181734 189458 189459 189460 189461 195109 198325 202583 207776 207777 214341 215438 215439 215440 222667 244085 261214 261215 261216 261217 261218 271451 278100 278101 282200 284043 284874 285192 285193 285194 285195 287888 287889 308012 313616 319811 321247 332665
4512 4513 4514 4515 4516 4517 4713 28992 28993 28994 28995 28996 28997 28998 28999 29000 29001 29002 29003 29004 29005 29006 29007 29008 29009 29010 29011 39410 39411 39412 43799 43800 43801 43802 43803 43804 63103 63104 63105 63106 73848 73849 73850 74601 74602 74603 74604 76361 76362 76364 80792 89344 89345 103823 118376 118377 118378 118379 118380 118381 118382 118383 118384 118385 118386 118387 118388 118843 118844 118845 118846 127662 127663 132615 132616 137254 137255 137257 137258 137259 137260 137261 137263 137724 137725 137726 137727 144508 144509 144510 144512 144513 144514 144515 144516 144517 144518 144519 144520 144521 145439 163632 195275 195276 195277 195278 195279 195280 195281 213014 213016 214589 214590 214591 214592 218905 218906 218907 220870 220871 234901 237144 237145 237146 256029 256030 256031 256032 256033 263849 263850 288802 288803 288804 288805 288806 314526 330867 334261
1823 1824 1825 1826 1827 1828 1829 1830 1831 1832 1833 1834 1835 1836 1837 1838 1839 1840 1841 1842 1843 1844 1845 1846 1847 1848 1849 1850 1851 1852 8071 8072 8073 42706 42707 42708 42710 42711 42712 42713 42714 42715 42716 42717 42718 42719 42721 42722 42723 42724 42725 42726 42728 42729 42730 42731 42732 42733 42734 42735 42736 42737 42738 42739 42740 48345 48346 48347 48348 48349 55743 55744 55745 55746 55747 55748 55749 55750 55751 55752 88734 88735 88736 88737 88738 88739 110617 110618 110619 110620 110621 110622 110623 110624 110625 110626 110627 110628 110629 110630 110631 120305 120306 120307 126661 152614 184412 184524 184525 184526 184527 184528 184529 184530 184531 184532 184533 184534 186347 221403 223846 228425 251564 262468 262469 262470 281476 294299 294300
34608 34609 34610 41434 41435 60285 60286 60287 60288 60289 60290 76729 76730 76731 130969 130970 130971 130972 130973 130974 139260 139261 139262 139263 139264 139265 139266 139267 139268 147143 147144 147145 160331 160332 160333 160334 169574 169575 169576 169577 169578 169579 169581 169582 169583 182573 182574 193465 193466 193467 193660 193661 193662 193663 193664 193665 205846 205847 205848 206649 206650 206651 211772 211773 211774 211775 213911 238109 238632 238633 238634 238635 238636 238637 238639 238842 238843 238844 238845 240582 240583 240584 251801 251802 255650 255651 255652 255653 273696 273697 276519 276520 276521 276522 283027 283028 283029 283030 283031 283032 284526 285040 285041 289423 295686 295687 295688 298482 298483 301541 304308 307459 311709 312233 312824 313404 313405 313617 323177 328955
10782 10783 10784 10785 10786 13285 18555 18556 18557 69065 69066 69067 77310 77311 77312 80716 80717 80718 80719 82343 82344 85356 85357 85358 85359 85360 87529 87530 87531 87532 113833 114475 121054 121055 121056 122627 122628 122629 122630 122631 122632 122633 151673 151674 151713 155350 155351 155352 160322 174466 174467 174468 174469 174470 174471 176078 178342 178343 178344 178345 178346 178347 180375 180376 180377 182008 192193 192194 192195 213945 213946 230723 230724 230725 230726 230727 240531 241731 241732 251301 251302 251303 251304 251305 251306 251307 251308 251309 251310 252017 252594 252595 252596 253123 253124 253125 253126 261113 271680 283063 283064 285091 287886 293414 300032 307843 313262 313263 313264 316853 319917 320377 320378 321776 321777 322163 322943 324947 331945
11851 11852 11853 11854 11855 11856 36044 36045 36046 36047 36048 36049 52938 89778 89779 89780 92009 92010 92011 92012 94568 110003 144440 144441 144442 144443 144444 144445 154108 154109 154110 154111 154112 154113 154114 166529 168951 168952 168953 168954 168955 168956 175996 175997 175998 177995 177996 177997 177998 186863 186864 186865 186866 186867 186868 188984 188985 188986 191826 191827 191828 191829 192501 192502 192503 192504 193482 193483 193484 193485 194468 194469 194470 194471 194472 194473 194474 194475 194476 194477 206518 206519 206520 206521 206522 213237 218461 221559 224703 228913 228914 238490 245719 251644 251645 253142 262344 262345 270497 270498 286776 286777 286778 286882 290100 290101 299513 305335 307280 312294 313624 313625 317440 332990
4010 4011 4012 4013 10595 10596 10597 10598 10599 10600 10601 10602 10603 10604 10605 10606 52688 52689 52690 52691 52692 52693 52694 52695 52696 55811 55812 55813 73264 73265 73266 73267 73268 73357 73358 73359 73360 80175 80176 96901 96902 123095 123096 123097 123098 123099 123100 123101 123102 123103 134408 134409 134410 134411 134412 152971 152972 152973 160499 163713 163714 163715 170789 170790 170791 170792 177299 179050 179051 190516 190517 190518 212547 212548 212549 212553 212556 212557 212558 233279 233280 233281 239505 246693 246694 249274 255677 255678 271549 273687 292753 292754 293034 293035 293866 312362 313842 316621 323843 332016 332508
61086 61087 61088 61089 61090 61091 75385 75386 75387 75388 75389 75390 76249 76250 76251 76252 76253 88854 92109 92110 92111 92112 94232 94233 94234 94235 94236 94237 94238 94239 94240 94241 94242 94243 94244 94245 94246 94247 141430 141431 141432 141433 148134 148135 148137 148138 148139 148140 148141 186691 186692 186693 186694 186695 186696 186697 186698 186699 186700 203467 210232 210233 212271 212272 212273 212274 212275 212276 212277 212278 212279 212280 215892 218356 218357 218358 228833 228834 228835 228836 238377 238378 238379 253645 253646 253647 253648 253649 253650 253651 253652 253653 253654 278500 278501 307089 307090
31494 31495 31496 31497 31498 31499 31500 31501 41882 41883 41884 41885 41886 48089 48090 48091 48093 48094 48095 48096 48097 48098 48099 48100 48101 48102 48103 48104 48105 49389 49390 49391 49392 49393 49394 49395 49396 52905 52906 52907 52908 52909 52910 67588 67589 67590 67591 67592 67593 67594 67595 67596 67597 67598 67600 70499 74404 74405 74406 74407 74408 74409 74410 97216 97217 97218 103897 135239 135240 135241 135242 169521 172576 172579 175465 175466 175467 183116 183117 183118 183119 222416 231112 231113 231114 236463 255477 276436 276908 277138 295016 298850 313071 322751 327141 327142 329455
8116 8117 8118 8119 8120 15159 15160 15161 15162 15163 15164 15165 15166 15167 15168 15169 15170 30013 30014 30015 30016 30017 30018 30019 30020 34177 34178 82175 90255 90256 110903 110904 110905 110906 110907 110908 110909 110910 110911 110912 110913 110914 111924 111925 111926 118769 118771 118772 118773 118774 118791 118792 136722 136723 136724 137712 150318 150319 150320 181673 181674 205700 220879 225569 253396 253397 253398 273678 273679 273680 273681 287174 287175 292639 301357 301358 309290 315620 317733 317809 318617 318618 318619 318620 318621 318622 318623 318624 318625 318626 318627 318628 321921 321922
5839 5840 5841 5842 5843 5844 40289 40290 40291 40292 40293 40294 40295 40296 43481 48041 48042 48043 48045 48046 48047 48049 51281 51282 67186 67187 67188 72866 72867 72868 72869 72870 72871 72872 72873 80001 80002 98851 98852 98853 98854 98855 98856 98857 98858 98860 98861 98862 98863 98864 98865 98866 98867 135313 135314 135315 135316 135317 135318 135319 179794 185159 185160 185161 192388 192389 192390 192391 192392 192393 216761 216762 239451 239696 241886 241887 242626 247362 252460 252461 252462 252463 252464 258984 259338 259339 274469 274470 290260 290261 290262
103350 103351 103352 103353 103354 156012 156013 156014 181490 181491 181492 181493 181494 181495 181496 242206 242207 242208 296742
12836 12837 12838 12839 12840 56701 56702 56703 56704 56705 56706 56707 88065 88066 88067 88068 88069 88070 98341 98342 98343 98344 98345 98346 98347 98348 139376 139377 139378 139379 139380 139381 139382 139383 139384 148158 148159 148160 156992 159629 159630 159632 159633 159634 159635 159636 159637 159638 180159 180160 180161 180162 182860 186433 186434 186435 186436 197048 197050 210556 213611 215253 215254 215255 215256 215257 215258 224924 224925 226273 226274 226275 226276 227939 227940 236555 236556 236557 249385 251135 264659 270017 271731 282180 285721 294176 304056 322694 322695 322696
6994 6995 6996 6997 6998 6999 7000 7001 7003 7004 38766 38767 38768 38769 38770 38771 38772 38773 38774 38775 38776 38777 84879 84880 84881 84882 84883 84884 160209 160210 160211 160212 161980 161981 175755 175756 198224 210104 212608 212609 212610 212611 219085 219605 230808 233041 236341 236342 236343 236344 236345 236346 236347 236348 236349 236350 236351 236352 236353 236354 236518 236519 237246 237247 239031 239032 271785 277003 280855 280856 280857 280858 280859 280860 280861 280862 280863 280864 280865 280866 283756 316924 316926 316927 330804
32382 32383 32384 32385 32386 32387 32388 63327 63328 63329 63330 63331 74151 74152 74153 101286 101287 134138 134139 134141 134142 134143 134144 142358 142359 156244 156245 158721 190705 190706 190707 190708 190709 190710 190711 197988 197989 206769 206770 206771 209993 209994 209995 218920 218921 218922 221801 221802 221803 221804 221805 229766 246057 246058 246059 253010 257170 272270 288697 303103 303104 303105 305983 312849 312850 312851 313639 317784 318412 318763 318764 318765 320310 325888 326120 331897
63389 63390 63391 63392 63393 63394 83568 83569 83570 83571 83572 83573 118564 118565 119183 171860 171861 171862 171863 171864 171865 171866 171867 171868 171869 171870 171871 171872 171873 173841 190867 190868 190869 190870 190871 190872 190873 190874 190875 190876 190877 190878 199449 209147 211677 228281 228293 228294 228295 228296 228297 228298 228299 228300 228301 228302 228303 228304 228305 248965 248966 248967 248968 248969 248970 260815 260816 268655 269059 290882 306245 306246 306247 306248
47101 47103 47105 103391 103392 103393 103394 103395 103396 103397 103398 113319 113320 140879 153831 159479 159480 159481 159482 159483 159484 159485 159486 159487 159488 159489 174429 174430 174431 193597 193598 202708 227600 227601 231102 231103 242911 242913 242914 242915 254566 254567 260228 264626 264627 264628 270457 281878 283206 283207 283208 283209 284702 284703 292487 294993 295341 295342 295343 295754 308723 309187 309188 309189 309190 309851 309852 309853 310514 317892 330306
1769 1770 1771 1772 1773 26730 26731 26732 26733 26734 26735 26736 26737 26738 26739 26740 26741 26742 55076 55077 55078 55079 55080 75631 75632 75633 75634 100187 100188 100189 100190 100191 100192 100193 100194 100195 100196 100198 118389 118390 118391 118392 134071 134072 140740 161961 161962 161963 161964 161965 199873 199874 199875 199876 213217 256249 261956 262941 262942 262943 262944 281950 287659 297691 297692 298256 298257 299408 302599 303586
3387 3388 3389 3390 3391 32369 32370 32371 32372 32373 32374 32375 32376 46675 46676 46677 46678 46679 46680 46693 46694 46695 46696 46697 46698 46699 46700 46701 46724 46725 46726 46731 46732 46733 46773 46774 46777 46778 49131 49132 49133 49134 49135 49136 49137 49138 49139 49149 49150 49151 49152 138319 138320 138321 139757 139758 139759 155583 155584 155586 183014 204093 208620 208621 208622 208623 274868 274869 287423
75440 75441 75442 75443 75444 75445 75446 75447 75448 127384 127385 127386 127387 127388 127389 160554 169037 235169 272702 290933 291506 301433 303600 303601 303602 303603 303604 303611 311054 311055 311056 311057 311058 311060 311061 311062 311063 311064 311065 311066 311067 311068 311069 311072 311073 311074 311075 311076 311077 311078 311079 311080 311081 311082 311083 311084 311085 311086 311087 311088 311089 311092 316713 329178 329179 329180 329181 329184
7095 7096 7097 7098 7099 7100 41481 41482 41483 41484 41485 41486 41487 41488 131871 131872 131873 131874 131875 137738 137739 156405 156406 156407 156408 156409 156410 164740 164741 179540 191667 195840 195841 195842 195843 195844 227278 240968 264529 270010 272165 276824 276825 276826 276827 276828 291926 291928 293310 296419 297177 297178 297179 308069 310806 318475 318476 318477 318478 318479 318480 318481 318482 323963 328865 332155
1858 13631 13632 13633 13634 13635 13636 23022 23023 23024 23025 50185 50186 50187 50188 50189 50190 68461 68462 68463 68464 68465 105592 110035 112408 112409 112410 112411 112413 112414 112415 112416 112417 112418 112419 113964 113965 128250 128251 130508 137874 148742 148743 148744 156993 156994 156995 156996 156997 156998 171796 171797 235690 266230 266231 266232 266233 283381 292182 292183 292184 301583 305562 319973 330593
48726 48727 48728 48729 48730 48731 50864 50865 50866 50867 94555 94556 97567 97568 97569 97570 97571 97572 97573 97574 97575 97576 97577 99181 99182 99183 99184 99185 99186 99187 99188 99189 99190 99191 99192 99193 99194 104521 106155 115520 115521 115522 134276 134277 134278 134279 134280 134281 134282 167816 167817 167818 167819 167820 170559 187834 187835 190525 190526 237663 237664 319094
75402 75403 75404 75405 75406 75407 98035 98036 98037 100893 100894 100895 100896 100897 100905 100906 100907 100908 100909 100910 100911 100912 100913 100914 100915 100916 100917 100918 100919 100920 100921 100922 100925 100926 100927 100928 100929 100930 101062 101063 101065 101072 163126 174834 174835 174836 174837 218924 218925 244206 244207 264575 275411 278482 278483 278484 297815 320057 328650 329852 329853
3656 3657 3658 3659 3660 3661 3662 8268 8271 17790 28747 28748 28749 28750 28751 28752 39250 39251 84167 84168 84169 90882 90883 90884 90885 90886 90887 90888 93706 93707 93708 93709 93710 93711 93712 132541 135500 135501 170029 170031 170032 170033 170034 219083 235939 267577 267578 267579 267580 277771 277772 284868 300964 316797 316798 319165 319166 320569 325288 330955
11689 17356 17359 17360 17361 20942 20943 20944 20945 20946 31337 31338 31339 31340 31341 31342 35267 35268 35269 35270 35271 114827 124457 124458 124459 124460 124461 130158 130159 148002 148003 148004 148005 239155 239156 239157 239158 259606 259607 259608 262815 272530 272531 272532 272533 272534 275991 275992 275993 275994 276650 295090 298599 300283 307469 307471 307472 307473 307474 320787
6853 6854 6855 6856 6857 6858 6859 6860 6861 6862 27082 27083 27084 27085 27086 27087 27088 52806 52807 52808 52809 52810 52811 55544 79264 79266 99058 99059 99060 99061 124041 124042 124043 124044 124045 124046 124047 124048 124049 164225 164226 164227 164228 172591 172592 172593 172594 172595 172596 172597 172598 180456 180457 208251 267340 267341 267342 267343 289340 318027
17279 17280 17281 17282 17283 17284 17285 29422 29423 29424 29425 29426 29427 29428 133908 133909 133910 133911 133912 133913 133914 133915 133916 140630 140631 169879 169880 169882 172805 172806 172807 172808 172809 172810 178814 178815 178816 183779 183780 183781 183782 183783 183784 183785 183786 198090 209637 215077 215078 222575 259811 287261 287262 303084 303085 303086 315131 325177 325178 332546
1042 48736 82612 82613 82614 82615 82616 82617 102224 102225 102226 102227 102228 102229 102230 102231 102232 102233 102234 102235 102236 102237 102238 102239 102240 102241 102242 102243 102244 102245 102246 102247 102248 102249 112231 112232 112233 133107 133108 145043 145044 243108 260696 296543 296545 296546 296547 296548 296549 296550 296551 296552 296553 296554 296555 296556 307710 308177 308178
55736 55737 55738 55739 55740 55741 78279 143372 143375 144451 146036 146037 166585 166915 167382 167383 167384 167385 172878 172879 178157 192647 196486 219572 249233 249234 249235 249236 249237 249238 249239 249240 249241 253430 253431 253432 253433 253434 253435 253436 253437 253438 254742 254743 254744 254745 254746 254747 254748 254749 254750 254751 254752 254753 254754 254755 274265 274266
15899 15900 15901 15902 15903 15904 15905 72135 72136 72137 72139 72718 72719 72720 72721 72722 72723 82854 82855 82856 82857 103405 103406 103407 107723 107724 107725 107726 107727 107728 107729 122691 122692 122693 122694 122695 137315 137316 137317 137318 137319 142671 142672 142673 165425 165426 165427 188520 196120 226221 226222 292187 292188 297518 297519
31958 31959 31960 31961 31962 31963 78174 78175 78176 78177 78178 78179 78180 78181 121915 121916 121917 121918 121919 135083 135084 135085 139420 197687 197688 197689 197690 220200 220202 226317 226318 234092 234093 234094 259331 259332 259333 263381 263382 263577 263578 266130 271932 271933 271934 271935 272386 273003 273004 281236 281237 281238 297166 297167
35233 35234 35235 35236 35237 35238 35239 35240 35241 126441 126442 126443 126444 126445 126446 126447 182656 182657 182658 182659 182660 182661 182662 182663 182664 195014 204575 204576 204577 204578 211693 211694 211695 211696 211697 211698 225762 239506 244841 244842 244843 250566 250567 250568 250569 250570 250571 250572 250573 258499 258500 314783
571 572 573 574 575 576 10421 10422 10423 10424 10425 10426 30103 35214 35215 35216 35217 35218 35219 35220 35221 38097 38098 38099 38100 38101 38102 38103 38104 38105 38107 38108 38109 38110 38111 38112 38113 38114 38115 38116 38118 38119 38120 38121 86107 129687 172050 206414 232849 322122 322123 322124
11075 11076 11078 11079 11080 11081 11082 11083 11084 11085 11086 11087 11090 11091 11092 11093 11094 11095 31528 31529 31530 31531 144834 144835 144836 144837 144838 144839 154500 154501 184896 185619 207117 215387 233455 269684 269685 269686 274567 283682 290279 290280 290281 299356 299357 299358 299359 307666 307667 320718 320719
25332 25333 25334 25335 25336 25337 32198 61972 61973 61974 61975 61976 61977 110403 137382 137383 137384 137385 151349 151350 181449 181532 191639 191640 191641 191642 191643 191644 191645 191646 191647 191648 191649 191650 191651 191652 222056 222057 222058 222059 229608 230430 230431 230432 230433 250236 268907 311007 319631 319683
128262 128263 128264 128265 128266 128267 156830 179359 188621 188622 188623 190816 190817 190818 190819 190822 190825 191297 191298 191299 191301 191302 191304 218958 218959 218960 218961 218962 218963 218964 235596 236956 236957 236959 236960 236961 236962 236963 236964 251694 251695 287915 287916 288235 288236 288237 288238 293005 311272 314956
6827 6828 6829 6830 6831 34094 34095 34096 34097 34098 51801 51802 51803 131697 152801 152802 152803 152804 152805 157976 157977 157978 157979 157980 186480 186481 186482 193216 199170 199171 215921 215922 215923 229872 247948 247949 247950 247951 252945 252946 252947 266041 266042 287310 287311 319534 319535 332437 333807
2902 2903 2904 2905 2906 2907 55186 55187 55188 61645 61646 65877 65878 65879 65880 65881 65882 65883 65884 65885 65886 65887 65888 65889 65890 65891 65892 65893 65894 65895 65896 65897 65898 65899 65900 65901 65902 132439 177561 177562 244432 259801 276415 276416 276417 276418 276419 276420 304111
15650 27534 27535 27536 27537 50160 50161 50162 50163 50164 50165 50166 50167 50168 50169 50170 50171 50172 50173 50174 50175 50176 50177 50178 88804 88805 136924 136925 136926 151937 151939 151941 171527 171528 171529 171531 171532 171533 171534 210740 210743 235545 235546 290958 299667 305646 305647 314677 314678
19456 19457 19458 19459 19460 34781 58417 58418 58419 58420 58421 58422 58423 58424 58425 120940 180069 180070 180071 198029 198030 198035 198036 198037 198038 198039 198040 212916 222770 227406 227407 227408 227409 227410 227411 227412 227413 227414 230676 230677 232479 232480 232481 232482 293208 323427 324037 324039 333916
10925 10926 10927 10928 14158 14159 14160 14161 14162 14163 29702 29703 29704 29705 80655 80656 80657 132556 132557 132558 132559 132560 132561 132562 202229 202831 202832 202833 209166 209167 209168 209169 209170 224629 224630 224631 224632 225998 228748 240476 240477 240478 240479 295010 303374 317532 325524 330852
22839 25655 25656 25657 25658 25659 28916 49716 49717 49718 49719 51956 51957 51958 73407 73408 73409 73411 73413 73414 73415 73416 73417 73418 73419 73420 73421 73422 73423 73424 73426 73428 73429 97131 97132 97133 184487 184488 184489 184490 184491 200808 200809 229960 305561 306203 306204
52738 52739 52740 52741 79739 79740 79741 79743 79745 79746 79747 79748 79749 79750 79751 79752 79753 79754 79755 79757 79758 79759 79760 79761 79762 96363 96364 96365 96366 97892 97893 135134 183593 202160 234683 234684 234685 234686 243285 243286 243287 245919 285277 285278 297646 317819 327241
1814 1815 1816 1817 1818 1819 26726 26728 26729 65621 65622 65623 65624 95406 166717 166718 168818 176437 176438 176439 200055 210723 210724 210725 210726 219350 221141 221142 221143 221144 221145 221146 255110 255111 255112 255189 270536 284876 289619 291752 302508 302509 312263 316593 328418 331701 333829
19983 19984 19985 19986 19987 19988 19989 19990 83417 83418 83419 139507 139508 139509 139510 139511 139512 139513 139514 186283 186284 215842 215844 215845 235228 235230 235231 243735 243736 243737 243738 243739 243740 257773 257774 257775 257776 271383 271384 271385 282190 300809 310291 325054 325760 328584
2635 2636 2637 2638 30393 50416 50417 50419 50420 50421 50422 50423 50425 105375 105376 105377 105378 105764 113177 113178 113179 147368 147369 147370 155518 155519 155520 155521 157025 157026 157028 174486 174487 174488 174489 182947 182948 182949 182950 182952 182953 182954 229116 229117 312519 312520
3305 3306 3307 3308 3309 3310 3311 3312 30928 30929 30930 30931 30932 124533 124534 124535 141672 141673 141674 141675 152179 152180 152181 152183 152184 152185 152186 152187 152188 152189 152190 152191 152192 152193 152194 152195 187712 187713 187714 187715 187716 226392 226393 226394 226395 226396
19938 19939 19940 19941 19942 19943 19944 19945 19946 19947 76423 76424 76425 76426 76427 76428 76429 76430 76431 108268 111464 151531 151532 152877 152878 152879 180021 180022 180023 180024 180025 180026 184714 204802 204803 224549 224550 224551 224552 224553 224554 256971 268514 278187 308298 315032
147762 186208 186209 186210 186211 186212 186213 186214 186215 186216 186217 186218 186219 213572 213573 213574 213575 213576 213577 213578 252402 260515 260516 260517 260518 260519 276344 277603 277604 277605 300550 300551 300552 300553 300554 300555 301495 309306 312939 312940 333774 333775 334701 334745 334746
38923 38924 38925 38926 38927 38928 63208 63209 103355 104737 104738 104739 120795 120796 120797 150750 172470 172471 172472 172473 172474 172475 172476 172477 172479 172480 172481 172482 172483 178466 184686 207536 214612 214613 214614 214615 214616 214617 250782 282734 284936 284937 284938 284939
4268 4269 4270 4271 4272 9507 9508 9509 9510 9512 9513 9514 9515 91077 91079 136527 136528 136529 136530 136531 136532 136533 136534 136535 136536 202479 202480 202481 202482 219207 229168 229169 248935 248936 248937 248938 248939 271074 271075 306380 306381 306382 313626 331942
65778 81028 81030 106029 106030 106031 106032 106033 106034 106035 120988 166191 197447 197448 197449 197450 197451 197452 197453 197454 197455 197456 197457 197458 197459 197460 197461 197462 197463 197464 207159 252895 255151 279676 279677 279678 279679 279681 279682 279683 279684 279685 312983 312984
12146 12147 12148 12149 141415 174771 176425 176426 183740 183741 183742 183743 183744 183745 183746 183747 183748 183749 183750 183751 183752 183753 183754 183755 183756 210652 234569 256209 256210 262394 262395 262396 262397 262398 262399 262400 262401 262402 262403 262404 262405 262406 287441
86970 86971 86972 86973 133257 133258 133259 133375 133376 133377 133378 137126 178220 178221 178222 178223 178239 178240 178241 178242 178243 255369 255370 255371 268183 268184 268185 268186 268187 268188 288335 288336 297824 297825 297826 297827 297828 297829 308888 310561 326237 334455
50104 50105 50106 50107 50108 50109 50110 50111 50112 50113 50114 50115 50116 50117 50118 50119 50120 50121 50122 50123 50124 50125 101797 101798 101799 128635 128636 128637 128638 128639 156520 156521 156522 156523 156524 156525 192309 195668 195669 239525 263335 305568
18303 60858 60859 60860 60861 60862 61093 61094 61095 72874 84935 88368 94962 94963 94967 94968 94969 94970 94972 94975 94976 94977 94980 171569 175891 176317 176318 176322 221720 260990 260991 260992 260993 260994 260995 260996 260997 260998 298935 300680 300681
37651 37652 37653 37654 37655 37656 37657 68047 68048 68049 68050 68051 68052 68053 68054 68055 68056 68057 68058 68059 158702 158703 158704 158705 158706 158707 167349 179474 179475 217146 217147 239936 239937 239938 254274 254563 287913 296143 297367 307978 326349
36630 36631 36632 85551 85552 85553 85554 85555 155669 155670 173657 173658 173659 173660 173661 173662 173663 175831 175832 175833 183329 183330 183331 183332 183333 183334 183336 212158 212159 212160 270519 270520 270521 272221 272222 299715 299716 302674 305277 305278 309033
14184 14185 14187 14188 90296 90297 90298 90299 90300 90301 128442 128443 128444 128445 128446 139523 145085 145086 160466 160467 160468 161690 161691 167871 167872 167873 167874 176560 176561 176562 199701 199702 204237 204238 241880 241881 305477 305478 311415 313019 327305
41169 41170 98939 98940 98941 98942 98943 136080 136081 142764 142765 207912 207913 207914 207915 207916 217854 222834 222835 222836 267197 267198 277359 282346 282347 282348 282349 282350 284629 284630 284631 284632 284633 300903 300904 310639 315633 327137 327138 327139 327140
49526 49527 49528 49529 49530 49531 49532 100031 100032 100033 127743 127744 127745 127746 127747 127748 127749 127750 178202 178203 178204 181665 181666 181667 181678 181679 181685 183037 264612 264613 264614 264615 264616 265167 265168 265169 311423 324107 324108 333075 333076
46025 46026 46027 46028 46029 82159 82160 82161 82162 82163 82164 82165 82166 82167 82168 82169 82170 82171 82172 82174 192457 250535 250536 250537 250538 250539 250540 254426 254427 254428 297902 300313 300314 300315 300958 308831 308832 308833 322351 331567
7231 7232 7233 7234 7235 7236 10131 10132 10133 10134 25342 25343 25344 25345 25346 63619 63620 63621 63622 95104 95105 95106 143109 143110 146568 146569 146570 146571 146572 163242 163243 163244 163245 163246 229917 267923 276837 276838 276839
41461 41462 41463 41464 41465 41466 106369 106370 106371 106372 106373 159151 159152 159153 159154 159155 159156 159157 159158 159159 159160 161309 161310 161311 161312 161313 161316 161317 161318 161319 161320 161321 173412 179968 220085 220086 241538 288832 295597
519 520 521 522 523 524 38653 38654 38655 38656 38657 51158 51176 51177 96900 145427 145428 145429 145430 145431 145432 242712 252187 252188 252189 252193 253984 253985 253989 253990 253991 273963 273965 280487 280488 302103 302104 302105 302106
23951 23952 23953 23954 23955 23956 23957 32080 32081 32082 32083 32084 32085 32086 32087 32088 32089 32090 63950 63951 71665 71666 79622 133520 133521 133522 133523 134234 134235 163948 200335 228635 236049 236050 263353 280614 280615 312533 322109
23532 23533 23534 23535 23536 25282 25283 25284 76894 76895 76896 76897 148569 148570 148571 149041 149042 149043 165403 165405 165406 217211 219597 219598 219599 226714 226715 239045 265736 265737 270412 270413 270414 276638 284288 326337 327443 334087
101518 101519 101520 101521 101522 111876 111877 111878 111879 111880 111881 111882 111883 111884 111885 111886 111887 111888 111889 111890 111891 184548 209039 209040 209041 219901 219902 219903 219904 219905 219906 219907 219908 219909 219910 255882 326652
38502 38503 38505 38506 38507 38508 38509 38510 38511 38512 38513 38515 82626 125627 125628 125629 125630 125631 125633 125634 125635 125636 125637 125638 125639 125640 125641 125645 162295 213998 213999 214000 240376 265624 297620 297621 310037
4944 4945 6381 6382 6383 6384 6385 6386 18307 18308 18309 18310 30686 33861 33865 33866 33875 33876 33877 33959 33973 33974 33975 35952 36590 36591 95444 95445 115845 115846 115847 115848 115863 115864 138797 138798 138799
26047 26050 26051 74638 91839 91840 91841 91842 91843 91844 91845 91846 91847 196072 196073 226775 226776 226777 226778 226779 226780 226781 228255 228256 228257 232741 232742 232743 239160 291662 296750 296751 298809 313408 313409 317314 319882
57256 136049 136050 162131 162132 162133 162134 192298 192299 192300 192302 192303 204506 204507 204508 204509 204510 204511 232125 254906 268564 268565 268566 275351 275352 275353 275354 275359 275360 279057 279058 285610 285611 292988 303993 333551 334224
25930 25931 25932 62438 120377 120379 128949 179897 179898 179899 181822 181823 185672 185673 195418 198850 198851 215028 215029 218649 225725 251409 257080 258796 272121 284143 284149 284150 284151 284152 284153 287641 287642 297712 297713 312799 331140
49323 95599 95600 95601 95602 95603 95604 105999 106000 106003 106004 106005 106006 106007 110217 110218 110221 110222 110223 110224 122443 157202 157203 157204 157205 157206 196501 196502 196503 196504 196505 210940 245610 249245 249246 289335
9457 9458 9459 9460 96898 96899 110589 110590 110591 110592 110593 110594 110595 110596 110597 110598 110599 141454 141455 141456 141457 141458 170865 170868 204486 207570 207571 207572 207573 207574 207575 290781 290782 297006 309012 316123
31290 62476 62477 62478 114863 114864 114865 114866 114867 114868 177737 177738 177739 192704 192705 210041 210042 210043 210044 210045 210046 210047 210048 210049 210051 210052 210053 210054 245426 283099 283100 283101 301598 302414 302415 310780
72010 72011 72012 72013 72014 72015 76418 119521 119522 119524 119525 119526 119527 119528 119529 119530 119531 119533 119534 119535 120303 146218 146219 153482 153484 153486 153488 169687 180835 180836 180837 186251 186431 192424 192425 280526
15995 15996 15997 15998 15999 33660 33661 33662 33663 38445 38446 38447 38448 38449 38450 63844 63845 63846 110024 110025 170292 170293 170294 170295 170296 170297 170298 170299 223607 242877 242878 255161 255162 255163 259095 273786
6919 6920 6921 6923 6924 6925 6926 6927 6928 6929 6930 6931 6932 6933 6934 6935 6936 24916 74332 74333 85781 110476 110477 110478 110479 110480 110481 110482 110483 137232 185951 245751 245752 296482 317325 329535
206 11702 11703 11704 11705 11706 76083 76084 76085 91715 91716 91717 95310 95311 138763 138765 138766 138767 138768 138769 138770 138771 138772 138773 138774 138775 138776 166132 248380 309623 313599 316889 316890 316891 323875
92860 92861 92862 92865 92868 92872 92874 92876 119058 119059 119060 119061 119062 119063 197884 197885 197886 197887 197888 224556 258670 258671 258672 260267 260268 266694 266695 266696 266697 266698 266699 266700 296732 318940 321625
11836 11837 11838 11839 11840 11841 11842 93073 93074 93075 93076 110250 110251 110252 110253 110254 118152 118153 118154 118155 130209 130210 130211 130212 130213 130214 130215 130216 151519 151520 151521 252316 261638 275816 285135
114979 114980 114981 114982 114983 114984 114985 117071 117072 117073 117074 117075 123668 123669 123670 123671 216923 217990 217991 217992 226795 226796 226797 226798 226799 226800 226801 226802 226803 268315 268316 308728 308730 312440 317295
2526 2527 2528 2529 33378 33379 33380 33381 33382 33383 33384 61993 61994 61995 91743 101230 110367 129362 129363 129364 129365 129366 135284 135285 135286 135287 181446 181447 182018 259455 259456 273135 273136 273137 291163
74847 74848 149117 149118 149119 149120 149121 149122 149123 149124 163518 163519 163520 163521 216988 216989 216990 217601 221841 221842 221843 221844 221847 221848 228395 237188 237189 237190 237191 237192 237194 288640 288643 318990 318991
31768 31769 31770 31771 31772 31774 31775 31776 31777 31778 31779 31780 166027 166028 166029 166030 166031 166032 166033 187528 187529 187531 187532 187533 187534 203521 216753 225529 225531 283189 283190 283191 283192 328381
62244 62245 62246 62247 100748 100749 100750 145071 145072 145073 145074 145075 145076 145077 145078 145079 156754 156755 156756 156757 156758 156759 156760 156761 156762 208651 226178 226181 232240 261269 298969 298970 299871 305103
48650 126053 126054 126055 126056 126057 162250 162251 162252 162253 162254 162255 162256 162257 180769 180771 180772 180773 180774 180775 180776 180777 199112 199113 199114 199115 199116 230037 252668 252669 268035 268036 271760 271761
51351 51352 51353 51354 51355 51356 51357 51358 51359 51360 51361 51362 51363 51364 63507 63508 63509 63510 199613 199614 199615 199616 199617 199618 199619 241173 241174 241175 246661 246662 246663 246664 246665 314154
4640 4641 4642 4643 4644 4645 4646 4647 125603 125604 125605 125606 125607 125608 125609 141406 141407 141408 141409 141410 141411 141412 141413 153559 204012 204013 235892 235894 235895 247259 264654 272574 274901 286647
55611 55612 55613 55614 91348 91349 110122 110123 110124 110125 110126 110127 149927 149928 149929 149930 149931 149932 149933 149934 149935 160455 167858 167859 183575 183576 197130 197131 197132 226992 232804 265857 265858 330151
85635 85636 85637 85638 85639 85640 85644 85646 100615 100616 100617 100618 100619 100620 164566 164567 164568 175797 175798 186093 186873 186874 186875 208645 230789 230790 230791 230792 239925 239927 264399 264400 264401 327081
64428 64429 64430 64431 64433 64434 64435 64437 64438 64440 64441 64442 64443 64444 64445 64446 70340 70345 70346 102439 122380 122381 149940 149941 149942 149943 149944 149945 149946 149947 149949 149950 149951 149952
28108 28109 28110 28111 28112 28113 28114 28115 28116 28117 28118 28119 28120 28121 57495 100612 100613 100614 120989 120990 120991 120992 120993 120994 120995 120996 120997 175841 175842 191050 265000 265001 265002
16452 16454 16456 16457 16459 16460 16463 16465 16466 16467 16469 16470 16471 16472 44575 44576 44577 44578 44579 44580 44581 44582 44583 44584 44585 44586 64762 172383 194145 210751 210752 210753 210754
57794 57796 57797 57798 57799 57800 57801 57802 94198 94199 127550 157906 157907 165028 165029 165030 165033 165034 206421 206422 233335 236579 236580 236581 236582 236583 239191 251178 251179 251180 251181 251182 251183
39366 53173 53174 53175 53176 53177 127270 157768 157769 157770 157771 157772 167420 167422 245170 245695 245696 245698 245699 245700 245701 245702 269661 269905 269906 269907 269908 269909 269910 279150 282140 309806 311973
15230 52751 87150 87151 87152 87153 87154 87155 154173 159723 159724 199289 199290 207134 207135 207136 207137 218276 235529 235530 235531 235532 235533 235534 235535 239840 259532 260645 260646 270547 280271 315696 318088
13095 13096 13097 13098 13099 13100 80302 80303 80304 80305 80306 80307 80308 80309 80310 80311 80312 140341 163303 174940 174941 174942 222857 222858 234176 234177 237943 237944 271478 271479 276279 299455 308497
36904 36905 36906 36907 36908 36909 96000 96001 96002 96003 96004 152176 152177 152178 175757 230354 257584 257585 257586 257588 257589 257590 257591 258581 270792 270793 270794 270795 270796 274981 295299 331636 332670
3424 3425 3426 3427 3428 3429 9701 9702 9916 9917 9918 11010 11011 123617 137876 137877 176162 205070 205071 220457 220458 220459 270318 276525 276526 276527 276528 290021 299139 325125 325126 325210 328239
72848 72849 72850 72851 72852 72853 72854 72855 72856 72857 72858 72859 72860 72861 121587 208956 208957 208958 208959 208960 208961 217334 230013 230014 230015 230016 268949 268950 268951 283943 283944 310863 310864
20081 20082 20083 20084 20085 21025 21026 21027 21028 21029 21030 54536 54537 54538 54539 54540 54541 54542 54543 54544 54545 54546 80843 80844 80845 80846 80847 293021 293022 309850 314777 322434 322540
145689 145690 145691 145692 145693 145694 145695 145696 145697 145698 161359 161360 162042 162043 162044 199555 199556 199557 228965 228966 228967 228968 228969 249471 249472 249473 249474 281911 296485 318269 318270 326587
29460 29461 29462 29463 29464 29465 29466 29467 53893 53894 53895 53896 53897 53898 58008 58009 58010 58011 58012 68472 68473 68474 68475 132661 132662 144884 144885 181764 218972 218973 218974 323876
14832 14834 14835 14836 14837 14838 14839 42657 42658 42659 42660 43003 58659 58660 106583 106584 106585 106586 106587 106589 106590 106591 115337 115338 115339 190143 206423 288613 293640 294413 302942 302943
7746 114790 114791 114792 114793 157782 157783 157784 157785 158612 158613 158614 158615 158616 158617 173649 173650 173651 173652 173653 217120 217121 217122 217124 217125 217126 237658 245193 245194 245196 273739 309539
114120 114121 114122 114123 114124 114125 114126 114127 114128 114129 114130 114131 114132 114133 214432 214433 214434 214435 214436 214437 234588 234589 234590 234591 234592 234593 234594 234595 239048 269832 269833 330373
11865 11866 11867 11868 11869 11870 11871 150385 150386 150387 150388 150389 227496 238997 239035 239036 239037 253478 253479 253480 253481 255822 255823 266967 268178 268179 278081 278082 282495 296354 317630
12253 12254 12255 12256 12257 12258 113661 113662 113663 113664 113665 113666 113667 113668 150000 150001 163909 163910 163911 163912 163913 163914 163915 163916 163917 163918 163919 163920 260124 265562 290349
9030 9031 9032 9033 9034 9035 9036 9037 160828 231841
74538 74539 74540 74541 74542 74543 123998 123999 166104 166105 166106 166107 166108 166109 171435 171436 171437 238546 266912 276619 276620 276621 276622 286628 289461 293134 293135 293136 293137 293138 294528
38861 38862 38863 38864 38865 38866 70393 70394 70395 70396 70397 70398 70399 110134 176787 176788 176789 176790 176791 176792 180566 180567 180568 180569 180570 180571 192270 192272 253767 253768 295831
16627 16630 153599 153600 153601 153602 171708 171709 171710 171711 173972 173973 173974 173975 298927 298928 314585 314587 314588 314589 314590 314591 314592 314593 315206 315207 315208 315209 315210 320313 331622
67616 67617 67618 67619 67620 67621 115533 115534 115535 115536 115537 129854 129855 129856 129857 130069 130070 130071 130072 130073 130074 175714 229778 229779 229780 229781 229782 243509 271550 271551 271552
85271 85272 85273 85274 85275 85276 126058 126059 126060 126061 126062 153997 153998 153999 206057 206058 206059 206060 206061 206062 206063 206064 237485 237486 237487 292081 298842 299430 306068 328641
15186 23357 23358 23359 23360 23361 23362 23363 23364 23365 23366 23367 23368 23369 23370 90794 101090 188437 193214 193215 209290 231078 239580 239581 239582 257850 302152 311289 329091 329092
75719 75720 75721 75722 75723 85507 85508 85509 86827 86828 86829 118901 132190 226597 226598 232447 232448 240197 240198 240199 285285 285286 285287 285288 285289 285290 285291 285292 285293 300190
17067 17068 17069 17070 17071 17072 66659 66662 100658 100659 100661 100662 100664 100665 100666 100667 100668 148785 153099 153100 267797 267798 267799 267800 267801 267802 267803 289094 292599 304677
49633 49634 49635 49636 49637 59203 59204 59205 59206 59207 59208 59209 74766 74767 74768 96202 96203 105203 105204 105205 105206 156378 163769 163770 261948 261949 296918 301906 325193 334327
79327 79328 79329 79330 79332 79333 114077 114078 114079 114080 114081 114082 114083 114084 114085 114086 114087 114088 114089 114090 114091 114092 128543 174838 205976 205977 221408 263659 293308 333131
28238 28239 28240 28241 28242 28243 28244 28245 28246 28247 103267 103268 103269 110136 143452 143453 143454 149959 149960 223770 223771 249040 249041 249042 249043 249044 275423 277653 283118
150805 153762 167497 167498 167499 167500 167501 167502 243487 250014 250015 258923 269667 269668 269669 269670 269671 269673 269674 269675 269676 269677 269679 269680 269681 269682 275467 282998 329589
22182 22183 22184 22185 22186 22187 48935 48936 48937 48938 121703 121704 137163 137164 137165 137168 214560 214561 214562 214563 214564 258065 258066 258067 259823 263173 263174 279054
16831 16832 16833 16834 16835 16836 86801 95259 95260 95261 95262 158368 158369 158370 158371 158372 158373 158374 158375 158376 158377 158378 158379 158380 219639 242444 242445 242446
5656 189832 189833 189834 189835 189836 218321 218322 223569 223570 223571 232416 261953 261954 265371 265372 265373 265374 265375 265376 270863 270864 270865 270866 292378 294599 294600 300335
197237 197238 197239 197240 197241 197242 197248 197249 239239 239240 239241 257841 257842 257843 257844 257845 257846 275189 327848 327849 327850 327851 327852 327853 327854 327855 327856 331259
45049 45050 45051 45052 45053 45054 45055 45056 45057 91308 91309 91310 121715 121716 121717 121718 171913 171914 171915 171916 171917 203515 204487 204488 212655 212656 250298 250299
47096 47097 49852 49853 49854 49855 65315 65316 65317 65318 65319 65320 168965 168966 168967 168968 168969 168970 168971 168972 172341 225230 225231 225232 225236 251363 251364 275331
422 423 424 425 44642 44643 44644 44645 120455 120456 120457 120458 120459 147239 191984 191985 204845 228471 242409 242410 242411 242413 242414 252672 252673 262206 262207 323300
33779 33780 33781 33782 33783 33784 33785 33786 33787 33788 33789 33790 107384 107385 137842 147499 163471 163472 163473 234887 234888 261145 261146 261147 261148 273720 273721 332097
85967 85968 85969 85970 85971 85972 85973 98924 98925 98926 98927 98928 98929 98930 98932 98933 98934 145971 145972 145974 145975 145976 176174 176175 219343 219344 311306 330021
31003 31004 31005 31006 31007 144777 144778 144779 144780 144781 188004 188005 188006 209239 209240 215846 260460 260461 260462 260463 260464 260465 269331 269332 269333 269334 301294 315487
25175 25176 25177 25178 25179 41598 41599 41600 41601 87015 87016 87017 87018 87019 87020 88000 88001 137761 218765 218766 220710 220711 220712 220713 279252 279253 279254
31307 31308 31309 31310 31311 52708 52709 52710 71284 71285 186364 205596 211045 211047 220147 220148 220149 220150 220151 220152 220153 220154 220155 292331 292332 298381 298382
98907 98908 98909 98910 98911 98912 98913 98914 98915 112929 112931 112932 131707 131708 183577 183578 183579 183580 183581 200596 200597 288390 289621 315644 315645 315646 317875
78906 78907 147578 147579 181390 181391 181392 181393 181394 181395 181396 181397 181398 181399 181400 181401 192630 192631 232588 245860 252473 252474 252475 296758 327995 327996 331795
51040 51041 51042 51043 51044 51045 51046 51047 51048 51049 51050 51051 51052 51053 51054 51055 51056 51057 51058 122971 122972 141467 154103 154104 206220 219612 219613
15626 15630 15632 15633 15634 15635 15636 15637 15638 15643 41424 41425 82590 128437 128438 128439 128440 160601 181251 181252 198917 209466 237067 237068 237069 237071 275340
134445 134446 134447 134448 134449 134450 134451 134452 134453 134454 180536 188338 188339 212166 212167 212168 215710 215711 215712 223828 223829 232493 256116 267085 316664 323539 323540
179241 179242 190000 190001 190002 190003 190004 190005 217374 217375 217376 276747 276748 276749 276750 276751 296002 296003 296004 296005 313955 319290 322652 322653 322654 322655 322656
31781 31782 31783 31784 31785 31786 31787 31788 31789 60913 60914 177421 177422 177423 177424 177425 177426 274553 274554 274555 274556 274557 274558 274559 304484 304485 308198
6032 6033 6034 6035 6036 6038 6039 6040 6041 6043 6044 6045 6046 129577 129578 129579 146852 146853 146854 146855 146857 219790 262243 262244 262245 262246 264482
46034 46035 46036 46037 46038 46039 46040 46041 46042 46043 63480 138947 138948 171353 172678 172679 172680 188426 270877 270878 270879 270880 270881 270882 291425 300287 308395
45227 45228 45229 45230 45231 45232 45234 45235 45236 45237 45238 45239 45240 45241 45242 54381 54382 54383 54384 195220 195221 195222 195253 224589 226381 233141 324047
19 20 21 22 23 24 25 22989 22990 22991 22992 22993 54715 54716 54717 54718 54719 56128 56129 56130 56131 56132 201276 201277 250415 250416
32616 39657 105097 105098 105099 105100 105101 153335 153336 153337 153338 153339 153340 153341 196164 196167 196168 241733 241734 267991 274013 300966 300967 300968 306315 306316
89940 89941 89942 89943 89944 89945 89946 89947 89948 89949 89988 89989 89991 90020 90021 90022 90039 90040 90054 163954 176631 176632 176633 176634 281446 281452
106506 106507 106508 106509 106510 106511 172430 172431 172432 172433 172434 187799 217064 217065 217066 217067 217068 217069 258373 258375 278959 287694 287703 306375 306376 306377
22487 142307 142308 142309 142310 142311 142312 142313 142316 142317 142321 142322 142323 142329 142330 142350 142351 142352 142353 142354 142355 142356 142357 142360 202849 289927
141898 141899 141900 141901 141902 151447 151448 151449 198685 198686 198687 198688 198689 225712 225713 225714 225715 225716 225717 225718 225719 230339 230340 230341 230342 230343
83761 83762 83763 83764 83765 83766 83767 83768 83769 83770 83772 83773 192492 204456 204457 204459 204461 204462 221314 221315 221316 221317 221318 221319 221320 333750
38911 38912 38913 38914 38954 38955 38957 38958 50924 50925 50926 50927 50928 50929 139655 139656 139657 139658 171817 257062 261229 287168 287169 287170 310057 312814
35315 35316 35317 35318 35319 35320 35321 71957 115828 115829 173637 173638 175081 175082 211280 271326 279607 279608 284251 306107 310614 310615 310616 310617 323897 331010
67809 67811 67812 67813 67814 67815 120363 120364 120365 120366 120367 120368 179570 222028 222029 222030 222031 228475 228476 234463 234464 248097 248098 248099 299516 324470
92904 92905 92906 92907 92908 92909 92910 117105 117106 117107 117108 117109 117110 117111 117112 117113 117114 117115 117116 117117 117122 117123 263836 264052 264053 299043
19214 19215 19216 19217 19218 19219 23332 23333 23334 23335 93295 93296 93297 93298 93300 93301 137569 189128 232382 272646 272647 278189 314263 326241 326242
76446 76447 76448 76449 76450 76451 76452 76453 76454 76455 76456 76457 76458 76459 76460 76461 76462 146974 146975 146976 243594 243595 243596 284048 284049
151904 151905 151906 151907 151908 151909 184188 184189 184190 184191 184192 218389 218390 226847 226848 245828 265582 302156 304992 312758 316749 320540 320879 320946 322659
46832 46833 46834 46835 46836 46837 49024 49025 49026 49027 49028 49029 49030 49031 49032 49033 49034 49035 76928 76929 126343 200583 232873 301845 319097
8772 21816 21817 21818 21819 21824 21825 21826 21827 21828 38956 164048 222190 222191 222192 222193 222208 222209 222210 222211 245188 245189 245190 245191 246603
22511 22512 22513 22514 22515 22516 38584 38585 38586 38587 38588 38589 38590 38591 38592 190051 190052 190053 190055 190056 190057 190058 190059 190060 285941
28212 28213 28214 28215 28216 28217 28218 28219 102868 102869 102870 102871 102872 172281 172282 183770 183771 183772 183773 183774 183775 183776 211765 211766 294350
8780 30719 30720 30721 30722 30723 30724 30725 30726 30727 30728 30729 30730 30731 30732 30733 30734 30735 30736 30737 30738 30739 30740 46320 238588
7677 7678 7679 7680 160474 160475 160476 160477 160478 181328 181329 181330 181331 181332 181333 200528 200529 225568 261254 261255 261256 261257 261258 275762 285182
8595 8596 8597 8598 8599 8600 8601 76542 76543 76544 76545 76546 120119 120120 120121 120122 120123 120124 173565 173566 173567 182890 182891 244197 300765
6150 6151 6152 6153 6154 106782 106783 106784 106785 106786 106787 259867 261693 261694 261695 261696 261698 261699 269085 269086 286137 320906 320908 320909 320910
15250 15251 15252 15253 47009 86901 86902 86903 122842 122843 122844 122845 122846 124814 138565 138566 138567 138709 151974 151975 182203 182204 229164 229165 244314
74422 74423 74424 74425 74426 74427 142874 142875 142876 142877 142878 142879 142880 142881 142882 142883 142884 146127 187020 187021 187022 187023 187024 187025 196470
144643 172674 172675 172676 172677 290990 290991 290992 290993 290994 290995 290996 292369 292370 292371 292372 297286 297962 297963 298636 318736 323186 326198 326199 326200
15330 87264 87265 87266 87267 87268 87269 214664 214665 214666 214667 214668 214669 254910 304312 304315 307572 307573 307574 314185 314186 314187 316155 321601 321602
55007 55008 55010 55011 55012 55013 55014 122404 197044 200398 217365 217366 217367 217368 217369 217370 217371 217372 217373 252468 252469 252470 252471 254362
82429 82430 82431 82432 82433 82434 92750 92751 92752 92753 131506 131507 189500 189501 189502 189503 189504 189505 189506 189507 189540 189541 189542 189543
45362 45363 45364 45365 45366 45367 45368 45369 45370 45371 62534 62535 62536 62537 95685 95686 95687 95688 120536 175972 232381 279330 317778 319612
35722 35723 35724 35725 35726 35727 35728 57315 57316 89893 89894 89895 89896 89897 89898 89899 89900 89901 89902 89903 141539 141540 286729 322876
166741 177005 177006 177007 177008 177009 177010 177011 177012 177013 177014 177015 177016 177017 177018 177019 177020 177021 219529 219530 225761 250429 250430
18485 18486 18487 18488 18489 18490 18491 18492 84385 138706 140201 140202 140203 140204 140205 140207 140208 140209 140210 140211 173482 173484 196918
142142 142143 142144 142145 142146 184755 184756 214126 264691 264692 264693 264694 264695 264696 264698 264699 264700 264701 264702 264703 264704 277690 277691
276133 276134 276135 276136 276137 276138 278943 278944 278945 305673 306362 306363 314737 314738 314739 314740 317670 330058 331519 332462 332565 332567 333667
113861 113862 113863 113864 113865 113866 123552 123553 123554 164988 208868 208869 208870 208871 208872 208873 208874 208875 208876 228621 228622 228623 228624
12905 12906 12907 12908 12909 12910 12911 12912 12913 66131 66132 66133 66134 66135 66136 118075 118076 118077 118078 223058 223059 270535 285222
33391 33392 33393 33394 33395 42895 42896 42897 152884 152885 152886 152887 152888 152889 170420 205542 286136 289279 302677 302678 302679 315621 315622
29407 29408 29409 29410 29411 29412 29413 29414 29415 29416 199488 199489 199490 199491 199492 199493 199494 199495 199496 199497 202214 265332 265333
24687 24688 24689 24690 62875 62876 62877 62878 62879 62880 86871 86872 86873 86874 176099 243541 243542 243543 243544 245556 257323 257324 332196
36141 36142 36143 36144 36145 36146 36147 36148 36149 36150 143382 143383 143384 143385 164301 164302 205928 205929 221538 300093 309024 309025 310801
138912 138913 138914 138915 138916 138917 138918 138919 138920 138921 138922 138924 151332 180165 180166 180167 180168 228979 228980 228981 228983 273332 273333
1514 28066 28067 28068 28069 28070 28071 28072 111799 111800 111801 111802 111803 111804 111805 160246 160247 160248 160249 202271 223856 302947 310409
38965 38966 38967 159552 159553 159554 173832 200070 200071 200072 200073 200074 200075 208820 227789 227955 227956 311666 311667 318534 323229 329761
13229 13230 13231 13232 13233 13234 13235 13236 33208 187064 187065 187066 187067 187068 187069 187070 187071 187072 300336 305956 305957 305958
21017 21018 21019 21020 21021 21022 21023 59776 59777 59778 59779 59780 59781 59782 59783 160547 160548 160549 160550 160551 207991 228501
52284 52285 52286 52287 52288 90944 90945 90946 90947 90948 170390 170391 170392 187988 187989 187990 200352 234316 235854 244063 244064 298667
128130 128131 128132 128133 128134 128135 142047 142048 142049 142050 142051 196979 196980 212188 212189 212190 212191 212192 276102 276103 303297 330829
62147 62148 62149 62150 62151 62152 104127 104128 104129 104130 104131 104132 104133 104134 141382 141383 141384 141385 141386 303426 306696 330088
19069 19070 19071 19072 19073 19074 19075 19076 19077 19078 19079 19080 19081 32402 32403 232357 232358 232359 274840 274841 274842 296295
39923 39924 39925 39926 39927 66778 135661 135662 135663 135664 159461 159462 159463 159464 159465 159466 159467 159468 192771 200725 268135 325199
76156 76157 76158 304554
50907 50908 50909 50910 50911 70701 70702 70703 70704 70705 134727 193155 193156 193157 193158 193159 193160 193161 213513 213514 213515 304360
48991 48992 48993 48994 107958 107959 107960 107961 107962 107963 107964 107965 107966 107967 107968 107969 107970 118147 225756 225757 250183 320722
77535 77536 77537 77538 77539 77540 77541 77542 198570 198571 198573 198574 198575 198576 198577 198578 198579 198580 229299 229300 229301 291914
115748 115750 115751 115753 115754 115755 115756 115758 115759 115760 172667 172668 172669 172670 172671 172672 172673 226229 226230 226232 298097
65094 65095 65096 65097 65098 65099 69221 69222 69223 69224 69225 69226 69227 69228 69229 69230 69231 69232 69233 69234 69235
21835 65191 65192 65193 65194 65195 65196 65197 65198 157632 157633 157636 157637 157638 157640 181445 275767 275769 288376 293166 293167
129399 145650 145651 145652 145653 145654 202279 209376 211431 211432 211433 211434 295588 297846 297847 297848 298165 298166 329081 329675 329676
30617 30618 30619 30621 30622 30625 30627 30630 30631 30632 49802 49803 49804 49805 49810 49811 49812 49813 56671 56672 56674
298 299 300 301 302 303 304 31807 31811 78929 122374 122375 122376 122377 186314 186315 186316 186317 186318 311782 312560
133433 133434 133435 133436 133437 133438 133439 133440 133441 178244 209457 209458 209459 209460 209461 212325 212326 259674 285850 285851 285852
2196 2197 2198 2199 2200 2201 2202 2203 2204 2205 2206 175725 175726 175727 175728 214356 244582 244583 244584 244585 261930
36152 51922 51923 51924 51925 99562 99563 99564 99565 160533 160534 180321 180322 217730 217731 217732 217733 231853 244128 253971 253972
52414 52415 52416 52417 52418 52419 52420 52421 52422 52423 67344 72210 72211 72212 72213 72214 112272 112273 112274 112275 186929
68712 68713 137082 137083 137084 137085 137086 137087 137088 137089 214512 214513 214514 214515 214516 214517 214519 251037 251038 251039 251438
7133 7134 15404 15405 15406 15407 15408 15409 15410 69187 69188 69189 69190 69191 250162 292594 303801 303802 303803 322965 326592
123812 123813 123814 123815 123816 123817 127531 127532 127533 127534 142849 142850 192215 257621 270965 270966 270967 270968 270969 270970 312441
105247 105248 105249 105250 105251 105252 105253 105254 193347 193348 193349 193350 193351 211268 211269 211270 295613 310781 310782 310783
38272 38273 38274 38275 38276 38277 38278 38279 38280 38281 38282 38283 38284 137868 137869 277944 284462 284463 284464 284465
103566 103567 103568 103570 103571 124480 124481 124482 124483 147170 147171 147172 147173 147174 147176 156122 156123 156124 156125 188688
3487 3488 3489 3490 3491 3492 3493 181805 181806 181807 181808 181809 255603 255604 255605 255606 258551 303456 308693 326593
159501 187582 187583 187584 187585 187586 249672 301159 301160 304037 304038 304039 309054 323465 323466 323468 323469 325762 330810 330811
13655 13656 13657 13658 13659 13660 13661 13662 13663 13664 13665 13666 28278 28279 76359 76360 165602 232147 239171 256308
7545 7546 7547 7548 7549 7587 7588 7590 32787 32788 32789 32790 32791 32792 32793 113164 172619 210393 240978 269014
48060 48061 48062 48063 48064 48065 143929 143930 143931 143932 181232 181233 186842 186843 218497 218498 252675 268056 268057 328695
40790 40791 40792 40793 40794 40795 40796 40797 40798 40799 40800 40801 123413 209834 209835 237408 237409 237410 237412 255031
56430 56431 56432 56433 56434 120142 120143 120144 120145 203910 203913 203914 215817 225861 225862 225866 225867 260864 260865 303367
17224 17225 17226 17228 17229 17230 17231 17232 17233 17234 17235 17236 254897 254898 254899 269218 270315 270316 330767 330768
47475 47476 47477 47478 47479 47480 124630 124631 124632 124633 124634 135546 135547 164859 164860 164861 255620 283075 325115 325116
33595 33596 33597 33598 33599 33600 74625 228208 228209 277932 277933 277934 277935 277936 277937 282696 282697 303272 305189
122495 122496 122497 122498 122499 122500 122501 122502 122503 122504 122505 122506 128459 132603 132604 132605 132606 170074 302150
113188 113189 113191 143690 164415 178819 178820 178821 178822 178823 178824 178825 178826 178827 178828 224331 224332 240682 273967
40297 40298 40299 40300 40301 40302 40303 40304 40305 40306 40307 137737 175481 175482 175483 213055 247208 247209 250689
33423 33424 33425 33426 33427 33428 33429 93843 101117 101118 101119 101120 101121 327188 327189 330463 332468 332469 332731
61801 61802 61803 61804 61805 61806 61807 159427 159428 194182 194184 265682 265683 265684 265685 265686 265687 265688 325341
44792 44793 44794 44795 44796 101537 101538 101539 144427 144428 144429 144430 144431 173035 173036 173037 258404 308007 308008
152993 152994 152996 152997 159095 159096 159097 159098 159099 159100 163880 163881 163882 163883 334729 334730 334731 334732 334733
136053 136054 136055 136056 136057 229943 229944 229945 229946 229947 258100 270807 270808 277337 277338 288649 288650 316571 316572
197509 202951 202952 202953 202954 202955 202956 202957 202958 202959 202960 202961 202962 202963 202964 202965 202966 202967
52985 52986 103904 187003 211011 211012 211013 211014 272473 272474 272475 272476 272477 272478 290256 290257 290258 320393
131896 131898 131899 131900 131901 131902 131903 247187 247188 247190 249411 249412 249413 249414 249415 249416 249417 249418
83653 83654 83655 83656 83657 83658 236335 236336 236337 236338 236339 236340 269224 271619 271620 271621 271622 271623
109302 109303 109304 109305 109306 109307 143954 143956 162997 162998 162999 163000 163001 163002 163003 163004 194965 194966
35754 68273 68274 68275 68276 68277 126552 126553 130661 130662 130663 130664 130665 130666 130667 130668 154013 173229
108289 138661 138662 138663 138664 179015 179016 179017 179018 179019 179020 179021 209013 209014 234004 250042 250043 275223
83578 83579 83580 83581 83582 83583 83584 83585 83586 98625 98626 98627 98628 98629 98630 98631 220700 328827
24843 24844 24845 24846 24847 24849 24850 40936 40937 40938 40940 40941 171782 171783 171784 301796 301797 321873
15174 15175 15176 15177 223978 223979 223980 223981 223982 223983 223984 223985 223986 223987 223988 313380 316919 316920
65348 65349 65350 65351 65352 65353 65354 183222 183223 183224 183225 183226 183227 183228 183229 183230 183231 239918
40263 40264 40265 40266 40267 190427 190428 190429 190430 190431 221644 221645 246219 246220 265533 278473 313638 331308
53783 53785 53786 53787 53788 53789 53790 53791 53792 53793 169513 169514 169515 169516 246985 258542 276833 276834
120135 120136 120137 120138 120139 159263 159264 167775 175715 185146 239389 239390 239391 239392 239393 239394 259087 259088
45040 134700 134701 134702 134703 134704 187753 221684 221685 221686 268070 273601 273602 273603 291670 291672 297917 297918
59234 59235 59236 59237 59238 59239 131516 154859 154860 154861 154862 154863 154864 154865 163371 229982 229983 249382
6390 6391 6392 6393 6394 6395 6396 142971 142972 142973 142974 142975 142976 209396 212715 212716 212717 257398
62093 62094 143959 148827 148829 148830 206786 206787 206788 252799 252800 289878 294865 298646 300866 318737 320628
54886 54887 54888 54889 54890 159770 159771 159772 159773 159774 159775 159776 159777 159778 159779 159780 316106
23763 23764 23765 23766 23767 23768 56134 56135 56137 56138 56139 56140 56141 56142 56143 56144 56145
17018 17019 17020 17021 17022 96083 96084 96085 96086 114437 114438 115647 115648 115649 260112 291309 323599
123866 123867 123868 123869 123870 216483 216484 290819 290820 290821 298311 303567 307298 324057 324058 326964 328015
127067 127071 171644 171645 171646 171647 171648 171649 171650 171651 247747 293380 293381 293382 293383 293384 293385
9990 9991 9992 9993 9994 167946 167947 167948 167949 188445 188446 188447 188448 188449 196652 233092 233093
137425 137426 137427 137428 137429 137430 137431 137432 137433 193573 193574 205569 277486 277487 277488 279625 289010
100077 208164 208165 208166 208167 208168 208169 208170 208171 208205 208370 208371 208372 266500 266501 297022 328038
6964 6965 6966 6967 6968 6969 6970 6971 6972 6973 17014 17015 17016 17017 239201 239202 270060
163615 163616 163617 163618 163619 163620 241701 241702 241703 250575 250576 250577 250578 250579 250580 267725 270368
6623 6625 6626 62633 62634 62635 93127 93128 93129 93130 93131 93132 151423 151424 151425 151426 228061
48350 48351 48353 48354 48355 48356 48357 48358 77572 109979 109980 109981 197589 197590 205681 259337 269190
119959 249083 249084 249085 258768 258769 258770 258771 258772 287908 287909 287910 287911 291749 293438 297173 331968
94569 231006 231007 231008 231009 231010 231011 244143 244144 244145 244146 244147 244148 244149 245722 245723 245724
265417 265418 265419 265420 286662 287601 291273 291274 291275 291276 291277 291278 291279 291280 291281 303904 303905
169147 169148 169149 169150 169151 190254 190255 190256 190257 203608 203610 203611 203612 221061 290968 290969 293939
9522 9523 9524 9525 10625 10626 10627 10628 10629 10630 49676 49677 155685 155686 155687 231333 258062
91893 91894 91895 91897 91898 91899 91900 91901 91902 91903 91904 91905 91906 91907 91908 91924 309732
132929 132930 132931 132932 132933 132934 167388 256824 261523 261524 261525 271321 271322 271323 271324 292153 312908
121875 121876 121877 121878 121879 121880 121881 169732 169733 169734 169735 169736 229837 229838 229839 233970 248080
46936 46937 46938 46939 46940 46941 109138 109139 109140 109141 109142 109143 109144 109145 136750 136751 300309
53364 53365 53366 53367 53368 108269 108270 160586 160587 160588 160589 163212 163213 297373 313169 325731 332536
80115 80116 80117 80118 80119 161982 161983 161984 260817 260818 260819 260820 260821 260822 260823 260824 289093
124180 124181 124182 124183 240851 240853 274825 274826 274827 274828 274829 294209 294210 318025 318026 322651
42191 42192 42193 42194 42195 136245 136246 136247 136248 136249 136250 136251 136252 136253 249591 315625
87026 129068 129069 129070 129071 129072 129073 129074 129075 129076 129077 129078 129079 129080 218032 219813
1421 1422 1423 1424 1425 1426 111721 111722 111723 159527 159529 159530 159531 159535 159536 159537
107076 107077 239067 239068 239069 239070 239073 239074 239498 239499 239500 275287 288775 288777 294571 324424
8328 8329 8330 83796 83797 83798 83800 83803 83804 83805 118878 118879 118882 118883 118884 128491
124676 124677 124678 124679 124680 124681 124682 124683 192645 227184 278970 294401 294402 294403 320598 320599
78187 78188 78189 78190 78191 78192 78193 200129 200130 200131 232704 232705 293210 293211 293212 293213
39511 39512 39513 39514 39515 39516 39517 39518 39519 39520 39521 39522 65536 65537 100068 100069
28494 28495 28496 28497 28498 28499 28500 28501 28502 28503 28504 28505 28506 28507 28508 106883
64964 64965 64966 64967 64968 64969 71733 71734 71735 71736 71738 71739 71740 71741 71742 306957
163621 163622 163623 163624 163625 163626 171342 171343 201057 201058 201059 201060 201061 291560 297085 305072
97540 97541 97542 97543 97544 202946 202947 202948 202949 215988 242024 305030 305031 323247 323248 323249
31261 31262 31263 31264 31265 58285 58286 58287 58288 196006 196007 196008 196009 196010 212790 262957
201165 201166 201167 201168 236110 236111 236112 236113 236114 240585 240586 240587 261790 274433 274434 274435
71301 71303 71304 71305 71306 71307 71308 71309 168271 168272 168273 210372 210373 210374 210375 210376
49967 49968 49969 49970 49971 49972 49973 49974 49975 49976 49977 194583 201868 241917 241918 241919
34288 34289 36973 36974 36976 36977 36978 36979 36980 198114 198115 198116 198117 198118 262997 262998
16782 16783 16784 16785 16786 67568 67569 67570 67571 67572 67573 67574 67575 69840 69841 210075
244556 244557 244558 244559 244560 254707 254708 254709 254710 254711 254712 254713 254714 271181 285048 285049
102122 102123 102124 102595 102596 102597 102598 102599 102600 102601 102602 102603 102604 167740 167741 168226
88100 88101 88102 88103 88104 88105 88106 88107 120934 120935 120936 120937 120938 120939 120941 149811
110329 110330 110331 110332 110333 110334 110335 110336 133972 160625 160626 160627 189108 193120 193121 262830
40004 40005 40006 40007 40008 40009 40010 40011 40012 150812 150813 150814 275190 275191 306988
104036 104037 104038 104039 104040 104041 208772 208773 208774 208775 208776 236486 236487 314395 314396
283642 283643 283644 283645 283646 283647 283648 283649 283650 309799 309800 309801 309802 320851 320852
209691 209692 209693 209694 209695 209696 209697 209698 209699 209700 259908 266795 319844 319845 319846
44961 44962 44963 44964 44965 101883 101884 101885 101886 101887 101888 194128 194129 194130 316262
5099 8923 8924 8925 8926 8927 52188 52189 52190 52191 52192 69857 69858 69859 302493
27480 95134 95135 95136 95137 133717 133718 133719 133720 133721 133722 133723 160616 160617 272016
76366 76367 76368 76369 76370 134187 134188 134189 216283 216284 216285 252217 252218 252219 252220
190225 190226 190227 190228 190229 190230 268731 268732 268733 268734 268735 268736 278627 278628 278629
80592 80593 80594 80595 80596 80597 85197 85198 85631 85632 85633 85634 151205 151206 279735
17286 17287 17288 17289 17290 17291 17292 221419 242518 242519 242520 242521 242522 321525 333268
30136 30138 30139 30140 30141 30142 216291 216292 216293 216294 216295 217518 239322 239323 239324
47812 47813 47814 47815 92696 92697 92698 92699 92700 92701 92702 92703 204965 204966 291206
189274 189275 189276 189277 189278 189279 189280 189281 239835 239836 239837 239838 239839 256972 273079
66085 66086 66087 66088 66089 66090 66091 66092 66093 66094 66095 184708 184709 309344 327954
1473 1474 1475 1476 1477 1478 1479 1480 1492 1494 1495 1496 1497 239579 266071
28326 28327 28328 28329 28331 60991 60992 99695 99696 99697 99700 99701 99702 99703 104538
145225 145226 145227 145228 220238 244923 244924 244925 244926 280403 280404 280406 280407 331477 331478
32195 32196 32197 61788 61789 61790 61791 61792 61793 87062 87063 258598 332784 332785 333636
177044 177045 177046 177048 177049 177050 177051 177052 177053 177054 177055 177056 275707 275708 289004
141104 141105 141106 141107 235868 245009 245010 245011 245012 257277 257278 276589 276590 318331 327608
129482 129483 129484 129485 129486 169710 169711 169712 169713 169714 169715 266430 266431 321048 321049
147500 210076 210077 210078 210079 210080 223370 223371 223372 223373 223374 223375 223376 223378
25888 25889 25890 25891 25892 25893 25894 67177 67178 67179 95910 95911 95912 95913
78280 78281 78282 78283 78284 78285 168365 168367 168368 190917 230401 239318 254579 272323
15348 15349 15350 15351 15352 15353 15354 15355 15356 15357 15358 15359 15360 126881
8497 8498 8499 8500 8501 8502 8503 8504 8506 8507 8508 8509 172919 254793
76888 76889 76890 76891 76892 76893 165124 165125 165126 190108 190110 190111 266116 312456
91518 91519 91520 91521 91522 91523 145896 145898 145901 145902 145903 145904 188333 205119
131367 131368 131369 131370 131371 131372 131373 161014 161015 161016 161017 161018 161019 288903
21888 21889 21890 21891 21892 21893 21894 21895 26675 26676 26677 85887 85888 221012
88508 98440 98441 98442 98443 98444 98445 98446 195566 195567 217058 217059 217060 227518
107754 107755 107756 107757 107758 107759 107760 107761 107762 107763 212467 212468 212469 249504
100510 314173 314174 314175 314176 314177 314178 314179 314180 314181 323472 327599 327600 327601
162107 162108 162109 162110 162111 188975 188976 227684 227685 227686 259516 270759 278297 292304
223428 223429 223430 223431 288851 312172 312174 320847 320848 320849 322075 322076 322077 322809
226 227 228 230 231 69197 69198 69199 251261 251262 251263 251264 251265 258568
147292 147293 147294 147295 147296 147297 254608 254609 254610 254611 297306 314630 314631 319396
232476 270263 270264 270265 270266 270267 270268 270269 270270 327224 327225 327226 327227 327228
32888 32890 32891 210597 210598 210599 210600 255416 255417 255418 288931 288932 288933 292358
24152 24153 24154 24155 112750 112751 112752 112753 250109 250110 250111 285632 285633 285634
75787 75788 75789 75790 89910 89911 89912 89913 135161 279198 279199 279200 279201 284873
90701 90702 90703 236259 236260 236261 236262 236263 236264 236265 320723 320724 320725 320726
162466 162467 162468 162469 162470 162471 162472 215402 215403 265788 265789 265795 295424 318638
35674 49442 49443 49444 49445 49448 49449 73708 73709 255748 329007 329008 329009
60507 70462 70463 70464 70465 70466 70467 70468 70469 70470 70471 70472 265898
39482 39483 39484 39485 39486 39487 39488 39489 39490 39491 39492 39493 301136
46008 46009 46010 46011 46012 206007 206008 206009 206010 206011 206012 269401 269402
52084 52085 52086 52087 52088 52089 52090 88027 177375 267561 267562 277034 277035
106532 209339 209340 209341 209342 209343 209344 209345 209346 209348 209349 227983 227985
81264 81265 81266 81267 81268 81269 81270 81271 106448 108089 108090 108091 108092
26400 26401 26402 26403 26404 40640 40641 40642 40643 40644 40645 188412 188413
68032 68033 68034 68035 68036 68038 68039 68040 220703 220704 220705 220706 329068
53094 53095 53096 53097 53098 204014 204015 204016 204017 204019 273068 273069 273070
110898 110899 110900 110901 110902 135977 135978 135979 135980 135981 135982 180357 223444
197611 197612 197613 197614 197615 197616 197617 237949 275589 275590 275591 277864 277874
101731 101732 101733 101734 101735 154036 317063 317064 317065 317066 326990 326991 326992
96777 96778 96779 96780 96781 96782 96783 96784 96785 96786 96787 293039 327830
28405 28406 28407 28408 28409 28410 183587 183588 183589 183590 183591 183592 189632
29983 29984 29985 29986 29988 29989 281742 281743 285699 285700 285701 285702 306146
138265 138266 138267 138268 182156 182157 182158 182159 182160 182161 229435 229436 229437
140825 140826 140827 140828 140829 140830 140831 140832 140833 140834 163945 163946 163947
49420 49421 49422 49423 49424 49425 49426 140757 140758 140759 261616 261623 333313
4507 4508 4509 4510 4511 32798 54343 54344 54345 109081 109082 109083 109084
243706 243707 243708 258858 258859 258860 258861 276732 294787 294788 325843 325844 325845
185560 231987 231988 231989 231990 231991 231992 231993 231994 231995 286308 286309
21425 21426 21427 21428 21429 21430 21431 21432 21433 134999 135001 135002
51301 51302 51303 51304 51305 51306 157623 157625 173141 173142 173143 185276
55781 164087 164088 164089 164090 164092 164093 164094 171064 283255 283256 283257
70238 70239 70240 70241 70242 70243 70245 70246 70247 160213 160214 300641
11624 11625 11626 11627 55093 55094 55095 55096 55097 55098 128007 160100
73057 73058 73059 73060 73061 125255 125256 125257 125258 125259 125260 319829
173628 173629 173630 173631 173632 173633 182259 182260 208690 221557 269983 323296
122105 122107 122108 122109 122110 122111 169823 225085 225086 294724 294725 294726
50732 50734 50735 50736 50737 50738 50739 50740 147970 258407 258408 301691
120394 120395 120396 120397 120398 120399 266015 266016 266017 312534 312535 312536
195260 195261 195262 195263 195264 248716 272743 272744 272745 272747 272748 324740
64283 64284 64285 64286 64287 64288 64289 64290 101285 115335 115336 311489
215468 215469 215470 215471 215472 215473 215474 215475 215476 215477 215478 315255
97124 97125 97126 97127 97129 159140 159141 159142 159143 159144 159146 215233
16309 16310 16311 16312 16313 16314 16315 111551 111552 205831 308215 308216
90767 90768 90769 90770 90771 161361 161362 161363 161364 275343 275344 326779
24999 25000 25001 25002 25005 25006 25007 134552 180286 241738 241739 265753
72957 72958 72959 72960 72961 72962 72963 135135 135136 135137 136244 251591
6865 181878 181879 257318 257319 279655 309854 309855 309856 316029 316030 320880
156548 156549 156551 156552 156553 215562 215563 215564 215565 215566 215567 273441
149500 149501 149502 149503 149504 167171 167172 167173 167175 167176 220289 286486
46776 260601 260602 260603 260604 260605 260606 260607 260608 260612 292149 306234
94998 94999 95000 95001 95002 95003 95004 95005 227072 265166 270559 270560
26200 26201 26202 26203 79623 79624 221014 221015 221016 221017 299101 299102
6629 189812 189813 189814 200840 200841 200842 200843 280949 280950 326957 326958
203063 203064 203065 231914 231915 231916 231917 231918 231919 231920 231921 253944
11349 11350 11351 11352 11353 30202 30204 30205 30206 30207 64127 315597
100202 107302 107303 107304 107305 107306 107307 107308 107309 107310 107311 107312
135928 135929 135930 135931 135932 135933 135934 154193 154194 268066 268067 268068
91576 91577 91579 91580 91581 91582 91583 91584 115578 176800 176801 196306
46292 46293 46294 46295 46296 46297 46298 60413 60414 60415 77731 280693
92454 92455 264451 264452 264453 264454 264455 264456 293893 293894 303197 307853
149094 149095 149096 149097 149098 149099 149100 227416 312748 312749 322558
46657 46658 46659 46660 46661 46662 46663 46664 46665 46666 46667
209174 209175 209176 209177 209178 214737 214738 214739 264909 301975 301976
38315 38316 38317 38318 166916 166917 166918 166919 166920 166921 297779
101582 101583 101584 101585 101586 101587 146320 146321 146322 146323 201249
46163 109378 109379 109380 109381 122767 208559 208560 208561 208562 225783
106965 106966 106967 106968 106969 106970 158077 158078 158079 241740 262787
73511 73512 73513 132649 132650 132651 132652 132653 250596 250597 250598
41292 41293 41294 41295 41296 41297 41298 41299 41300 41301 41302
85461 85462 85463 85464 85465 85466 85467 139448 139449 139450 139451
160876 160877 160878 160879 160880 160881 160882 160883 160884 160885 246593
206400 206401 206402 206403 298127 298128 298129 298130 298131 318149 318150
153624 153625 153626 153627 153628 153630 258521 258522 258523 258524 286356
152673 152674 152675 152676 152677 152678 191886 249623 282243 282244 304702
131447 131448 131449 131450 131451 131452 131453 131454 131455 131456 165833
112714 112716 112717 112718 112719 236654 236655 253838 253839 253840 253841
96846 96847 96848 96849 96850 113670 113671 113672 113673 113674 326715
85015 261083 261084 261085 261087 264228 264229 264230 264231 264232 287099
145989 145990 145991 145992 145993 145994 145995 168300 168301 265854 292957
143821 293228 293229 293230 293231 293232 293233 319956 319957 319958 319959
30303 30304 30305 30306 30307 212080 303397 303398 318284 331203 332942
229701 229702 229703 229704 229705 229706 229707 229708 229709 229710 229711
20450 20451 20452 20453 20456 20457 20458 20461 20462 20463 20464
40489 40490 40491 40492 206559 206560 206561 275122 275123 275124 309511
10275 10276 10277 10278 10279 10280 277905 277906 286649 286650 286651
83156 83157 83158 83159 83160 149993 149994 302099 302100 302101 302102
15609 15610 15611 15612 15613 15614 15615 181619 181620 181622 181623
57773 57774 57775 57776 57777 71697 71698 71699 204660 290274 312238
183561 183562 183563 183564 183565 183566 200393 200394 200402 200403 307450
48580 48581 48582 48584 48585 48586 48587 295268 295269 295270 295271
105894 105895 105896 105897 105898 105899 105900 105901 105902 105903 259035
132195 132196 132197 132198 132199 132200 133310 133311 133312 297511 320796
231826 231827 231828 231829 231830 231831 243697 243698 248381 248382 248383
174055 174056 174057 174058 174059 219172 219173 219174 260087 260088 298073
182325 182326 182327 182328 182329 182330 182331 182332 245844 245845 245846
33320 45586 45587 45588 45589 147197 147198 147199 147200 237702 237703
190714 190715 190716 190717 190718 190719 190720 190721 190722 227905 297023
142094 142095 142096 142097 142098 142099 142100 142101 142102 314131 314132
43600 43601 43602 43603 43604 43605 70968 170807 170808 262577 288047
21009 21010 21011 21012 21013 21014 21015 21016 68016 110785 189155
50155 210902 210903 210904 210905 210906 210907 210908 210909 210910 241564
208859 208860 208861 208862 208864 208865 208866 208867 236536 298144 298145
189116 189117 189118 189119 189120 189121 189122 189123 223694 223695 223696
109982 109983 109984 109985 109986 273339 273340 273341 324500 331439 331440
42594 42595 42596 42598 42599 42601 42602 42603 42604 42605 152345
67550 67551 67552 67553 67554 67555 67556 67557 67558 115866 333429
203436 203437 203438 203439 203440 273327 285732 308650 308651 327796 330369
105982 105983 105984 105985 105986 105987 105988 105990 105991 105993 105994
102768 102769 102770 102771 102772 102773 104171 104172 104173 104174 314423
61082 61083 61084 61085 249487 249488 249489 249490 249491 249492 249493
127673 127674 127675 127676 134176 134177 134178 134179 134180 157019 184163
822 164561 164562 164563 164564 164565 267928 267929 311215 311216 328555
8547 8548 8549 8550 60005 60006 60007 60008 60009 133502
148662 191975 191976 191977 191978 191979 191980 191981 202165 202166
18745 18746 18747 18748 18749 18750 18751 306770 306771 306772
123927 123928 123929 156394 156395 156396 156397 156398 181509 219337
216645 216646 216647 216648 216649 216650 275818 278398 278399 302450
31931 31932 31933 31934 118468 118470 159897 252798 330072 330073
95244 95246 95247 95248 95249 95251 185465 185466 221556 278074
185659 185660 185661 185662 185663 185664 185665 185666 202452 247509
287279 287280 287281 287283 287284 287285 287286 287287 308599 308600
115242 115243 115244 115245 115246 141509 141510 141511 216264 319841
90713 90714 90715 90716 90717 90718 90719 278338 278339 278340
122973 122974 122975 122976 122977 122979 122980 122981 143512 143513
50782 50783 50784 50785 50786 60498 60499 60501 66627 181417
2479 2480 2481 2482 2483 2484 2485 2486 2487 80909
91152 91153 91154 91155 187235 187236 187237 187238 225836 225837
73094 73095 73096 73097 73098 73099 73100 73101 73102 73103
61623 61624 61625 61626 61627 61628 89640 89642 89643 89645
138696 138697 138698 138699 138700 138701 164357 164358 220006 220007
206191 206192 206193 206194 206195 206196 206197 206198 248291 248292
43622 43623 43625 125773 125774 125775 125776 125777 125778 280961
286289 286290 286291 286292 286293 286294 286295 296013 296014 304875
262318 307000 307001 307002 307003 307004 307005 307006 307007 324930
87251 115717 115718 115719 115720 234199 234200 234201 234202 277734
128061 128062 181680 181681 181682 181683 181684 214891 214892 214893
254797 254798 254799 254800 254802 254803 254804 254805 259982 266438
69253 153706 153707 191105 191106 191107 191108 191109 191111 287874
305306 305307 305308 305309 305310 305311 305312 305313 305314 324432
8352 8353 8354 8355 8356 8357 8358 8359 8360 8361
153656 153657 153658 153659 153661 153662 173750 173751 173752 173753
89634 122617 122618 122619 122620 122621 122622 122623 122624 170254
147208 147209 147210 147211 147212 147213 147214 147215 147216 147217
144282 144283 144284 144285 144286 144287 144288 182240 294219 294220
173962 173963 173964 173965 173966 173967 173968 173969 173970 317174
54473 54474 54475 54476 54477 54478 54479 54480 54481 163082
189057 189058 189059 189060 189061 189062 297950 297951 301440 301441
118527 152742 152743 152744 152745 152746 152747 260061 260062 296534
201065 201066 201067 201069 201070 201071 201072 201073 201074 230210
243846 243847 243848 243849 243850 290682 290683 290684 290685 290687
3156 3157 3158 3159 3160 3161 3162 118287 118288 118290
194044 279641 279642 279644 279645 279646 279647 314747 314748 314749
181012 213402 213403 213404 213405 213406 213407 213408 213409 232780
163829 163830 163831 163832 163833 163834 163835 163836 163837 185533
122408 122410 122411 122412 122413 259242 262278 262279 285475 304482
14919 14920 14921 14922 14924 14925 14927 14928 14929 14930
22408 22409 22410 158729 158730 158731 158732 158733 158734 216954
147266 147267 147268 147270 147271 147272 147273 147274 147275 223606
241321 267611 267612 267613 267614 267615 308481 324829 330039 330040
72452 72453 72454 72455 72456 72457 203771 203772 314847 330971
34515 34516 34517 34518 34519 34520 34521 297320 297321 297322
10864 10865 10866 10867 10868 10869 26551 72049 85457 196744
201914 240593 240594 240595 249035 249036 249037 249038 249039 267076
70862 70863 70864 70865 70867 70868 70869 70870 70871 288963
48071 75110 75111 75112 75113 75114 75115 75116 75117 284005
145152 145153 145154 145155 145156 145157 145158 145159 211810 230579
68869 68870 68871 68872 68873 68874 68875 68876 68877 68879
127871 127872 127873 230970 230971 230972 230973 230974 244587 244588
276046 276047 276048 276049 276050 286815 294543 294544 294545 294546
161998 161999 162000 162001 162002 162003 162005 162006 162007 162008
29760 29761 29762 184464 184465 184466 184467 184468 184469 274173
89316 172710 172711 172712 172713 172714 172715 204091 204092
6252 6253 6254 6255 6256 323297 323298 325263 325264
50373 50374 68795 68796 68797 75379 75380 75381 89859
14181 239011 239012 239013 239014 239015 297140 297141 297142
49337 49339 49340 49341 49342 49343 49345 49346 53979
149134 152052 152053 152054 152055 257510 257511 293677 328024
41186 41187 41188 41189 41190 41191 41192 98683 98684
72421 72422 72423 72424 72425 72426 72428 72429 72430
153368 258382 258383 258384 258385 258386 258387 258388 275636
50831 50832 50833 50834 50835 194066 228845 228846 228847
101611 101612 101613 101614 101615 101616 101617 200165 200166
118571 118572 118573 118574 118575 118576 118577 201395 332857
533 534 535 536 537 538 85064 85065 85066
59285 125968 125969 125970 125971 139687 139688 139689 139690
38481 38482 38483 38484 38485 38494 38495 38496 38497
44628 44629 44630 44631 44632 168210 168211 334146 334147
65086 65087 191958 191960 224303 224304 224305 224306 224307
53315 53316 53317 53318 53319 53320 53321 53322 100441
28463 28464 28467 28468 28469 28470 28471 195523 301779
64054 64055 64056 64057 64058 64059 306052 306053
172645 172646 172647 172648 172649 172650 172651 172652 325771
43855 43856 43857 43858 43859 43860 87423 87425 87426
161241 161242 161243 161244 161245 161246 194717 194718 195583
95203 95204 95206 95207 95208 316880 326277 326278 326682
290774 290775 290776 290777 304641 304642 304643 304644 304645
160054 160055 160056 307134 307135 307136 314804 316326 316327
41412 219475 219476 219477 219478 301487 301488 301489 310071
201077 201078 201079 201080 201081 201082 271656 271657 271658
74753 74754 74755 74756 74757 74758 74759 74760 248387
159439 159440 159441 159442 159443 159445 159446 159447 249761
168229 225206 225207 225208 225209 225210 225211 225212 314706
20025 20026 20027 20028 20029 20030 20031 249752 324075
159993 159994 159995 159996 159997 159998 159999 171617 321659
220166 220167 220168 220169 220170 220171 220172 220173 315246
182480 182481 182482 182483 182484 182486 182487 251080 251081
44135 44136 44137 44138 44139 44140 44141 44142 44143
88133 88134 88135 88136 88137 88138 88139 88140 88141
104881 104882 104883 104884 104885 104886 104887 104888 141142
131436 131437 131438 131439 131440 131441 131442 131443 131444
197598 197599 197601 197602 197603 197604 256931 256932 256933
249321 249322 249323 249324 301066 302235 302236 302237 302238
158887 182578 182579 182580 182581 182582 182624 307734 307735
262184 262185 262186 262187 288264 288265 288266 316343 316344
133325 319480 319481 319482 319483 319484 329109 329110 329111
107896 107897 107898 107899 107900 107901 159766 159767 159768
37312 59359 59360 59361 59362 59363 59364 59365 83855
110657 172628 172629 172630 228615 228616 228617 275290 275291
40034 40035 40036 40037 203546 222308 222309 222310 222311
252775 252776 252777 252778 252779 252780 270827 295304 320684
64193 64194 64195 64196 64197 64198 64199 237258 282856
11679 11680 11681 11682 136831 181702 181703 181704 261344
154222 191606 229644 229645 229646 229647 229648 301360 301361
121811 121812 121813 121814 121815 121816 121817 121819 137908
71516 71517 71518 71519 71520 71521 71522 138272 301751
107120 107121 172605 172606 172607 172608 172609 172610 177032
11629 11630 11631 11632 11633 11634 11635 11636 11637
166243 253637 253638 291083 291084 291085 291086 291087 308006
64137 64139 64140 64141 64142 64143 64144 64145 320324
82791 82792 82793 82794 82795 82796 82797 153197 239677
158008 158009 158010 158011 158012 158013 169141 169142 169143
207889 207890 207891 207892 207893 207894 207895 207897
134957 134958 134959 134960 134961 134962 134963 204718
154369 154370 154371 154372 194335 194336 194337 204862
120730 120731 120732 120733 120734 120736 120737 191098
152787 152788 152789 152790 152791 152792 152793 239646
252923 252924 252925 252926 285569 285570 285571 285572
56268 56269 56270 56271 56272 56277 56278 212909
271993 271994 271995 271996 271997 283673 320832 325377
45333 45334 45335 45336 45337 45338 45339 84212
100257 100258 100259 316132 316133 316134 316135 316136
159360 159361 159363 159364 159365 159366 281058 281059
94031 94032 94033 94034 94035 94036 204822 265010
58145 58146 58147 58148 58150 58151 58153 58154
139205 139206 139207 139208 139209 139210 139211 263134
698 700 701 702 704 705 706 707
204314 204315 204316 204317 204318 204319 204320 313042
15782 15783 15784 15785 15786 176590 298245 298246
118302 118304 118305 118306 202822 202823 202824 202825
80589 80590 80591 180187 180188 180189 180190 270111
22401 22402 294895 294896 294897 295843 304899 304900
109090 256211 256212 256213 256214 256215 256216 268684
34303 34304 34305 34306 34307 34308 34355 93344
74077 106870 106871 106872 106873 106874 106875 106876
167094 167095 167096 167097 167098 184763 184764 217387
59656 59657 59658 59659 59660 59661 59662 59663
118079 118080 118081 118082 324490 324491 324492 324493
245636 245637 245638 245639 316742 316743 316744 316745
63828 63829 63830 63831 63832 63833 63834 101242
43955 45980 45981 45982 45983 45984 205641 205642
86026 289384 289385 289386 289387 289389 304380 304381
147530 147531 147532 147533 199888 199889 199890 199891
181824 181825 181826 181827 181828 181829 181830 325445
271556 271557 271558 281357 281358 281359 281360 281361
144256 144257 144258 144259 144260 238871 297499 297500
206468 212406 212407 212408 212409 212410 212411 212412
318072 318073 318074 318075 318076 318077 318078 330469
130059 130060 130061 130062 130063 130064 243366 243367
129801 129802 129803 129804 129805 129806 129807 157773
79437 79438 79439 79440 79441 202369 203700 203701
12853 12854 12855 12856 12857 12858 12859 47961
142861 170966 170967 170968 170969 226536 307387 307388
9543 9544 9545 9546 9547 9548 9549 217335
146545 146546 146547 146548 146549 146550 146551 202717
122704 122705 122706 122707 122708 122709 122710 122711
192084 192085 192086 192087 192088 192089 192164 192165
176308 176309 176310 176311 176312 176313 210614 210615
75825 75826 75827 75828 75829 87774 87775 283667
38486 38488 38489 38490 38491 38492 38493 96765
88081 264858 264859 264860 264861 264862 276881 280411
113421 113422 113423 113424 113425 140881 140882 248874
189929 205209 205210 205211 205212 205213 205214 308364
75791 75792 75793 75794 138504 207819 207820 207821
1690 1691 1692 1693 1694 1695 1696 229798
14807 14808 14809 14810 14811 213823 213824 213825
96411 96412 96413 96414 96416 138783 138784 145212
100223 100224 100225 100226 100227 225479 225480 248615
235656 235657 235658 235659 235660 235661 313372 313373
112278 112279 112280 112281 112282 112283 112284 291008
38615 38616 38617 38618 38619 189017 237026 237027
137548 137549 137550 137551 259220 259221 259222 259223
174009 174010 174011 174012 174013 275628 275629 298946
150440 150441 150442 150443 150444 150445 150446 226002
60943 60944 60945 60946 60947 60948 60949 60951
159617 159618 159619 159620 159621 159622 159623 159624
95486 95487 95488 95490 95491 95492 95493
22892 99999 100000 100001 100002 100003 236137
66295 251768 251769 251770 251771 251772 251773
249345 249346 249347 249348 249349 249350 251316
20770 20772 20773 20774 20775 20776 20777
167988 167989 167990 167991 167992 167993 167994
82865 82866 82867 82868 82869 280067 280068
10485 10486 10487 10488 10490 10491 68765
91427 91428 91429 91430 91431 91432 91433
114911 114912 114913 114914 114915 114917 167391
32287 32288 32289 32290 32291 32292 32293
56057 56058 56059 56060 56062 71938 71939
159716 253659 253660 253661 272462 272463 272464
162473 162474 162475 162476 162477 162478 317833
145012 201474 289282 289634 289635 289636 289637
313110 313111 313112 313113 313114 313115 313119
1713 1714 1715 1716 1717 1718 1719
196251 196252 196253 196254 280219 280220 280221
8176 8177 8179 8180 8181 96405 96406
124298 124299 124300 124301 124302 124303 209659
278696 278697 278698 278699 278700 278701 303111
79797 79798 79799 79800 79801 180148 249874
44011 44012 44013 44014 44015 44016 44017
63415 63416 63417 63418 63419 63420 63421
57996 57997 57998 69890 69891 69892 204948
23512 23513 23514 23515 217104 217105 331290
220068 245197 277407 277408 277409 277410 277411
153475 153476 153477 153478 153479 153480 315820
30610 30611 30612 30613 30614 30615 30616
298953 298954 298955 298956 298957 298958 319495
32882 48575 48576 48577 48578 48579 158939
80585 80586 80587 80588 295448 295449 295450
102196 102197 102198 102199 102200 102201 102202
111982 195962 195963 195964 195965 195966 195967
21131 21132 21133 21134 21135 21136 21138
70891 70892 70893 70894 70895 70896 70931
256370 256371 256372 256373 256374 256375 281120
170104 311356 311357 311358 311359 311360 317813
85199 85200 85201 85202 85203 85204 85205
41810 41811 41812 41813 41814 41815 41816
220087 275949 289205 295132 295133 295134 295135
255057 255058 255059 255060 286184 286185 334357
150218 150219 150220 150223 150224 150225 185222
236377 236378 236379 236380 236382 236383 322447
49191 75266 75267 75268 75269 75270 75271
59497 221830 221831 221832 221833 221834 221835
36936 185945 185946 185947 185948 185949 185950
115938 115939 115940 115941 115942 115943 115944
172580 172581 172582 172583 172584 188357 242612
52075 52076 52077 158133 221631 221632 221633
5724 5725 5726 115073 115074 115075 115076
113841 113842 113843 113844 113845 113846 328602
190645 190647 190648 190649 190650 320862 320863
84216 84217 84218 84219 84220 84221 162953
174125 174126 174127 174128 174129 174130 233087
261362 261363 261364 261365 261407 261408 261411
289432 289433 289434 289435 289436 289437 289438
241764 241765 241766 241767 241768 241769 241770
113109 113111 113112 113113 113114 113115 113116
10171 10172 10173 10174 10175 10176 10177
181785 181786 181787 181788 181789 181790 201026
133801 133802 133803 133804 180760 180761 180762
23558 23559 23560 23561 23562 23563 23564
163164 163165 163166 163167 163168 163169 276865
149594 149595 149596 149597 149598 249404 249405
250423 252011 252012 252013 252014 252015 252016
172368 172370 172371 172372 279872 279873 279874
105866 105867 105868 105869 105870 105871 105872
154544 331033 331034 331035 331036 331037 332205
195072 195073 195074 195077 195078 236436 236437
120105 120111 204165 204166 204167 204168 204169
143465 143466 143467 143468 258369 312329 312330
76283 76284 76285 76286 226836 279514 290869
306810 306811 306812 306813 306814 306815 306816
29380 125920 125921 125922 125923 125924 265939
43821 84641 84642 84643 84644 84645 331740
15711 15712 15713 15714 15715 15716
297296 297297 297298 297299 297300 297301
299581 299582 299583 299584 299585 299586
215645 215646 215647 215648 215649 215650
183320 183321 183322 183323 183324 183325
257352 261204 261205 261206 261207 261208
42267 42268 42269 42270 42271 42272
135029 135030 135031 235358 241644 271602
143408 143410 143411 143412 143413 250561
124052 124053 124054 124055 325155 332939
56435 56436 56437 56438 56439 254098
251195 251196 251197 251198 251199 327314
260355 260356 260357 260358 260359 260431
98212 308778 308779 308780 308781 319179
247937 247938 290342 290343 290344 290345
261095 261096 261097 261098 282832 282833
115841 115842 115843 115844 169921 169922
15758 15759 15760 15761 15762 15763
235580 235581 235582 235583 302403 322242
134036 230736 230737 230738 230739 245388
226120 226122 280386 280387 280388 305827
123291 123292 123293 123294 123295 311140
180362 180364 180365 180366 180367 180368
175275 258778 258780 258781 258782 258783
97398 117381 117382 117383 117384 117385
236298 236299 236300 236301 236302 236303
37836 37837 37838 37839 37840 322133
160153 171999 172001 172002 172003 172004
66145 66146 66147 66148 66149 66150
64809 64810 64811 64812 64813 64814
66337 66338 66339 66340 66341 66342
23139 23140 23141 23142 23143 226988
96593 96594 96595 96596 96597 96598
97452 97453 97454 97455 97456 231668
103257 281635 281636 281637 281638 281639
237899 262120 262121 262122 262123 262124
105006 105007 105008 105009 105010 105011
62124 62126 297703 303505 303506 303507
77886 77887 77888 77889 77890 77891
280935 280936 280938 280939 280940 303384
196196 196198 196199 196200 196201 196202
69971 297671 297672 297673 297674 297675
224770 254156 254157 254158 271636 271637
151494 215967 215968 215969 215970 215971
29146 29147 29148 29149 237852 237853
256180 256181 256182 256183 256184 273705
286790 286792 286793 286794 286795 286796
35098 198519 198520 306924 306925 306926
116718 116719 116720 116721 116722 270020
171259 171260 171261 306982 306983 306984
299992 312082 312083 312084 312085 312086
181334 181335 181336 181337 181339 181340
263312 263313 263314 263315 263316 263317
96566 96567 96568 96569 96570 96571
140585 140587 169618 169619 169620 169621
99094 99095 99096 99097 107884 107885
138429 242571 242572 242573 242574 242575
103779 103780 103781 103782 103783 216276
57139 57140 57141 57142 57143 57144
213595 213596 213597 213598 213599 213600
90679 90680 90681 90682 90683 90684
236604 236605 236606 236607 236608 293795
134763 134764 134765 155924 155925 155926
89318 89319 89320 89321 89322 89323
52600 52601 52602 52603 52604 88364
270420 270421 331812 331813 331814 331815
83865 83866 83867 83868 83869 83870
235603 303605 303606 303607 303608 303609
188491 188492 188493 188494 188495 273224
64015 81840 81841 81842 81843 278805
270553 313027 313028 313029 313870 313871
29790 231821 231822 231823 253813 253814
135613 135614 135615 135616 135617 135618
58756 58757 58758 58759 58760 281026
120601 120602 120603 120604 120605 120606
100495 100496 100497 100498 100499 277386
53007 53008 53009 53011 53012 53013
99263 99264 99266 99268 99269 99270
49856 49857 49858 49859 49861 49863
94071 94072 94073 94074 251083 251084
142504 142505 142506 142508 142510 142511
26389 26390 26391 26392 26393 259563
53108 215068 215069 215070 215071 282963
49592 49593 49594 49595 49596 49597
268978 273756 273757 273758 273759 273760
42349 42351 42353 42354 42355 129472
124952 124953 124954 124955 124956 203750
32523 32524 32525 32526 32527 32528
24019 24020 24021 24022 24023 24025
255989 255990 255991 255992 255993 255994
196586 196587 196588 196589 288865 288866
98767 98768 98769 98770 98771 98772
85556 85557 85558 85559 108871 220479
93174 93175 93176 93177 93178 93179
43237 43238 43239 43240 43241 229939
220701 300916 300917 300918 300919 300920
133839 133840 133841 133842 133843 133844
217672 217673 217674 217675 217676 305327
143253 143254 143255 143256 143257 143258
66241 66242 66243 66244 66245 66246
225562 225563 225564 225565 225566 225567
206205 206206 206207 206209 206210 206211
98741 298231 298232 298233 298234 298235
112785 159382 234976 234977 234978 298513
102699 102700 102702 102703 102704 330704
232404 232405 232406 291073 291074 321644
180292 180293 180294 180295 180296 328546
80343 80344 80345 80346 80347 80348
234688 234689 234690 234691 234692 308709
133159 133160 133161 133162 133163 133164
26043 26044 26045 26046 26048 26049
131236 274915 274916 274917 274918
275691 291359 291360 291361 291362
8629 8631 71673 71674 71675
237109 237110 237111 237112 237113
43409 43410 43411 43412 43413
80734 80735 80736 80737 194789
192493 308406 308407 308408 308409
44646 44647 44648 44649 44650
213058 213059 213060 213061 213062
286296 300186 300187 300188 300189
174861 174862 174863 329811 331272
103483 103484 103486 103487 103488
39523 39524 39526 39527 39528
102210 102211 102212 102213 102214
11759 11760 11761 11762 11763
235498 254344 254345 254346 254347
244165 244166 244167 244168 296415
20707 309444 309445 309446 309447
230874 230875 230876 230877 230878
3770 3771 3772 3773 291897
141661 141662 141663 141664 141665
19706 19707 19708 19709 184719
216640 216641 216642 216643 216644
114750 114751 114752 114753 114754
253945 253946 253947 253948 253949
287743 287744 287745 287746 287747
154572 154573 154574 154575 154576
3959 3961 312496 312497 312498
277895 277896 277897 277898 277899
104926 104927 104928 104929 104930
242392 242393 242394 242395 242396
147731 147732 147733 147735 147736
255867 255868 255869 255870 255871
90952 90953 90954 90955 90956
13587 85194 85195 85196 188205
148320 264123 264124 264125 264126
211805 211806 211807 211808 211809
277361 291679 291680 291681 291682
52845 52846 52847 52848 52849
252282 252283 252284 252286 252287
288183 288184 288185 288186 288187
15682 15683 15685 15686 15689
45595 45596 45597 45598 45599
261957 261958 261959 261960 261961
23841 23842 23843 23844 23845
158747 186054 186055 186056 186057
218074 218075 218076 218077 218078
183061 318229 318230 318231 318232
11177 11178 11179 11180 204968
282390 282391 282392 282393 282394
148094 148095 148096 332779 332780
230719 230720 230721 230722 305027
52994 52995 52996 52997 52998
226819 226820 226821 226822 226823
239584 297041 297042 297043 305696
110453 110454 110455 110456 110457
52900 52901 52902 52903 52904
28549 28550 28551 28552 28553
290140 290141 290142 290143 290144
41113 41114 41115 41116 41118
39755 39756 39758 39759 39760
37935 37936 37937 315907 315908
237158 292663 292664 292665 327373
13290 13291 13292 13293 13294
79194 79195 79196 79197 79198
113765 113766 113767 113768 331621
79466 252641 252642 252643 252644
175536 175537 175538 175539
230757 230758 230759 230760
150465 150466 150467 150468
124247 124248 124249 124250
237708 237709 237710 237711
124166 234135 234136 234137
288596 288597 288598 288599
198860 198861 198862 198863
263531 263532 263533 263534
317960 328958 328959 331680
41242 41243 41244 41245
248347 248348 248349 248350
192968 322978 322979 322980
164880 164881 164882 164883
59190 174200 174201 174202
228417 228418 228419 228420
193620 193621 193622 311298
296235 296236 296237 296238
117739 117740 117741 117742
182085 184440 184441 184442
43152 43153 43154 43155
133982 133983 133984 133985
90818 90819 90820 90821
186725 186726 186727 186728
280157 280158 280159 319826
175878 188100 188101 188102
188616 282669 282670 282671
129086 129087 129088 129089
292624 292625 292626 292627
180957 180958 180959 180960
294038 294039 294040 294041
102215 102216 102217 102218
174164 174165 174166 174167
1730 1731 1732 1733
163981 163982 163983 234979
165919 165920 165921 165922
284906 284907 284908 284909
269179 269180 269181 269182
203577 203578 203579 203580
286193 286194 286195 286196
271177 271178 271179 315928
297319 301580 301581 301582
316929 316930 316931 316932
290974 290975 290976 290977
181094 267844 267845 267846
88119 88121 88122 146929
77517 77518 77519 77520
170561 170562 170563 285461
89437 89439 89440 89441
64943 64944 64945 64946
133902 209266 209267 209268
289227 291823 291824 291825
77149 77150 77151 77152
179157 288381 288382 288383
28032 307012 307013 307014
246599 246600 246601 246602
264249 264250 264251 264252
230439 301085 301086 322320
227832 227833 227834 227835
258448 258449 258450 258451
236625 236626 236627 236628
280883 294977 294978 294979
242764 242765 242766 242767
165715 165716 165717 165718
102066 102067 102068 102069
113129 129558 129559 129560
256451 276317 276318 276319
144492 144940 144941 316852
101271 140596 140597 140598
108397 108398 108399 326935
179525 240020 240021 240022
215557 215558 215559 215560
156775 156776 156777 156778
3364 3365 3366 3367
187012 187013 187015 187016
136515 136516 136517 332751
302131 302132 302133 302134
212238 266876 266877 291530
191492 191493 191494 191495
324274 324275 324276 324277
15830 15831 15832 15833
128392 128393 128394 128396
24106 24107 24108 24109
67112 67113 67114 298113
298779 298780 298781 298782
152134 152135 152136 273078
83471 83472 83473 83475
248187 248188 248189 269200
45924 45925 45926 45927
331058 331059 331060 331645
182196 182197 182198 329998
188723 272962 272963
222243 222244 222245
251630 251631 251632
281341 281342 281343
31557 31558 31559
195492 306306 306307
302502 302503 302504
260443 272393 272394
203956 279540 279541
303474 305822 305823
209985 209986 209987
252848 252849 252850
120773 120774 120775
137362 137363 137364
97483 97484 97485
329029 333124 333125
204721 332267 332268
286302 286303 286304
313840 327186 327187
305359 305360 305361
284006 284008 284009
293483 293484 293485
292531 292532 292533
47569 47570 47571
166464 166465 166466
227199 227200 227201
21052 21053 21054
270694 270695 270696
202528 202529 202530
171025 171026 171027
334065 334066 334067
58638 58639 58640
39533 111154 111155
310379 310380 310381
173444 173445 173446
323850 323851 323852
235831 235832 235834
57611 57612 57613
158961 158962 158963
36788 331222 331223
297395 297396 297397
304999 314458 314459
276555 276556 276557
280871 280872 280873
89385 89386 89387
155435 155436 155437
318692 318694 318695
243459 308030 308031
108058 214028 214029
249609 249610 249611
17816 17817 17818
62570 235067 235068
103818 299250 299251
242116 242117 242118
316651 316652 316653
113342 113343 113344
256557 275324 275325
231154 231155 231156
196318 196319 196320
181387 311571 311572
180331 180332 180333
328633 328634 328635
206260 206261 206262
175406 175407 175408
167474 167475 167476
242104 242105 242106
320680 320681 320682
255075 255076 255077
256416 256417 256418
134487 134488 134489
187004 187005 187006
265401 265402 265403
257355 257356 257357
275863 275864 275865
106837 106838 106839
31248 31249 31250
69008 162783 162784
177354 177355 177356
149210 149211 149212
105945 105947 105948
256439 256440 256441
266563 266564 266565
245463 245464 245465
166902 166903 166904
122860 122861 122862
129315 129316 129317
30122 30123 30124
254007 254008 254009
59571 59573 59574
39373 39374 39375
178168 178169 178170
303683 303684 303685
306861 306862 306863
297135 328910 328911
275336 275337 275338
278605 278606 278607
133072 133073 133074
137688 137689 137690
181791 181792 181794
294833 294834 294835
187373 187374 187375
270934 321172 321173
175618 307925 307926
298700 298701 298702
126798 268478 268479
319719 319720 319721
322245 322246 322247
299546 299547 299548
153961 153963 153964
167174 235065 235066
326205 326206 326207
201493 201494 201495
325092 331860 331861
300240 300241 300242
130795 130796 130797
103789 103790 103791
47809 47810 47811
192038 241395 241396
74620 74621 74622
180217 180218 180219
255690 255691 255692
318038 323099 323100
50888 50889 50890
58341 150447 150448
139697 139698 139699
148697 148698 148699
129978 129979 129980
45717 45718 45719
300363 300364 300365
318399 318400 318401
280091 323829 323830
143061 143062 143063
128748 128749 128750
189471 189473 189474
278067 278068 278069
91742 91744 91745
298164 327346 327347
331717 331718 331719
250203 330824 330825
75279 285686 285687
227357 333508 333509
173364 173365 173366
240880 240881 240882
311245 311246 311247
22867 225753 225754
249468 249469 249470
224873 289211 289212
94490 94491 94493
117737 225323 225324
303120 303121 303122
113519 269665 269666
115600 115601 115603
30682 30683 30684
321846 321847 321848
261040 324109 324110
258660 258661 258662
201633 201634 201636
175979 330194 330195
208472 208473 208474
